Name,Set code,Set name,Collector number,Foil,Rarity,Quantity,ManaBox ID,Scryfall ID,Purchase price,Misprint,Altered,Condition,Language,Purchase price currency,Added
Swamp,CMM,Commander Masters,445,foil,common,1,84530,7c71891b-9980-4b71-8301-e92288d33235,0.73,false,false,near_mint,en,EUR,2026-06-24T09:22:33.877Z
Carrion Grub,DSC,Duskmourn: House of Horror Commander,134,normal,uncommon,1,99212,74228c50-01d4-4712-9b1d-9c6e8552051d,0.2,false,false,near_mint,en,EUR,2026-06-24T09:23:11.632Z
Reliquary Tower,CMM,Commander Masters,663,normal,uncommon,2,84969,df2370ea-9bb8-496f-aaf5-f0bb3bb55f9b,5.04,false,false,near_mint,en,EUR,2026-06-24T09:23:11.631Z
Knight-Captain of Eos,PLST,The List,ALA-17,normal,rare,1,83917,515134fa-93eb-4f36-8e88-1f7611855cb5,1.76,false,false,near_mint,en,EUR,2026-06-24T09:25:50.483Z
Terramorphic Expanse,CMM,Commander Masters,428,foil,common,1,84677,a04f0013-097c-46ec-9424-d5f417e6a9cf,0.19,false,false,near_mint,en,EUR,2026-06-24T09:25:50.482Z
"Krenko, Mob Boss",RVR,Ravnica Remastered,114,normal,rare,1,89757,7d00007d-6878-44e9-ab0d-396c25655e56,1.41,false,false,near_mint,en,EUR,2026-06-24T09:25:50.480Z
"Subira, Tulzidi Caravanner",CMM,Commander Masters,261,normal,uncommon,1,84941,da62b97e-e4cd-462d-9ab9-2230ca360c32,0.2,false,false,near_mint,en,EUR,2026-06-24T09:25:50.479Z
"Tetsuko Umezawa, Fugitive",BLC,Bloomburrow Commander,177,normal,uncommon,1,96203,21625c5c-7a9c-498d-afb6-ea57dea33fc6,0.13,false,false,near_mint,en,EUR,2026-06-24T09:25:50.478Z
Feast of Succession,CMM,Commander Masters,158,normal,uncommon,1,84494,73f15c50-cfb2-4567-bad5-3d18a2d7d0aa,0.09,false,false,near_mint,en,EUR,2026-06-24T09:25:50.477Z
Skyline Despot,CMM,Commander Masters,254,normal,uncommon,1,84349,4e080dc5-361e-4e0b-b0d6-9ca060edceed,0.42,false,false,near_mint,en,EUR,2026-06-24T09:25:50.476Z
Serrated Scorpion,CMM,Commander Masters,185,normal,common,1,84511,78509763-4bb8-4030-b205-76917de75c57,0.16,false,false,near_mint,en,EUR,2026-06-24T09:25:50.475Z
Nadier's Nightblade,BLC,Bloomburrow Commander,184,normal,uncommon,1,96432,b533e358-3b30-4719-a2a3-13fb9ea817c6,0.19,false,false,near_mint,en,EUR,2026-06-24T09:25:50.474Z
Impulsive Pilferer,CMM,Commander Masters,234,normal,common,1,84750,aea2e32d-d711-40ae-87d5-c16893bfc8ca,0.16,false,false,near_mint,en,EUR,2026-06-24T09:25:50.473Z
Supernatural Stamina,CMM,Commander Masters,188,normal,common,1,84181,2b349b4b-f08d-45e8-81f6-3467a02e6d23,0.19,false,false,near_mint,en,EUR,2026-06-24T09:25:50.472Z
Cadaver Imp,CMM,Commander Masters,141,normal,common,1,85039,f06ab823-9591-460d-a896-3073d9843df0,0.14,false,false,near_mint,en,EUR,2026-06-24T09:25:50.471Z
Reality Shift,CMM,Commander Masters,634,normal,uncommon,1,84726,aa9fe9db-21c0-405b-b10e-11cb08e6a8fb,0.49,false,false,near_mint,en,EUR,2026-06-24T09:30:46.822Z
Sword of the Animist,CMM,Commander Masters,413,normal,rare,1,84430,64401acc-d080-4763-b67a-95164c11c69e,5.69,false,false,near_mint,en,EUR,2026-06-24T09:30:46.821Z
Divergent Transformations,CMM,Commander Masters,216,normal,rare,1,84687,a1cd7456-71dd-463f-98a2-2d6a9cfb7395,0.37,false,false,near_mint,en,EUR,2026-06-24T09:30:46.820Z
"Freyalise, Llanowar's Fury",CMM,Commander Masters,290,normal,rare,1,84364,52311be7-b484-4b14-a091-904c6b0c83d1,2.27,false,false,near_mint,en,EUR,2026-06-24T09:30:46.819Z
"Molimo, Maro-Sorcerer",CMM,Commander Masters,305,normal,uncommon,2,84456,6c5d3eba-e456-47c2-992b-a97ba66e9676,0.09,false,false,near_mint,en,EUR,2026-06-24T09:30:46.818Z
Loyal Guardian,CMM,Commander Masters,304,normal,uncommon,1,84019,08edd941-5ecc-4015-bd5d-e2eebfbf2ba6,0.16,false,false,near_mint,en,EUR,2026-06-24T09:30:46.817Z
Loyal Subordinate,CMM,Commander Masters,172,normal,uncommon,1,84103,1949469a-faa5-4bff-8b0f-0a1bc7ca87da,0.24,false,false,near_mint,en,EUR,2026-06-24T09:30:46.816Z
Loyal Unicorn,CMM,Commander Masters,40,normal,uncommon,1,84825,c1d7203b-55ed-4d08-ac2e-2c4b4b93c274,0.18,false,false,near_mint,en,EUR,2026-06-24T09:30:46.815Z
Unstable Obelisk,CMM,Commander Masters,416,normal,common,2,84634,94eba26e-7c9e-46f3-ad13-aa684f3365cb,0.09,false,false,near_mint,en,EUR,2026-06-24T09:30:46.814Z
Haunted Cloak,CMM,Commander Masters,389,normal,common,2,84733,abffd0a3-ea7a-43cf-b92d-d9f436bef58e,0.14,false,false,near_mint,en,EUR,2026-06-24T09:30:46.813Z
Vulshok Battlegear,CMM,Commander Masters,418,normal,common,2,84559,8363acf3-eff9-4f57-8b8a-683256d279e0,0.08,false,false,near_mint,en,EUR,2026-06-24T09:30:46.812Z
Darksteel Ingot,CMM,Commander Masters,378,normal,common,2,84758,afc439e0-59a8-4eb3-ac54-ab908c4ec50b,0.21,false,false,near_mint,en,EUR,2026-06-24T09:30:46.811Z
Brass Knuckles,CMM,Commander Masters,372,normal,common,2,84428,63f4448c-a946-45a3-9bce-0d82105e7cc1,0.12,false,false,near_mint,en,EUR,2026-06-24T09:30:46.810Z
Command Tower,CMM,Commander Masters,659,normal,common,1,84150,24179418-d92c-43eb-a8f6-b8ea83f8c80f,1.24,false,false,near_mint,en,EUR,2026-06-24T09:30:46.809Z
Plains,CMM,Commander Masters,438,normal,common,1,84771,b3344d18-e7b6-43ad-ab59-9ceaf49269f7,0.53,false,false,mint,en,EUR,2026-06-24T09:30:46.808Z
Aether Snap,PLST,The List,DST-37,normal,rare,1,81629,41f0bd4c-ecfd-402e-a7a6-5e48309ae80b,0.21,false,false,near_mint,en,EUR,2026-06-24T09:38:35.455Z
Legion Vanguard,CMM,Commander Masters,170,foil,common,1,84064,11ea9ea5-acf1-4980-b7e5-083da455adb0,0.17,false,false,near_mint,en,EUR,2026-06-24T09:38:35.454Z
Verdant Confluence,CMM,Commander Masters,329,normal,rare,1,84354,512f3b28-ea20-4bad-8fab-5996e0fc1b62,0.27,false,false,near_mint,en,EUR,2026-06-24T09:38:35.453Z
Treasure Nabber,CMM,Commander Masters,265,normal,rare,1,84412,5facc43f-f865-45ad-888b-398f6e07b947,1.95,false,false,near_mint,en,EUR,2026-06-24T09:38:35.452Z
"Lorthos, the Tidemaker",CMM,Commander Masters,103,normal,rare,2,84411,5f7a64cf-3c7a-4dfc-ae44-8413def80ce2,0.21,false,false,near_mint,en,EUR,2026-06-24T09:38:35.451Z
"Raff Capashen, Ship's Mage",CMM,Commander Masters,351,normal,uncommon,3,84848,c681e33b-3d60-4aaa-8186-51866d8b79d1,0.13,false,false,near_mint,en,EUR,2026-06-24T09:38:35.450Z
"Slimefoot, the Stowaway",CMM,Commander Masters,356,normal,uncommon,2,84875,cb12173d-3afb-4e8b-b612-fa7737a8c6c2,0.13,false,false,near_mint,en,EUR,2026-06-24T09:38:35.449Z
Aether Gale,CMM,Commander Masters,72,normal,uncommon,1,84515,792ebc50-909f-4b81-a2cd-0da1ba36a0d3,0.18,false,false,near_mint,en,EUR,2026-06-24T09:38:35.448Z
Rise from the Tides,CMM,Commander Masters,117,normal,uncommon,1,84930,d6378465-0f28-46b6-8464-ff57b77d50e8,0.08,false,false,near_mint,en,EUR,2026-06-24T09:38:35.447Z
Slice and Dice,CMM,Commander Masters,255,normal,uncommon,1,84946,dad077c9-abc7-4296-a5d1-9441aa6c38c0,0.09,false,false,near_mint,en,EUR,2026-06-24T09:38:35.446Z
Ancestral Blade,CMM,Commander Masters,12,normal,common,1,84153,24705dee-027c-42a2-8505-66c0a34a4a58,0.12,false,false,near_mint,en,EUR,2026-06-24T09:38:35.445Z
All That Glitters,CMM,Commander Masters,9,normal,common,1,84413,5fc0b82a-f943-4330-b9e7-bb4527354bfd,0.34,false,false,near_mint,en,EUR,2026-06-24T09:38:35.444Z
Abrade,CMM,Commander Masters,203,normal,common,1,84826,c1d9e279-61c1-4567-9f54-50a7138fb36d,0.16,false,false,near_mint,en,EUR,2026-06-24T09:38:35.443Z
Heart-Piercer Bow,CMM,Commander Masters,390,normal,common,1,84770,b26a42c6-fc98-4993-891c-7ac6a0735543,0.08,false,false,near_mint,en,EUR,2026-06-24T09:38:35.442Z
Commander's Sphere,CMM,Commander Masters,655,normal,common,1,84356,516692b8-fbaf-4698-864b-5363aafc95b9,0.24,false,false,near_mint,en,EUR,2026-06-24T09:38:35.441Z
Island,CMM,Commander Masters,442,normal,common,2,84833,c3b28bdb-e0d1-4d24-8199-8cd7ac12c30f,0.2,false,false,near_mint,en,EUR,2026-06-24T09:38:35.440Z
Ainok Bond-Kin,CMM,Commander Masters,7,foil,common,1,84440,6956c523-507c-4256-88b8-58a8a108c79f,0.15,false,false,near_mint,en,EUR,2026-06-24T09:51:59.087Z
Idol of Oblivion,CMM,Commander Masters,392,normal,rare,1,84551,8235349d-0f92-4af4-ab8d-2f645fe32934,1.11,false,false,near_mint,en,EUR,2026-06-24T09:51:59.086Z
Puresteel Paladin,CMM,Commander Masters,51,normal,rare,1,84938,d8f8a324-006d-4cb8-9816-620a603b4229,1.17,false,false,near_mint,en,EUR,2026-06-24T09:51:59.085Z
"Zacama, Primal Calamity",CMM,Commander Masters,365,normal,rare,1,84939,d9224660-d547-4373-8493-42ffb364ee0b,1.03,false,false,near_mint,en,EUR,2026-06-24T09:51:59.084Z
"Gorex, the Tombshell",CMM,Commander Masters,164,normal,uncommon,2,84067,12615d0d-e38c-4e7b-918e-33e88299d1f9,0.18,false,false,near_mint,en,EUR,2026-06-24T09:51:59.083Z
Loyal Apprentice,CMM,Commander Masters,240,normal,uncommon,1,84639,95a692fb-7ef7-4fae-b258-8719711cf38c,0.27,false,false,near_mint,en,EUR,2026-06-24T09:51:59.082Z
Forebear's Blade,CMM,Commander Masters,384,normal,uncommon,1,84156,2570fb88-358f-4f36-87e3-d8375824d126,0.23,false,false,near_mint,en,EUR,2026-06-24T09:51:59.081Z
Efficient Construction,CMM,Commander Masters,88,normal,uncommon,1,84753,af4d2f70-816c-4410-b3a3-9b9a4b69df52,0.43,false,false,near_mint,en,EUR,2026-06-24T09:51:59.080Z
Legion Vanguard,CMM,Commander Masters,170,normal,common,1,84064,11ea9ea5-acf1-4980-b7e5-083da455adb0,0.02,false,false,near_mint,en,EUR,2026-06-24T09:51:59.079Z
Blood Aspirant,CMM,Commander Masters,208,normal,common,1,84007,075947cd-2e06-486a-83a7-97321445a679,0.12,false,false,near_mint,en,EUR,2026-06-24T09:51:59.078Z
Makeshift Munitions,CMM,Commander Masters,242,normal,common,1,84414,60715b6d-b223-431a-85d8-27d7c05469b2,0.18,false,false,near_mint,en,EUR,2026-06-24T09:51:59.077Z
Demon's Disciple,CMM,Commander Masters,149,normal,common,1,84884,cc7f2ce1-b442-4051-b1fe-90efde9bc181,0.33,false,false,near_mint,en,EUR,2026-06-24T09:51:59.076Z
Ministrant of Obligation,CMM,Commander Masters,43,normal,common,1,84205,30d9c9db-28a0-47fa-b561-6040e47c2392,0.14,false,false,near_mint,en,EUR,2026-06-24T09:51:59.075Z
"Tatyova, Benthic Druid",CMM,Commander Masters,687,normal,uncommon,2,84280,402f8d9d-422a-43c8-903e-9b3e87142bb3,0.64,false,false,near_mint,en,EUR,2026-06-24T09:51:59.074Z
Plains,CMM,Commander Masters,439,normal,common,1,84949,db3036bd-95f0-403f-a6ba-b3b05f81a3c9,0.17,false,false,near_mint,en,EUR,2026-06-24T09:51:59.073Z
Path of Ancestry,CMM,Commander Masters,423,foil,common,1,84289,42522c12-874e-450f-bdea-901646eb2821,0.17,false,false,near_mint,en,EUR,2026-06-24T09:55:38.586Z
Bribery,CMM,Commander Masters,77,normal,mythic,1,84328,49fd737a-d7da-421b-a741-d6d0d213299f,4.66,false,false,near_mint,en,EUR,2026-06-24T09:55:38.585Z
Balefire Dragon,CMM,Commander Masters,207,normal,mythic,1,84238,37def363-c431-43b4-8c5f-933941507681,12.87,false,false,near_mint,en,EUR,2026-06-24T09:55:38.584Z
Mizzix of the Izmagnus,CMM,Commander Masters,348,normal,rare,1,84556,82f949d0-41a0-4491-9057-bfb2bb20bdb3,0.45,false,false,near_mint,en,EUR,2026-06-24T09:55:38.583Z
Isareth the Awakener,CMM,Commander Masters,168,normal,uncommon,2,84926,d5de9b95-1c20-4d1a-be7d-4307ec2803ba,0.09,false,false,near_mint,en,EUR,2026-06-24T09:55:38.582Z
Elite Scaleguard,CMM,Commander Masters,22,normal,uncommon,1,84902,d0ca5bcc-f49f-4370-9f95-031836bb771b,0.09,false,false,near_mint,en,EUR,2026-06-24T09:55:38.581Z
Fencing Ace,CMM,Commander Masters,23,normal,uncommon,1,84649,994094f8-e175-4e2e-aa39-c096f0ed9e6a,0.05,false,false,near_mint,en,EUR,2026-06-24T09:55:38.580Z
Fierce Empath,CMM,Commander Masters,288,normal,common,1,84776,b4a8684b-5164-4313-ab3e-4c5b4f52bc7e,0.14,false,false,near_mint,en,EUR,2026-06-24T09:55:38.579Z
Gavony Silversmith,CMM,Commander Masters,25,normal,common,1,85007,e8d78a93-1a9f-4bc1-82b4-d3434367d27b,0.02,false,false,near_mint,en,EUR,2026-06-24T09:55:38.577Z
Supply Runners,CMM,Commander Masters,63,normal,common,1,84986,e41cbc3b-a2e9-4a14-a603-581413bc0b17,0.12,false,false,near_mint,en,EUR,2026-06-24T09:55:38.576Z
Ainok Bond-Kin,CMM,Commander Masters,7,normal,common,1,84440,6956c523-507c-4256-88b8-58a8a108c79f,0.1,false,false,near_mint,en,EUR,2026-06-24T09:55:38.575Z
Knighted Myr,CMM,Commander Masters,36,normal,common,1,84947,db0489ee-96b6-4437-a716-ee07ecbd4cb7,0.13,false,false,near_mint,en,EUR,2026-06-24T09:55:38.574Z
Command Tower,CMM,Commander Masters,659,normal,common,2,84150,24179418-d92c-43eb-a8f6-b8ea83f8c80f,1.25,false,false,near_mint,en,EUR,2026-06-24T09:55:38.573Z
Mountain,CMM,Commander Masters,447,normal,common,2,84638,95315204-a5f7-4d20-bda3-957029da29fe,0.43,false,false,near_mint,en,EUR,2026-06-24T09:55:38.572Z
Phyrexian Germ,TCMM,Commander Masters Tokens,16,normal,common,1,85088,fc375fe9-e8aa-4b7d-b439-a67c0b61beaf,,false,false,near_mint,en,EUR,2026-06-24T09:58:59.045Z
Satyr,TCMM,Commander Masters Tokens,29,normal,common,1,84325,49bdae00-bcbd-4238-87d6-7e12ff7ffd83,0.12,false,false,near_mint,en,EUR,2026-06-24T09:58:59.044Z
Bird,TCMM,Commander Masters Tokens,4,normal,common,1,84255,3b7ca733-6947-4e09-953e-d8b37b799e6a,0.78,false,false,near_mint,en,EUR,2026-06-24T09:58:59.043Z
Zombie,TCMM,Commander Masters Tokens,19,normal,common,1,84343,4cf9feeb-23c3-4c3b-bc04-f50380d20197,,false,false,near_mint,en,EUR,2026-06-24T09:58:59.042Z
Ram Through,CMM,Commander Masters,314,foil,common,1,84298,44063a90-e4cf-4bcd-a128-792de15371a7,0.61,false,false,near_mint,en,EUR,2026-06-24T09:58:59.041Z
Rune-Scarred Demon,CMM,Commander Masters,184,normal,rare,1,84039,0c9d67da-4fc9-4d4a-95e4-0303c5404705,0.71,false,false,near_mint,en,EUR,2026-06-24T09:58:59.040Z
Avatar of Slaughter,CMM,Commander Masters,206,normal,rare,1,84865,c93dd6cc-53e8-4c67-8838-180b19f02088,0.21,false,false,near_mint,en,EUR,2026-06-24T09:58:59.039Z
Ogre Slumlord,CMM,Commander Masters,177,normal,rare,1,84148,2373e57c-01bb-4d49-94ad-b9ff75335cb7,0.58,false,false,near_mint,en,EUR,2026-06-24T09:58:59.038Z
"Azusa, Lost but Seeking",CMM,Commander Masters,274,normal,rare,1,84198,2fe97fbe-a6d6-4e96-8c26-f81bcdf579a1,8.08,false,false,near_mint,en,EUR,2026-06-24T09:58:59.037Z
"Oviya Pashiri, Sage Lifecrafter",CMM,Commander Masters,311,normal,uncommon,2,84786,b7938b15-7585-43fb-897f-a57e820665b3,0.16,false,false,near_mint,en,EUR,2026-06-24T09:58:59.036Z
Pathrazer of Ulamog,CMM,Commander Masters,4,normal,uncommon,1,84866,c9b1d4d8-7df9-41e0-b2d9-dbca9c9f6994,0.77,false,false,near_mint,en,EUR,2026-06-24T09:58:59.035Z
Final Parting,CMM,Commander Masters,160,normal,uncommon,2,84635,94f24b7c-4952-4abc-aaba-22a529012468,0.43,false,false,near_mint,en,EUR,2026-06-24T09:58:59.034Z
Staunch Throneguard,CMM,Commander Masters,412,normal,common,2,84927,d60160a6-8786-4488-b373-6599221341e5,0.1,false,false,near_mint,en,EUR,2026-06-24T09:58:59.033Z
Explorer's Scope,CMM,Commander Masters,380,normal,common,2,84815,be120499-fe2f-4c21-982c-566d0dbbddff,0.11,false,false,near_mint,en,EUR,2026-06-24T09:58:59.032Z
Prophetic Prism,CMM,Commander Masters,404,normal,common,2,84457,6cbd46d2-b4f2-48d0-a1c4-87ea625ec8bc,0.13,false,false,near_mint,en,EUR,2026-06-24T09:58:59.031Z
Prismatic Lens,CMM,Commander Masters,403,normal,common,2,85107,ff8768a5-eba6-4585-a59b-19d1036cbfc0,0.23,false,false,near_mint,en,EUR,2026-06-24T09:58:59.030Z
Bonder's Ornament,CMM,Commander Masters,370,normal,common,2,84588,89486719-4aba-4465-986b-fecbe4d409a1,0.34,false,false,near_mint,en,EUR,2026-06-24T09:58:59.029Z
Fact or Fiction,CMM,Commander Masters,631,normal,uncommon,1,85098,fdf26a2f-376e-4437-b2b4-78f8c512fb13,0.38,false,false,near_mint,en,EUR,2026-06-24T09:58:59.028Z
Island,CMM,Commander Masters,440,normal,common,2,84813,bdb63d4b-0bca-4b8e-bed0-0dc29ad0bac3,0.4,false,false,near_mint,en,EUR,2026-06-24T09:58:59.027Z
Elemental,TCMM,Commander Masters Tokens,26,normal,common,1,84919,d461a38d-761b-47bb-b49d-1b2522cf2f6e,0.38,false,false,near_mint,en,EUR,2026-06-24T10:02:04.777Z
Dread Return,CMM,Commander Masters,153,foil,common,1,84222,34a87901-98bb-41dd-b566-bcb510c20022,0.46,false,false,near_mint,en,EUR,2026-06-24T10:02:04.776Z
Bloodspore Thrinax,CMM,Commander Masters,276,normal,rare,1,84470,6efe9126-15ba-468e-a15a-7f9cbb779cf6,0.31,false,false,near_mint,en,EUR,2026-06-24T10:02:04.775Z
"Purphoros, God of the Forge",CMM,Commander Masters,246,normal,mythic,1,84313,4736a2c4-c89c-48db-a104-6303e7e2eee8,23.47,false,false,near_mint,en,EUR,2026-06-24T10:02:04.774Z
"Pianna, Nomad Captain",CMM,Commander Masters,50,normal,uncommon,1,84619,90ebb129-aa8d-4107-8e74-0b04525d76e0,0.13,false,false,near_mint,en,EUR,2026-06-24T10:02:04.773Z
"Teshar, Ancestor's Apostle",CMM,Commander Masters,65,normal,uncommon,1,85004,e8a9b45b-d466-4c06-9a25-6edb6e8f6f2f,0.19,false,false,near_mint,en,EUR,2026-06-24T10:02:04.772Z
Coveted Peacock,CMM,Commander Masters,82,normal,uncommon,1,84085,15935478-c2e1-4fb5-b6ba-0969ea5a0e81,0.07,false,false,near_mint,en,EUR,2026-06-24T10:02:04.771Z
Phyrexian Ingester,CMM,Commander Masters,111,normal,uncommon,1,84477,6fcefb3c-2581-4dfa-96c5-36a17d762526,0.17,false,false,near_mint,en,EUR,2026-06-24T10:02:04.770Z
Thorn of the Black Rose,CMM,Commander Masters,190,normal,common,1,84777,b4b266e2-1cad-40df-bc0e-3e1464b299b3,0.13,false,false,near_mint,en,EUR,2026-06-24T10:02:04.769Z
Ilysian Caryatid,CMM,Commander Masters,297,normal,common,1,84267,3db65137-c9d6-4352-b7a0-f3968b167233,0.22,false,false,near_mint,en,EUR,2026-06-24T10:02:04.768Z
Thriving Heath,CMM,Commander Masters,431,normal,common,1,84035,0c6f9b70-998c-4ecd-9094-f505692070de,0.12,false,false,near_mint,en,EUR,2026-06-24T10:02:04.767Z
Thriving Moor,CMM,Commander Masters,433,normal,common,1,84004,06a80fcc-b457-49c6-8c3a-0c5f58d74b2d,0.11,false,false,near_mint,en,EUR,2026-06-24T10:02:04.766Z
Thriving Isle,CMM,Commander Masters,432,normal,common,1,84158,2592bd6b-aea8-4fac-ad52-1801fcc7abe5,0.16,false,false,near_mint,en,EUR,2026-06-24T10:02:04.765Z
Thriving Bluff,CMM,Commander Masters,429,normal,common,1,84068,1270be49-a0d7-46cc-bf53-8172a3b5c6a6,0.08,false,false,near_mint,en,EUR,2026-06-24T10:02:04.764Z
Counterspell,CMM,Commander Masters,630,normal,common,2,84538,7e47212d-399e-4121-92d4-9fb0d85767cb,2.7,false,false,near_mint,en,EUR,2026-06-24T10:02:04.763Z
Plains,CMM,Commander Masters,438,normal,common,1,84771,b3344d18-e7b6-43ad-ab59-9ceaf49269f7,0.53,false,false,near_mint,en,EUR,2026-06-24T10:02:04.762Z
"Kenrith, the Returned King",PLST,The List,ELD-303,normal,mythic,1,83901,0e259db1-14db-4314-998c-6a076a28d8cb,0.84,false,false,near_mint,en,EUR,2026-06-24T10:07:19.185Z
Sunblade Angel,CMM,Commander Masters,61,foil,common,1,84281,407041c4-0154-42ee-a736-7815024d1719,0.14,false,false,near_mint,en,EUR,2026-06-24T10:07:19.184Z
Wayward Swordtooth,CMM,Commander Masters,331,normal,rare,1,84130,1f8b4ee8-2457-4db4-a8fa-c87e2db0c265,2.63,false,false,near_mint,en,EUR,2026-06-24T10:07:19.183Z
Undergrowth Stadium,CMM,Commander Masters,435,normal,rare,1,84745,ae16c7da-912c-4d66-b1e7-17480cd3af99,8.9,false,false,near_mint,en,EUR,2026-06-24T10:07:19.182Z
"Kykar, Wind's Fury",CMM,Commander Masters,343,normal,rare,2,85096,fdb034c8-bae0-4f66-98f1-1b3cdc072f17,0.43,false,false,near_mint,en,EUR,2026-06-24T10:07:19.181Z
Treasure Nabber,CMM,Commander Masters,645,normal,rare,2,84662,9bd9e634-1d92-4c5e-b371-593f695e48bf,3.48,false,false,near_mint,en,EUR,2026-06-24T10:07:19.180Z
"Zahid, Djinn of the Lamp",CMM,Commander Masters,136,normal,uncommon,3,84578,880fc139-4200-483f-bdb1-dc9ef32d63a5,0.05,false,false,near_mint,en,EUR,2026-06-24T10:07:19.179Z
Wildwood Scourge,CMM,Commander Masters,332,normal,uncommon,1,84800,bb35e40f-bbcf-4e2b-9603-7719c74dc076,0.17,false,false,near_mint,en,EUR,2026-06-24T10:07:19.178Z
Predatory Rampage,CMM,Commander Masters,313,normal,uncommon,1,84135,2078908d-63ab-47f3-b01c-7c84e3f578b8,0.09,false,false,near_mint,en,EUR,2026-06-24T10:07:19.177Z
Spikeshot Goblin,CMM,Commander Masters,256,normal,common,2,84749,ae922301-181d-4824-802d-e3ba1714cade,0.09,false,false,near_mint,en,EUR,2026-06-24T10:07:19.176Z
Generous Gift,CMM,Commander Masters,26,normal,common,2,84107,1a8c02ab-6348-4b04-8ce0-b36309a14a5e,0.58,false,false,near_mint,en,EUR,2026-06-24T10:07:19.175Z
Swift Response,CMM,Commander Masters,64,normal,common,2,84265,3d70dcbe-0b90-40b4-8a54-e5218b7135b1,0.04,false,false,near_mint,en,EUR,2026-06-24T10:07:19.174Z
Drown in Sorrow,CMM,Commander Masters,154,normal,common,2,84305,4512357b-0d08-4996-9301-5853eae1ea64,0.44,false,false,near_mint,en,EUR,2026-06-24T10:07:19.173Z
Read the Bones,CMM,Commander Masters,182,normal,common,1,84933,d6c66076-fb85-4a5e-8cd0-d103834b3cd1,0.16,false,false,near_mint,en,EUR,2026-06-24T10:07:19.172Z
Generous Gift,CMM,Commander Masters,624,normal,common,3,84686,a1cd4438-a25d-4618-9e93-2c62f6bfc5f5,1.03,false,false,near_mint,en,EUR,2026-06-24T10:07:19.171Z
Plains,CMM,Commander Masters,437,normal,common,2,84416,614c9269-77c6-4cef-a987-8ef4c14fcebc,0.24,false,false,near_mint,en,EUR,2026-06-24T10:07:19.170Z
Energy Flux,PLST,The List,MMQ-78,normal,uncommon,1,77139,e09b277d-bc1b-4dc5-8e49-daf0b0297eb9,0.19,false,false,near_mint,en,EUR,2026-06-24T10:13:14.758Z
Filigree Attendant,CMM,Commander Masters,95,foil,common,1,84499,75600598-f988-49fc-ba86-692367c007b4,0.21,false,false,near_mint,en,EUR,2026-06-24T10:13:14.757Z
Mystic Confluence,CMM,Commander Masters,108,normal,rare,1,84422,62e5d409-c0b6-4123-802d-eb32f223bd1a,0.69,false,false,near_mint,en,EUR,2026-06-24T10:13:14.756Z
"Zilortha, Strength Incarnate",CMM,Commander Masters,366,normal,rare,1,84567,84e4e130-df21-4491-97c3-1b643d7e57ef,0.35,false,false,near_mint,en,EUR,2026-06-24T10:13:14.755Z
"Taborax, Hope's Demise",CMM,Commander Masters,189,normal,uncommon,1,84566,84bb6abe-3844-4399-b38a-1d6dd81a6c78,0.15,false,false,near_mint,en,EUR,2026-06-24T10:13:14.754Z
"Judith, the Scourge Diva",CMM,Commander Masters,341,normal,uncommon,1,84934,d6fb929c-1b8d-4d1d-aa69-ac6189cd7ebf,0.19,false,false,near_mint,en,EUR,2026-06-24T10:13:14.753Z
Goremand,CMM,Commander Masters,163,normal,uncommon,1,84765,b0ad6c2f-9c26-496d-9079-adf1fec08a59,0.08,false,false,near_mint,en,EUR,2026-06-24T10:13:14.752Z
Priest of the Blood Rite,CMM,Commander Masters,179,normal,uncommon,1,84080,14db0f35-905b-45c9-a0cc-1c47720380eb,0.09,false,false,near_mint,en,EUR,2026-06-24T10:13:14.751Z
Thriving Grove,CMM,Commander Masters,430,normal,common,1,84219,343a1153-03d7-46d5-ad9a-65760eabed55,0.11,false,false,near_mint,en,EUR,2026-06-24T10:13:14.750Z
Abundant Harvest,CMM,Commander Masters,269,normal,common,1,84357,516e137a-d9d9-4ba7-89fb-e680ddb2c2d1,0.15,false,false,near_mint,en,EUR,2026-06-24T10:13:14.749Z
Skyshroud Claim,CMM,Commander Masters,321,normal,common,2,84680,a0e12f0e-ab41-4413-8b88-9bde907fab22,1.0,false,false,near_mint,en,EUR,2026-06-24T10:13:14.748Z
Elvish Mystic,CMM,Commander Masters,284,normal,common,1,84500,75918859-c93f-41b4-9ad0-a4a96c389f0d,0.43,false,false,near_mint,en,EUR,2026-06-24T10:13:14.747Z
Kodama's Reach,CMM,Commander Masters,300,normal,common,1,84730,ababe16b-9359-44cb-81fb-e0b3a42b46bd,1.22,false,false,near_mint,en,EUR,2026-06-24T10:13:14.746Z
Crash of Rhino Beetles,CMM,Commander Masters,279,normal,common,1,85000,e7b17222-db06-41cc-a4d2-aae625cb1929,0.16,false,false,near_mint,en,EUR,2026-06-24T10:13:14.745Z
All That Glitters,CMM,Commander Masters,622,normal,common,3,84486,71b2bf55-6b24-4f63-bbb0-98471c167405,0.52,false,false,near_mint,en,EUR,2026-06-24T10:13:14.744Z
Island,CMM,Commander Masters,441,normal,common,2,84502,75edde64-3589-424d-bfe1-714c4eaba019,0.42,false,false,near_mint,en,EUR,2026-06-24T10:13:14.743Z
Eldrazi Spawn,TCMM,Commander Masters Tokens,3,normal,common,1,84124,1e820258-933f-4ad2-b63b-c6cd7f5bddf3,0.48,false,false,near_mint,en,EUR,2026-06-24T10:16:33.297Z
Loyal Unicorn,CMM,Commander Masters,40,foil,uncommon,1,84825,c1d7203b-55ed-4d08-ac2e-2c4b4b93c274,0.32,false,false,near_mint,en,EUR,2026-06-24T10:16:33.296Z
Imp's Mischief,CMM,Commander Masters,167,normal,rare,1,84053,0eb0e8e7-266f-441e-b1cd-12b8ec3f7d71,5.37,false,false,near_mint,en,EUR,2026-06-24T10:16:33.295Z
"Neheb, the Eternal",CMM,Commander Masters,244,normal,mythic,2,84721,a98695d3-a8ec-43f0-9a2a-fef4566f3a2f,5.33,false,false,near_mint,en,EUR,2026-06-24T10:16:33.294Z
Ghost of Ramirez DePietro,CMM,Commander Masters,97,normal,uncommon,1,84345,4daab8ff-443d-4292-80f3-63b621ad1c88,0.1,false,false,near_mint,en,EUR,2026-06-24T10:16:33.293Z
"Zada, Hedron Grinder",CMM,Commander Masters,268,normal,uncommon,3,84306,4520cdcc-a10f-4b39-9c6f-ba86f6aa2c87,0.17,false,false,near_mint,en,EUR,2026-06-24T10:16:33.292Z
Exsanguinate,CMM,Commander Masters,156,normal,uncommon,1,84024,0a5352af-e275-4186-a265-2fd3c2c47c6a,0.45,false,false,near_mint,en,EUR,2026-06-24T10:16:33.291Z
Extinguish All Hope,CMM,Commander Masters,157,normal,uncommon,1,84101,1888ac60-a885-43a7-8e95-9523a0213644,0.25,false,false,near_mint,en,EUR,2026-06-24T10:16:33.290Z
Carrier Thrall,CMM,Commander Masters,142,normal,common,2,84506,772e551c-0b47-4ccb-8893-f192de92908e,0.1,false,false,near_mint,en,EUR,2026-06-24T10:16:33.289Z
Rapacious One,CMM,Commander Masters,249,normal,common,2,84197,2f8e2ef7-fabd-4ae9-8224-5acb3fd7d1ae,0.13,false,false,near_mint,en,EUR,2026-06-24T10:16:33.288Z
Ulamog's Crusher,CMM,Commander Masters,6,normal,common,2,84444,699c0f6f-b26b-4741-8140-8a6030cad127,0.2,false,false,near_mint,en,EUR,2026-06-24T10:16:33.287Z
Kozilek's Predator,CMM,Commander Masters,301,normal,common,2,85079,fa828bc7-0f5a-45de-9608-da42dda8f3f9,0.11,false,false,near_mint,en,EUR,2026-06-24T10:16:33.286Z
Dread Drone,CMM,Commander Masters,152,normal,common,2,84173,29ef119f-e777-42e7-be43-ea1f31d7ce59,0.15,false,false,near_mint,en,EUR,2026-06-24T10:16:33.285Z
Custodi Squire,CMM,Commander Masters,19,normal,common,1,84095,1771d71b-18b1-44dd-b413-4319519b0778,0.1,false,false,near_mint,en,EUR,2026-06-24T10:16:33.284Z
Thran Dynamo,CMM,Commander Masters,658,normal,uncommon,1,84290,428fe419-358d-4a36-89d8-bde0622beb74,3.28,false,false,near_mint,en,EUR,2026-06-24T10:16:33.283Z
Swamp,CMM,Commander Masters,444,normal,common,2,84410,5f1e5571-866b-4b19-b786-e57781353913,1.25,false,false,near_mint,en,EUR,2026-06-24T10:16:33.282Z
Eldrazi Scion,TCMM,Commander Masters Tokens,2,normal,common,2,84469,6ef7df0d-d7d6-463d-b452-32666973234a,0.29,false,false,near_mint,en,EUR,2026-06-24T10:21:22.939Z
Elvish Mystic,CMM,Commander Masters,648,foil,common,1,84008,077ba531-ab3b-4d00-af2c-2d4914c68cd8,2.85,false,false,near_mint,en,EUR,2026-06-24T10:21:22.938Z
Jet Medallion,CMM,Commander Masters,395,normal,rare,1,84391,58662f26-dd75-45a0-86cf-5949fbb76210,9.95,false,false,near_mint,en,EUR,2026-06-24T10:21:22.937Z
"Endrek Sahr, Master Breeder",CMM,Commander Masters,155,normal,rare,1,84066,123490fb-5908-45f2-b376-7959ccdf9c3e,0.91,false,false,near_mint,en,EUR,2026-06-24T10:21:22.936Z
Hoarding Dragon,CMM,Commander Masters,233,normal,uncommon,1,84288,42363046-28d4-4540-a0d0-3635459ba769,0.11,false,false,near_mint,en,EUR,2026-06-24T10:21:22.933Z
Whirler Rogue,CMM,Commander Masters,132,normal,uncommon,1,84466,6e85ad25-7496-4832-b945-e7a39582faaa,0.08,false,false,near_mint,en,EUR,2026-06-24T10:21:22.932Z
Champion of the Flame,CMM,Commander Masters,210,normal,common,1,84134,203dba7d-5e89-4a5a-998a-c26bf17c92f9,0.1,false,false,near_mint,en,EUR,2026-06-24T10:21:22.931Z
Guttersnipe,CMM,Commander Masters,229,normal,common,1,84695,a4276d10-d163-4068-a6db-5bb0a1ac88e3,0.21,false,false,near_mint,en,EUR,2026-06-24T10:21:22.930Z
Living Lightning,CMM,Commander Masters,239,normal,common,1,84308,457dc72b-e97a-4308-855f-a1aa528423e0,0.1,false,false,near_mint,en,EUR,2026-06-24T10:21:22.929Z
Cyclops Electromancer,CMM,Commander Masters,212,normal,common,1,84812,bd56c7dd-8388-400c-a8fb-bc6a69655c56,0.06,false,false,near_mint,en,EUR,2026-06-24T10:21:22.928Z
Shipwreck Dowser,CMM,Commander Masters,119,normal,common,1,84570,85ce24e4-78cf-4550-866e-108706e82b99,0.09,false,false,near_mint,en,EUR,2026-06-24T10:21:22.927Z
Rapacious Dragon,CMM,Commander Masters,248,normal,common,1,84279,4020485e-aacc-45dc-bdc0-9f70e35b88b2,0.08,false,false,near_mint,en,EUR,2026-06-24T10:21:22.926Z
Mountain,CMM,Commander Masters,446,normal,common,3,85068,f836071c-9ee3-4dc0-95b6-28d0c5de76f3,0.33,false,false,near_mint,en,EUR,2026-06-24T10:21:22.924Z
Treasure,TCMM,Commander Masters Tokens,48,normal,common,2,84877,cb7b5024-3a0b-4f14-977e-ba6c4c2567c9,0.21,false,false,near_mint,en,EUR,2026-06-24T10:24:03.749Z
Palace Sentinels,CMM,Commander Masters,48,foil,common,1,84454,6c0bbbe0-e6cf-43df-9c44-b6bbfa9c9af7,0.22,false,false,near_mint,en,EUR,2026-06-24T10:24:03.748Z
Cyclonic Rift,CMM,Commander Masters,84,normal,rare,2,84855,c77ebe57-ea56-4300-b293-6260c4c01a43,24.41,false,false,near_mint,en,EUR,2026-06-24T10:24:03.747Z
Demonic Tutor,CMM,Commander Masters,150,normal,mythic,2,84690,a24b4cb6-cebb-428b-8654-74347a6a8d63,47.8,false,false,near_mint,en,EUR,2026-06-24T10:24:03.746Z
"Avacyn, Angel of Hope",CMM,Commander Masters,14,normal,mythic,1,84209,317f1133-7cf8-4b7a-919e-88c45f8c2c3a,24.4,false,false,near_mint,en,EUR,2026-06-24T10:24:03.745Z
Rorix Bladewing,CMM,Commander Masters,251,normal,uncommon,1,84212,32668329-2f62-48ed-8da3-3cb0c3692ed9,0.18,false,false,near_mint,en,EUR,2026-06-24T10:24:03.744Z
Tuya Bearclaw,CMM,Commander Masters,360,normal,uncommon,1,84978,e146e10c-3104-442d-9383-0f670960180d,0.18,false,false,near_mint,en,EUR,2026-06-24T10:24:03.743Z
Fungal Plots,CMM,Commander Masters,291,normal,uncommon,1,84510,783fb92d-6de6-49f5-a204-5bcf577c9640,0.15,false,false,near_mint,en,EUR,2026-06-24T10:24:03.742Z
Victimize,CMM,Commander Masters,195,normal,uncommon,1,84869,c9e4993e-154c-4ac4-8927-6352b8816f58,0.41,false,false,near_mint,en,EUR,2026-06-24T10:24:03.741Z
Myr Sire,CMM,Commander Masters,400,normal,common,1,84063,11ba43d1-e879-40e0-b49c-e009deb7e3aa,0.14,false,false,near_mint,en,EUR,2026-06-24T10:24:03.739Z
Myrsmith,CMM,Commander Masters,44,normal,common,1,84514,78ea3e84-2d78-489f-875a-48e58c956451,0.13,false,false,near_mint,en,EUR,2026-06-24T10:24:03.738Z
Sunspear Shikari,CMM,Commander Masters,62,normal,common,2,84201,303df3ba-1258-4141-ace2-577f9e89a14c,0.09,false,false,near_mint,en,EUR,2026-06-24T10:24:03.737Z
Foundry Inspector,CMM,Commander Masters,385,normal,common,2,84093,16debeb1-fb2b-4172-b6da-726416d4fb38,0.21,false,false,near_mint,en,EUR,2026-06-24T10:24:03.736Z
Mountain,CMM,Commander Masters,448,normal,common,1,84803,bbbecd1f-81ad-427e-a50d-64b9ec029c3c,0.27,false,false,near_mint,en,EUR,2026-06-24T10:24:03.734Z
Elemental,TCMM,Commander Masters Tokens,24,normal,common,2,84705,a58a214f-1b12-4d2c-9cc0-f0c5f4a6e7a6,0.17,false,false,near_mint,en,EUR,2026-06-24T10:27:27.025Z
Sol Ring,CMM,Commander Masters,703,foil,uncommon,1,84497,7454e0cc-98c2-48a1-b2c9-49908d2aedcc,20.58,false,false,near_mint,en,EUR,2026-06-24T10:27:27.024Z
Emerald Medallion,CMM,Commander Masters,379,normal,rare,1,84796,ba578d94-6f49-45f5-b6e2-1090c05acc4a,2.22,false,false,near_mint,en,EUR,2026-06-24T10:27:27.023Z
"Mirri, Weatherlight Duelist",CMM,Commander Masters,347,normal,rare,2,84950,db44fe95-6a32-4d6f-a32f-72491381f495,2.88,false,false,near_mint,en,EUR,2026-06-24T10:27:27.022Z
"Nemata, Grove Guardian",CMM,Commander Masters,307,normal,uncommon,2,84929,d60e3465-46ae-486f-8deb-6e2f1ac71a1b,0.14,false,false,near_mint,en,EUR,2026-06-24T10:27:27.021Z
"Yahenni, Undying Partisan",CMM,Commander Masters,201,normal,uncommon,2,84186,2c0c19c3-0ea6-4b05-9cde-e9863b1fbe04,0.21,false,false,near_mint,en,EUR,2026-06-24T10:27:27.020Z
Hunter's Insight,CMM,Commander Masters,296,normal,uncommon,1,84964,de399acd-e792-4f4a-8025-434f1080c0fc,0.27,false,false,near_mint,en,EUR,2026-06-24T10:27:27.019Z
Furious Rise,CMM,Commander Masters,225,normal,uncommon,1,84129,1f5da1ab-d720-4140-8121-89de760d020c,0.11,false,false,near_mint,en,EUR,2026-06-24T10:27:27.018Z
Witch's Cauldron,CMM,Commander Masters,199,normal,common,1,84361,51c15046-dd24-41aa-96f3-fb008a6988dd,0.07,false,false,near_mint,en,EUR,2026-06-24T10:27:27.017Z
Dwarven Hammer,CMM,Commander Masters,219,normal,common,1,84840,c47f7ea0-3cda-4e62-bd10-32854ed2e260,0.1,false,false,near_mint,en,EUR,2026-06-24T10:27:27.016Z
Tragic Slip,CMM,Commander Masters,192,normal,common,3,84392,588332da-8ec5-49d1-a365-455beb7913a2,0.15,false,false,near_mint,en,EUR,2026-06-24T10:27:27.015Z
Crawling Infestation,CMM,Commander Masters,281,normal,common,3,84252,3a404d9b-02dd-45bc-b3eb-bc28452da22e,0.18,false,false,near_mint,en,EUR,2026-06-24T10:27:27.014Z
Battle Screech,CMM,Commander Masters,17,normal,common,3,84614,90301f8c-f7af-4179-8faf-9901931bba8d,0.17,false,false,near_mint,en,EUR,2026-06-24T10:27:27.013Z
Dread Return,CMM,Commander Masters,153,normal,common,2,84222,34a87901-98bb-41dd-b566-bcb510c20022,0.27,false,false,near_mint,en,EUR,2026-06-24T10:27:27.012Z
Elvish Mystic,CMM,Commander Masters,648,normal,common,2,84008,077ba531-ab3b-4d00-af2c-2d4914c68cd8,0.93,false,false,near_mint,en,EUR,2026-06-24T10:27:27.011Z
Island,CMM,Commander Masters,440,foil,common,1,84813,bdb63d4b-0bca-4b8e-bed0-0dc29ad0bac3,1.28,false,false,near_mint,en,EUR,2026-06-24T10:27:27.010Z
Survival Cache,IMA,Iconic Masters,34,normal,common,1,3591,2c7b8d1e-a144-432e-b3ac-63c37be55191,0.14,false,false,near_mint,en,EUR,2026-06-24T10:29:59.294Z
Tooth and Nail,CMM,Commander Masters,652,foil,rare,1,84715,a78e78d6-ef31-4343-91cc-c148e86f8497,3.06,false,false,near_mint,en,EUR,2026-06-24T10:29:59.293Z
Scytheclaw,CMM,Commander Masters,408,normal,rare,1,84688,a1fc07f5-170f-43a1-9f65-a3f702655226,0.19,false,false,near_mint,en,EUR,2026-06-24T10:29:59.292Z
Fiery Confluence,CMM,Commander Masters,222,normal,rare,1,84817,bed7ef7f-bb40-4e1b-8635-e2226a05ac38,0.54,false,false,near_mint,en,EUR,2026-06-24T10:29:59.291Z
The Ur-Dragon,CMM,Commander Masters,361,normal,mythic,1,80425,10d42b35-844f-4a64-9981-c6118d45e826,29.73,false,false,near_mint,en,EUR,2026-06-24T10:29:59.290Z
"Losheel, Clockwork Scholar",CMM,Commander Masters,38,normal,uncommon,3,85027,ee6b54de-8e79-4f60-b642-3d259bf74ea0,1.39,false,false,near_mint,en,EUR,2026-06-24T10:29:59.289Z
Acidic Slime,CMM,Commander Masters,270,normal,uncommon,1,84630,932d48fb-42b5-4aaa-a91c-d35cdb5e41a3,0.12,false,false,near_mint,en,EUR,2026-06-24T10:29:59.288Z
Portal Mage,CMM,Commander Masters,112,normal,uncommon,1,85101,fe9924a6-2470-44b6-9f54-766996aef57f,0.14,false,false,near_mint,en,EUR,2026-06-24T10:29:59.287Z
Murmuring Mystic,CMM,Commander Masters,107,normal,common,1,84670,9f19337d-0824-442d-bb67-748a9980e816,0.47,false,false,near_mint,en,EUR,2026-06-24T10:29:59.285Z
Cryptic Serpent,CMM,Commander Masters,83,normal,common,1,84540,7f1af32a-dba2-4c2f-b0ee-9c83849fda53,1.68,false,false,near_mint,en,EUR,2026-06-24T10:29:59.284Z
Temur Battle Rage,CMM,Commander Masters,264,normal,common,1,84236,375bc646-942e-4bf5-9c71-2c5471828e35,0.19,false,false,near_mint,en,EUR,2026-06-24T10:29:59.283Z
Sulfurous Blast,CMM,Commander Masters,262,normal,common,1,84944,dabae267-54fa-4e6d-8f7d-15152fe37397,0.06,false,false,near_mint,en,EUR,2026-06-24T10:29:59.282Z
Fists of Flame,CMM,Commander Masters,223,normal,common,1,84449,6b34af88-bc4e-4ca8-8662-7dc4050c62c5,0.17,false,false,near_mint,en,EUR,2026-06-24T10:29:59.281Z
Forest,CMM,Commander Masters,450,normal,common,1,84271,3e574ee5-d33d-4054-9884-fdb5fe9d73bd,0.64,false,false,near_mint,en,EUR,2026-06-24T10:29:59.280Z
Eldrazi,TCMM,Commander Masters Tokens,1,normal,common,2,84104,1a2f00da-1c4d-45d4-af34-9216a34bff2a,0.21,false,false,near_mint,en,EUR,2026-06-24T10:32:55.916Z
Wayward Swordtooth,CMM,Commander Masters,331,foil,rare,1,84130,1f8b4ee8-2457-4db4-a8fa-c87e2db0c265,3.46,false,false,near_mint,en,EUR,2026-06-24T10:32:55.915Z
"Jolrael, Mwonvuli Recluse",CMM,Commander Masters,299,normal,rare,1,84641,96c66316-a4cc-43e9-b354-03a34c1b12a7,0.18,false,false,near_mint,en,EUR,2026-06-24T10:32:55.914Z
Wrath of God,CMM,Commander Masters,70,normal,rare,2,84370,537d2b05-3f52-45d6-8fe3-26282085d0c6,2.57,false,false,near_mint,en,EUR,2026-06-24T10:32:55.913Z
Herald of the Host,CMM,Commander Masters,30,normal,uncommon,1,85006,e8d57d75-275d-45c8-85f4-aab230af35b2,0.22,false,false,near_mint,en,EUR,2026-06-24T10:32:55.910Z
Intangible Virtue,CMM,Commander Masters,31,normal,uncommon,1,84535,7d251846-7aa5-4318-a96b-fbd9daf691f9,0.21,false,false,near_mint,en,EUR,2026-06-24T10:32:55.909Z
Opal Palace,CMM,Commander Masters,422,normal,common,1,84994,e64ed120-1e33-4e31-8f16-ba56497c3c84,0.15,false,false,near_mint,en,EUR,2026-06-24T10:32:55.908Z
Command Tower,CMM,Commander Masters,420,normal,common,1,84075,14019383-0327-404b-ab4d-c65c3fa8c50d,0.24,false,false,near_mint,en,EUR,2026-06-24T10:32:55.906Z
Commander's Sphere,CMM,Commander Masters,377,normal,common,1,84472,6f432741-54b3-499e-9809-5a670433a297,0.17,false,false,near_mint,en,EUR,2026-06-24T10:32:55.905Z
Darksteel Mutation,CMM,Commander Masters,623,normal,uncommon,1,84016,08605ffa-de04-4831-a078-5b3d65c2526f,2.08,false,false,near_mint,en,EUR,2026-06-24T10:32:55.904Z
Campfire,CMM,Commander Masters,374,normal,common,1,84223,34b64d10-c012-4370-b475-755c4025a348,1.35,false,false,near_mint,en,EUR,2026-06-24T10:32:55.903Z
Exsanguinate,CMM,Commander Masters,156,foil,uncommon,1,84024,0a5352af-e275-4186-a265-2fd3c2c47c6a,0.98,false,false,near_mint,en,EUR,2026-06-24T10:37:47.046Z
Spirit,TCMM,Commander Masters Tokens,39,normal,common,1,84160,265d196a-eaf5-42b0-aa76-f30a75a74e3a,0.76,false,false,near_mint,en,EUR,2026-06-24T10:37:47.045Z
Regal Behemoth,CMM,Commander Masters,316,normal,rare,1,84636,9510e5ff-901a-42c9-b11f-5f71e2475504,0.6,false,false,near_mint,en,EUR,2026-06-24T10:37:47.044Z
Heartless Hidetsugu,CMM,Commander Masters,231,normal,rare,1,84520,7b3ff07c-9653-4197-ad3d-638e712e8465,1.12,false,false,near_mint,en,EUR,2026-06-24T10:37:47.043Z
Inga Rune-Eyes,CMM,Commander Masters,100,normal,uncommon,1,84823,c190eceb-f6d8-408f-bbc4-df0fefb778ad,0.04,false,false,near_mint,en,EUR,2026-06-24T10:37:47.041Z
Shimmer Myr,CMM,Commander Masters,409,normal,uncommon,1,84351,4f61479b-05e1-4c89-bf11-b79c06ace5e2,0.22,false,false,near_mint,en,EUR,2026-06-24T10:37:47.040Z
Sol Ring,CMM,Commander Masters,410,normal,uncommon,1,84312,46ca0b66-a000-4483-b916-f5b89e710244,1.01,false,false,near_mint,en,EUR,2026-06-24T10:37:47.039Z
Unbounded Potential,CMM,Commander Masters,67,normal,common,1,84493,732c3b63-5e15-4510-813c-58e20cd9833f,0.06,false,false,near_mint,en,EUR,2026-06-24T10:37:47.038Z
Tuskguard Captain,CMM,Commander Masters,328,normal,common,1,84814,be1165a2-e697-4ceb-91ba-693a3a006f27,0.1,false,false,near_mint,en,EUR,2026-06-24T10:37:47.037Z
Snakeskin Veil,CMM,Commander Masters,323,normal,common,1,84179,2ad012c2-e6d9-448f-b204-14a2c55ff74f,0.14,false,false,near_mint,en,EUR,2026-06-24T10:37:47.036Z
Wanderer's Strike,CMM,Commander Masters,69,normal,common,1,84608,8ecb14b6-1fd8-49be-bf95-f147f48b072c,0.08,false,false,near_mint,en,EUR,2026-06-24T10:37:47.035Z
Rot Shambler,CMM,Commander Masters,318,normal,common,1,84465,6e13e1c2-376f-4ce6-bdc0-e000e99e5b9c,0.1,false,false,near_mint,en,EUR,2026-06-24T10:37:47.034Z
Forest,CMM,Commander Masters,451,foil,common,1,84597,8be6c40e-5669-417e-a655-b32b5f2bfd11,0.77,false,false,near_mint,en,EUR,2026-06-24T10:37:47.032Z
Servo,TCMM,Commander Masters Tokens,45,normal,common,1,84995,e6a5faa3-b86e-4e05-93db-5db9507ae7d0,0.21,false,false,near_mint,en,EUR,2026-06-24T10:47:35.316Z
Angelic Field Marshal,CMM,Commander Masters,13,normal,rare,1,84323,496e9fe2-843c-4dfe-b94a-b542a2ddaae4,1.41,false,false,near_mint,en,EUR,2026-06-24T10:47:35.315Z
Rapacious One,CMM,Commander Masters,249,foil,common,1,84197,2f8e2ef7-fabd-4ae9-8224-5acb3fd7d1ae,0.24,false,false,near_mint,en,EUR,2026-06-24T10:47:35.314Z
"Yuriko, the Tiger's Shadow",CMM,Commander Masters,364,normal,rare,1,85102,fe9be3e0-076c-4703-9750-2a6b0a178bc9,2.14,false,false,near_mint,en,EUR,2026-06-24T10:47:35.313Z
"Anax, Hardened in the Forge",CMM,Commander Masters,204,normal,uncommon,1,84740,ad107ae0-2540-46f8-9970-72983b87ba04,0.09,false,false,near_mint,en,EUR,2026-06-24T10:47:35.312Z
"Danitha Capashen, Paragon",CMM,Commander Masters,20,normal,uncommon,2,84683,a11f77e4-edb6-43c6-b8ca-d4f62d26d0c0,0.33,false,false,near_mint,en,EUR,2026-06-24T10:47:35.311Z
Cartographer's Hawk,CMM,Commander Masters,18,normal,uncommon,1,84070,12d0b07f-9823-45b7-89bb-0a2a71833d46,0.18,false,false,near_mint,en,EUR,2026-06-24T10:47:35.310Z
Rampaging Brontodon,CMM,Commander Masters,315,normal,uncommon,1,84640,961e92f3-2e58-49ad-9bd6-4e3c58dd26dc,0.26,false,false,near_mint,en,EUR,2026-06-24T10:47:35.309Z
Beanstalk Giant // Fertile Footsteps,CMM,Commander Masters,275,normal,uncommon,1,84974,dfd6b4bc-70da-4d93-bdf7-78ba176a764f,0.15,false,false,near_mint,en,EUR,2026-06-24T10:47:35.308Z
Ram Through,CMM,Commander Masters,314,normal,common,1,84298,44063a90-e4cf-4bcd-a128-792de15371a7,0.38,false,false,near_mint,en,EUR,2026-06-24T10:47:35.307Z
Counterspell,CMM,Commander Masters,81,normal,common,1,84564,8493131c-0a7b-4be6-a8a2-0b425f4f67fb,1.51,false,false,near_mint,en,EUR,2026-06-24T10:47:35.306Z
Spectral Grasp,CMM,Commander Masters,58,normal,common,1,84272,3ee3cce9-d570-4a45-b484-089849a91b6c,0.08,false,false,near_mint,en,EUR,2026-06-24T10:47:35.305Z
Feed the Swarm,CMM,Commander Masters,159,normal,common,2,84561,840d02c6-3d9c-47cd-9307-978d03380d0f,0.2,false,false,near_mint,en,EUR,2026-06-24T10:47:35.304Z
Dragon Fodder,CMM,Commander Masters,217,normal,common,2,84286,41f4777d-ea0e-408c-961e-eef7b3ffe51d,0.1,false,false,near_mint,en,EUR,2026-06-24T10:47:35.303Z
Fellwar Stone,CMM,Commander Masters,657,normal,uncommon,1,84725,aa15d3b3-c709-4d9b-a9ec-c8d68f805ebf,3.42,false,false,near_mint,en,EUR,2026-06-24T10:47:35.302Z
Kodama's Reach,CMM,Commander Masters,649,normal,common,2,84762,b0506e30-ed0d-4838-97b1-55900ad633b5,1.33,false,false,near_mint,en,EUR,2026-06-24T10:49:48.838Z
Boompile,CMM,Commander Masters,371,normal,rare,1,84952,dbfe710f-5e92-4be9-9f2f-363af767a91e,0.55,false,false,near_mint,en,EUR,2026-06-24T10:49:48.836Z
Jet Medallion,CMM,Commander Masters,395,foil,rare,1,84391,58662f26-dd75-45a0-86cf-5949fbb76210,9.65,false,false,near_mint,en,EUR,2026-06-24T10:49:48.835Z
Wake the Dead,CMM,Commander Masters,197,normal,rare,1,84980,e1780be8-26f6-4f33-9bc6-ecafc3751c8e,1.08,false,false,near_mint,en,EUR,2026-06-24T10:49:48.834Z
Reality Shift,CMM,Commander Masters,113,normal,uncommon,1,84015,0850a187-ba95-46f2-aa81-397b45460bbc,0.24,false,false,near_mint,en,EUR,2026-06-24T10:49:48.831Z
Darksteel Mutation,CMM,Commander Masters,21,normal,uncommon,1,84988,e47a6750-4fdd-44e2-86ae-5bc4d414bf42,1.25,false,false,near_mint,en,EUR,2026-06-24T10:49:48.829Z
Forest,CMM,Commander Masters,449,normal,common,1,84516,7974535c-d99b-4d69-a21d-63359e40d385,0.28,false,false,near_mint,en,EUR,2026-06-24T10:49:48.823Z
Stormwatch Eagle,PLST,The List,PCY-50,normal,common,1,83966,fcee3d9c-8621-4a74-ae1c-6e410d4c2552,0.05,false,false,near_mint,en,EUR,2026-06-24T10:54:08.444Z
Rakka Mar,CMM,Commander Masters,247,foil,uncommon,1,84890,cd36b274-5b76-44ec-8d62-069b08debe89,0.16,false,false,near_mint,en,EUR,2026-06-24T10:54:08.443Z
Fierce Guardianship,CMM,Commander Masters,94,normal,rare,1,85067,f7f3dd95-bd14-4e0f-a388-444f9cf1b0dc,42.8,false,false,near_mint,en,EUR,2026-06-24T10:54:08.442Z
Personal Tutor,CMM,Commander Masters,110,normal,rare,1,84166,2887fc25-22cd-48c9-ad2b-6539c8139e27,5.07,false,false,near_mint,en,EUR,2026-06-24T10:54:08.441Z
"Sakiko, Mother of Summer",CMM,Commander Masters,319,normal,rare,2,84603,8dbdb5f5-cd6e-47cd-b83d-ff71b00c369e,0.32,false,false,near_mint,en,EUR,2026-06-24T10:54:08.440Z
Path to Exile,CMM,Commander Masters,49,normal,uncommon,1,84324,4970389b-08f4-4a15-a128-954b072a8137,1.23,false,false,near_mint,en,EUR,2026-06-24T10:54:08.438Z
Resculpt,CMM,Commander Masters,115,normal,common,1,84394,592c7819-7e53-4793-bc4f-3dd489a25d63,0.17,false,false,near_mint,en,EUR,2026-06-24T10:54:08.437Z
Return to Dust,CMM,Commander Masters,52,normal,uncommon,1,84190,2d57ba1d-2b43-4839-b77d-38fee2e81bf6,0.16,false,false,near_mint,en,EUR,2026-06-24T10:54:08.436Z
Ghostly Flicker,CMM,Commander Masters,98,normal,common,1,84953,dc143ba3-2a58-4980-9fa0-a05a9e9ed082,1.12,false,false,near_mint,en,EUR,2026-06-24T10:54:08.435Z
Exclude,CMM,Commander Masters,90,normal,common,1,83982,014bc5a5-4483-42e9-9c14-1ad229b28eb7,0.16,false,false,near_mint,en,EUR,2026-06-24T10:54:08.434Z
Reverse Engineer,CMM,Commander Masters,116,normal,common,1,84013,07fff0a3-1315-42f7-9d36-4f5eaad0c62e,0.07,false,false,near_mint,en,EUR,2026-06-24T10:54:08.433Z
Witching Well,CMM,Commander Masters,135,normal,common,1,84913,d2f028cd-1cb4-4a5b-b989-4acd8777ac5c,0.03,false,false,near_mint,en,EUR,2026-06-24T10:54:08.432Z
Dread Return,CMM,Commander Masters,637,normal,common,1,84487,721aff76-9f80-4ec2-ae29-2dc8494a1a06,0.6,false,false,near_mint,en,EUR,2026-06-24T10:54:08.431Z
Myriad Landscape,CMM,Commander Masters,660,normal,uncommon,1,84408,5efb9b5a-f904-4934-9530-87d752eeae75,0.85,false,false,near_mint,en,EUR,2026-06-24T10:54:08.430Z
Swamp,CMM,Commander Masters,445,normal,common,3,84530,7c71891b-9980-4b71-8301-e92288d33235,0.33,false,false,near_mint,en,EUR,2026-06-24T10:54:08.429Z
City's Blessing,TCMM,Commander Masters Tokens,49,normal,common,1,84327,49de1576-1c82-4e8c-b492-5097ca7b8819,0.32,false,false,near_mint,en,EUR,2026-06-24T10:57:31.088Z
Curtains' Call,CMM,Commander Masters,146,normal,rare,1,84237,37d3f1b5-b41c-4181-8c14-d0f2f4ba0710,0.38,false,false,near_mint,en,EUR,2026-06-24T10:57:31.087Z
Temur Battle Rage,CMM,Commander Masters,264,foil,common,1,84236,375bc646-942e-4bf5-9c71-2c5471828e35,0.35,false,false,near_mint,en,EUR,2026-06-24T10:57:31.086Z
Hammer of Nazahn,CMM,Commander Masters,388,normal,rare,1,84998,e77a8ac1-f40d-423e-a0b3-0a8e236a6c1e,12.85,false,false,near_mint,en,EUR,2026-06-24T10:57:31.085Z
"Yennett, Cryptic Sovereign",CMM,Commander Masters,363,normal,rare,1,84168,28ee11c9-fa23-4863-8a18-25a008f18da5,0.18,false,false,near_mint,en,EUR,2026-06-24T10:57:31.084Z
Tromokratis,CMM,Commander Masters,129,normal,uncommon,1,85052,f40ad933-ddd9-4975-a222-21fe3305137c,0.19,false,false,near_mint,en,EUR,2026-06-24T10:57:31.083Z
Storm-Kiln Artist,CMM,Commander Masters,260,normal,uncommon,1,84442,69825b24-f469-4b6a-890b-bfa571c9013b,1.56,false,false,near_mint,en,EUR,2026-06-24T10:57:31.082Z
Vandalblast,CMM,Commander Masters,267,normal,uncommon,1,85005,e8afc402-ddc4-4819-bc2a-584a43b9b60e,1.86,false,false,near_mint,en,EUR,2026-06-24T10:57:31.081Z
Meteor Golem,CMM,Commander Masters,399,normal,uncommon,1,84891,cd7af704-a770-4f90-8fe8-a45457785a35,0.17,false,false,near_mint,en,EUR,2026-06-24T10:57:31.079Z
Skysnare Spider,CMM,Commander Masters,322,normal,common,1,85106,ff737c53-9489-4a8c-8fa1-5d108222ae3f,0.11,false,false,near_mint,en,EUR,2026-06-24T10:57:31.078Z
Goliath Sphinx,CMM,Commander Masters,99,normal,common,1,84235,374cddb8-b360-4c7b-8911-a6a1b401ffdd,0.08,false,false,near_mint,en,EUR,2026-06-24T10:57:31.077Z
Sunblade Angel,CMM,Commander Masters,61,normal,common,1,84281,407041c4-0154-42ee-a736-7815024d1719,0.15,false,false,near_mint,en,EUR,2026-06-24T10:57:31.076Z
Shelter,CMM,Commander Masters,56,normal,common,1,84127,1f4fedc9-6dd1-4190-a0c9-e9d10fd91315,0.19,false,false,near_mint,en,EUR,2026-06-24T10:57:31.075Z
Prophetic Prism,CMM,Commander Masters,404,foil,common,1,84457,6cbd46d2-b4f2-48d0-a1c4-87ea625ec8bc,0.21,false,false,near_mint,en,EUR,2026-06-24T11:00:36.167Z
Evacuation,CMM,Commander Masters,89,normal,rare,1,84061,10e3c91a-d702-4fa2-864c-9f7067a88752,0.37,false,false,near_mint,en,EUR,2026-06-24T11:00:36.166Z
Sublime Exhalation,CMM,Commander Masters,60,normal,rare,1,84332,4a8f810f-844b-4ebd-b28c-46432cf0203d,0.13,false,false,near_mint,en,EUR,2026-06-24T11:00:36.165Z
"Yisan, the Wanderer Bard",CMM,Commander Masters,334,normal,rare,1,84632,94e3a130-deeb-4bf4-a1f6-9219c3d8c373,0.28,false,false,near_mint,en,EUR,2026-06-24T11:00:36.164Z
"Talrand, Sky Summoner",CMM,Commander Masters,124,normal,rare,1,84956,dc649f1b-b713-4c1f-9e05-4984b8cbfc63,0.31,false,false,near_mint,en,EUR,2026-06-24T11:00:36.163Z
Meteoric Mace,CMM,Commander Masters,243,normal,uncommon,1,84841,c502ba85-7246-4652-9ab6-5672f7e490bb,0.05,false,false,near_mint,en,EUR,2026-06-24T11:00:36.161Z
Fiendlash,CMM,Commander Masters,221,normal,uncommon,1,84542,7ff6fab0-7872-445d-a514-774ecccd2355,0.18,false,false,near_mint,en,EUR,2026-06-24T11:00:36.160Z
Vial of Dragonfire,CMM,Commander Masters,417,normal,common,1,84863,c924502b-a49e-4bf6-9e1a-9aa83f279228,0.02,false,false,near_mint,en,EUR,2026-06-24T11:00:36.159Z
Letter of Acceptance,CMM,Commander Masters,397,normal,common,1,84744,ae094ace-1760-4bdd-a513-04616fb0deeb,0.08,false,false,near_mint,en,EUR,2026-06-24T11:00:36.158Z
Filigree Attendant,CMM,Commander Masters,95,normal,common,1,84499,75600598-f988-49fc-ba86-692367c007b4,0.1,false,false,near_mint,en,EUR,2026-06-24T11:00:36.157Z
Path of Ancestry,CMM,Commander Masters,661,normal,common,1,84541,7f3d574a-72b5-43be-b4b5-87865bbc7b5c,0.48,false,false,near_mint,en,EUR,2026-06-24T11:00:36.156Z
Pilgrim's Eye,CMM,Commander Masters,402,normal,common,1,84319,48bfc25b-f73c-431c-b173-adcd65c5d491,0.04,false,false,near_mint,en,EUR,2026-06-24T11:00:36.155Z
Forest,CMM,Commander Masters,451,normal,common,1,84597,8be6c40e-5669-417e-a655-b32b5f2bfd11,0.32,false,false,near_mint,en,EUR,2026-06-24T11:00:36.154Z
Saproling,TCMM,Commander Masters Tokens,35,normal,common,2,84555,82f710ed-fda6-44dd-9a42-d5b37656307d,0.23,false,false,near_mint,en,EUR,2026-06-24T11:07:33.771Z
"Kemba, Kha Regent",CMM,Commander Masters,34,foil,uncommon,1,84945,dacc4290-6a72-4c00-8bdd-e40ae28885a8,0.17,false,false,near_mint,en,EUR,2026-06-24T11:07:33.770Z
Heavenly Blademaster,CMM,Commander Masters,28,normal,rare,1,84373,53f34f41-bbd8-4424-88a3-b97a795b6daf,0.23,false,false,near_mint,en,EUR,2026-06-24T11:07:33.769Z
"Sek'Kuar, Deathkeeper",CMM,Commander Masters,354,normal,rare,1,84718,a873dbe5-d95a-4ecb-ac0a-8dc6c40f3576,0.16,false,false,near_mint,en,EUR,2026-06-24T11:07:33.768Z
"Goreclaw, Terror of Qal Sisma",CMM,Commander Masters,293,normal,uncommon,1,85026,ee47f23a-3ba9-4615-b170-c89d8ab99d78,0.51,false,false,near_mint,en,EUR,2026-06-24T11:07:33.767Z
"Whisper, Blood Liturgist",CMM,Commander Masters,198,normal,uncommon,1,84553,82ce13b0-372d-4664-a888-85f4c72e030d,0.23,false,false,near_mint,en,EUR,2026-06-24T11:07:33.766Z
Palace Jailer,CMM,Commander Masters,47,normal,uncommon,1,84702,a50ee31a-e80f-481a-b2e7-7a6c68eb1efb,0.23,false,false,near_mint,en,EUR,2026-06-24T11:07:33.765Z
Armorcraft Judge,CMM,Commander Masters,273,normal,uncommon,1,84398,5b76074c-65ca-40e9-b125-4668d3431820,0.11,false,false,near_mint,en,EUR,2026-06-24T11:07:33.764Z
Lotleth Giant,CMM,Commander Masters,171,normal,common,1,84020,09237f1b-eff6-45bf-bd7d-a883deda122a,0.3,false,false,near_mint,en,EUR,2026-06-24T11:07:33.763Z
Looter il-Kor,CMM,Commander Masters,102,normal,common,1,84481,7083c77c-166f-4c6f-a2ca-dd1b877ff5f7,0.16,false,false,near_mint,en,EUR,2026-06-24T11:07:33.762Z
Faithless Looting,CMM,Commander Masters,220,normal,common,1,84811,bcf84ec7-a202-41fe-baa7-0b921bc67d1b,0.4,false,false,near_mint,en,EUR,2026-06-24T11:07:33.761Z
Mire Triton,CMM,Commander Masters,174,normal,common,1,84678,a070b7af-7c85-4129-81ca-e2ec0540085e,0.2,false,false,near_mint,en,EUR,2026-06-24T11:07:33.760Z
Deranged Assistant,CMM,Commander Masters,87,normal,common,1,84055,0ee8f524-f45d-49ff-a472-a47441eee279,0.06,false,false,near_mint,en,EUR,2026-06-24T11:07:33.759Z
Deep Analysis,CMM,Commander Masters,86,normal,common,1,83981,01479ce7-4617-4c7c-93f2-cf8c9c5e1dac,0.08,false,false,near_mint,en,EUR,2026-06-24T11:07:33.758Z
Human Soldier,TCMM,Commander Masters Tokens,6,normal,common,1,84963,de29dd78-a059-4aad-8627-9c783f245a91,,false,false,near_mint,en,EUR,2026-06-24T11:07:33.755Z
Gavony Silversmith,CMM,Commander Masters,25,foil,common,1,85007,e8d78a93-1a9f-4bc1-82b4-d3434367d27b,0.07,false,false,near_mint,en,EUR,2026-06-24T11:07:33.754Z
Training Center,CMM,Commander Masters,434,normal,rare,1,84512,78a39d22-5e3b-4ba0-b728-dbf16b61fc8f,13.9,false,false,near_mint,en,EUR,2026-06-24T11:07:33.753Z
Righteous Confluence,CMM,Commander Masters,53,normal,rare,2,84590,89c2faf6-e65b-4962-82d4-0294912c2ddb,0.21,false,false,near_mint,en,EUR,2026-06-24T11:07:33.752Z
"Sephara, Sky's Blade",CMM,Commander Masters,54,normal,rare,1,84489,729ee848-6c27-4202-b2bc-605f45209468,2.65,false,false,near_mint,en,EUR,2026-06-24T11:07:33.751Z
Kirtar's Wrath,CMM,Commander Masters,35,normal,uncommon,1,85086,fbbbbbf7-eaae-462e-a8eb-7f6a97703600,0.17,false,false,near_mint,en,EUR,2026-06-24T11:07:33.749Z
Jade Mage,CMM,Commander Masters,298,normal,uncommon,1,84650,995140fa-dc1f-4b75-9cea-079ea03c485f,0.14,false,false,near_mint,en,EUR,2026-06-24T11:07:33.748Z
Crimson Fleet Commodore,CMM,Commander Masters,211,normal,common,1,85025,edf54657-5943-4a45-a296-dc91c41109d4,0.19,false,false,near_mint,en,EUR,2026-06-24T11:07:33.747Z
Palace Sentinels,CMM,Commander Masters,48,normal,common,1,84454,6c0bbbe0-e6cf-43df-9c44-b6bbfa9c9af7,0.13,false,false,near_mint,en,EUR,2026-06-24T11:07:33.746Z
Frantic Search,CMM,Commander Masters,96,normal,common,2,84052,0eb00e3c-b67a-44c7-ae61-23ecf4d4971a,0.33,false,false,near_mint,en,EUR,2026-06-24T11:07:33.745Z
Herald of the Host,CMM,Commander Masters,30,foil,uncommon,1,85006,e8d57d75-275d-45c8-85f4-aab230af35b2,0.4,false,false,near_mint,en,EUR,2026-06-24T11:10:34.697Z
The Immortal Sun,CMM,Commander Masters,393,normal,mythic,1,84584,88f68d45-a6cd-437d-a4b1-2787891f0128,10.45,false,false,near_mint,en,EUR,2026-06-24T11:10:34.696Z
Bloodchief Ascension,CMM,Commander Masters,139,normal,rare,1,84924,d56d1535-d9de-459f-bc31-0923f621e0e9,14.87,false,false,near_mint,en,EUR,2026-06-24T11:10:34.695Z
"Grenzo, Havoc Raiser",CMM,Commander Masters,228,normal,rare,1,84861,c84e4a51-e7ab-4107-b458-771e6d31d110,0.39,false,false,near_mint,en,EUR,2026-06-24T11:10:34.694Z
Ohran Frostfang,CMM,Commander Masters,650,normal,rare,2,84002,05b5e975-bd75-4f7c-829d-e87f8b24bc2f,9.75,false,false,near_mint,en,EUR,2026-06-24T11:10:34.693Z
"Akiri, Fearless Voyager",CMM,Commander Masters,335,normal,uncommon,1,85075,fa135775-abcd-4a21-abb7-3aeb5a39df28,0.32,false,false,near_mint,en,EUR,2026-06-24T11:10:34.692Z
Mace of the Valiant,CMM,Commander Masters,41,normal,uncommon,1,84581,88a08aff-3a50-4f2e-97a1-f1d79d5c4ade,0.21,false,false,near_mint,en,EUR,2026-06-24T11:10:34.691Z
Bastion of Remembrance,CMM,Commander Masters,138,normal,uncommon,1,84167,28aa32ff-3ced-405c-8508-7dd35cd20f02,0.39,false,false,near_mint,en,EUR,2026-06-24T11:10:34.690Z
Spitebellows,CMM,Commander Masters,257,normal,common,1,84984,e35c0bea-c956-412a-b30b-9f75207cd493,0.24,false,false,near_mint,en,EUR,2026-06-24T11:10:34.689Z
Thraben Inspector,CMM,Commander Masters,66,normal,common,1,84172,299cc386-2ed5-4504-9ba6-17a52e0c9a0c,0.2,false,false,near_mint,en,EUR,2026-06-24T11:10:34.688Z
Phyrexian Gargantua,CMM,Commander Masters,178,normal,common,1,84017,08648c0a-e075-45ac-ad8c-80c425d3487e,0.06,false,false,near_mint,en,EUR,2026-06-24T11:10:34.687Z
Entourage of Trest,CMM,Commander Masters,285,normal,common,1,84507,78075b31-8145-4053-90dd-6a34bd48fa7c,0.06,false,false,near_mint,en,EUR,2026-06-24T11:10:34.686Z
Fall from Favor,CMM,Commander Masters,93,normal,common,1,84171,29679998-2fb4-4fb4-9048-27b6bf6b79e8,0.08,false,false,near_mint,en,EUR,2026-06-24T11:10:34.685Z
"Slimefoot, the Stowaway",CMM,Commander Masters,686,normal,uncommon,1,84845,c649e923-dcd1-45d7-90bd-4e2fe55c8ce7,0.3,false,false,near_mint,en,EUR,2026-06-24T11:10:34.684Z
The Valeyard,WHO,Doctor Who,165,normal,rare,1,86972,d63218a4-afaf-4ad8-9ca4-4f9af87877b9,0.25,false,false,near_mint,en,EUR,2026-06-24T11:11:38.929Z
T-45 Power Armor,PIP,Fallout,145,normal,rare,1,91942,203b1cb3-5eae-469a-8a5a-2e56dc859f78,0.22,false,false,near_mint,en,EUR,2026-06-24T11:11:38.928Z
Summoner's Sending,FIC,Final Fantasy Commander,29,normal,rare,1,106014,8150be1a-4bac-4c67-9165-9d6fc04a69cc,0.26,false,false,near_mint,en,EUR,2026-06-24T11:11:38.927Z
Blue Mage's Cane,FIC,Final Fantasy Commander,35,normal,rare,1,106067,9b3cfc13-db4e-4ec3-8444-f715bcd43be6,0.34,false,false,near_mint,en,EUR,2026-06-24T11:11:38.926Z
S.H.I.E.L.D. Helicarrier,MSH,Marvel Super Heroes,249,normal,uncommon,1,113624,364dc091-3161-4cd7-838c-742b9325fc32,0.13,false,false,near_mint,en,EUR,2026-06-24T11:11:38.925Z
Crimson Operative,MSH,Marvel Super Heroes,126,normal,common,2,113975,c4bc077c-f220-47a5-aaf4-5324ca23d0c5,0.1,false,false,near_mint,en,EUR,2026-06-24T11:11:38.924Z
Los Diablos Missile Base,MSH,Marvel Super Heroes,270,normal,common,1,113586,2123fcb5-8181-47ab-9a2d-7ede5b5118e8,0.14,false,false,near_mint,en,EUR,2026-06-24T11:11:38.923Z
"Misty Knight, Hero for Hire",MSH,Marvel Super Heroes,145,normal,uncommon,1,113758,6b963642-a103-44a0-9eb7-9c3fdde181b7,0.02,false,false,near_mint,en,EUR,2026-06-24T11:11:38.922Z
Goldvein Pick,FDN,Foundations,253,normal,common,1,101572,a241317d-2277-467e-a8f9-aa71c944e244,0.07,false,false,near_mint,en,EUR,2026-06-24T11:11:38.921Z
Simic Ascendancy,RNA,Ravnica Allegiance,207,normal,rare,4,43658,ff824392-fb5c-496c-be2f-6dfa6e04e3a2,0.72,false,false,near_mint,en,EUR,2026-06-25T11:29:14.696Z
Sharktocrab,RNA,Ravnica Allegiance,206,normal,uncommon,6,43659,e0f31228-0c47-4c51-932d-50fdec965f15,0.11,false,false,near_mint,en,EUR,2026-06-25T11:29:14.695Z
Growth Spiral,RNA,Ravnica Allegiance,178,normal,common,10,43687,7c77a6b1-ef06-4da5-8e86-a5204216cb77,0.23,false,false,near_mint,en,EUR,2026-06-25T11:29:14.693Z
Scuttlegator,RNA,Ravnica Allegiance,218,normal,common,11,43647,d886fd9a-7800-41f1-b692-32a439b045da,0.03,false,false,near_mint,en,EUR,2026-06-25T11:29:14.691Z
Sphinx of the Guildpact,RNA,Ravnica Allegiance,241,normal,uncommon,4,43624,3d30399e-2ecb-4de2-b830-673a3f059197,0.07,false,false,near_mint,en,EUR,2026-06-25T11:29:14.690Z
Incubation // Incongruity,RNA,Ravnica Allegiance,226,normal,uncommon,6,43639,dd3a4d6e-34ae-4047-a9c7-11e28b0a276d,0.16,false,false,near_mint,en,EUR,2026-06-25T11:29:14.688Z
Frilled Mystic,RNA,Ravnica Allegiance,174,normal,uncommon,8,43691,50595d02-edad-48a6-b10c-6fa859cc88bb,0.2,false,false,near_mint,en,EUR,2026-06-25T11:29:14.686Z
Slimebind,RNA,Ravnica Allegiance,54,normal,common,6,43810,b6263410-20c5-43b4-8183-3c02c10d07fb,0.04,false,false,near_mint,en,EUR,2026-06-25T11:29:14.684Z
Windstorm Drake,RNA,Ravnica Allegiance,60,normal,uncommon,6,43804,120aa3b3-d358-4df3-be39-9b7ce926673a,0.1,false,false,near_mint,en,EUR,2026-06-25T11:29:14.683Z
Titanic Brawl,RNA,Ravnica Allegiance,146,normal,common,9,43719,bcf9b57a-a759-4488-965a-651070cd2156,0.11,false,false,near_mint,en,EUR,2026-06-25T11:29:14.682Z
Trollbred Guardian,RNA,Ravnica Allegiance,148,normal,uncommon,8,43717,8e3e51f6-7091-4cf3-86a3-b8c5946f3796,0.17,false,false,near_mint,en,EUR,2026-06-25T11:29:14.680Z
Faerie Duelist,RNA,Ravnica Allegiance,39,normal,common,9,43825,a7da9c9b-aeef-4f48-bc8f-39425841cc8c,0.09,false,false,near_mint,en,EUR,2026-06-25T11:29:14.678Z
Sylvan Brushstrider,RNA,Ravnica Allegiance,144,normal,common,7,43721,8bc288a3-ea56-450a-96fd-c2123121f663,0.02,false,false,near_mint,en,EUR,2026-06-25T11:29:14.677Z
Wilderness Reclamation,RNA,Ravnica Allegiance,149,normal,uncommon,5,43716,54af08f7-9c6c-464e-b2f7-2b5803f36481,0.95,false,false,near_mint,en,EUR,2026-06-25T11:29:14.675Z
Skitter Eel,RNA,Ravnica Allegiance,53,normal,common,12,43811,db328f03-7dae-445b-8e71-99dd88f26a9e,0.06,false,false,near_mint,en,EUR,2026-06-25T11:29:14.670Z
Open the Gates,RNA,Ravnica Allegiance,133,normal,common,10,43732,ff326c57-accb-4b75-9bc9-b5ef1a85f38d,0.12,false,false,near_mint,en,EUR,2026-06-25T11:29:14.668Z
Applied Biomancy,RNA,Ravnica Allegiance,153,normal,common,16,43712,f91ed618-7b0b-4a70-95ad-d9ed46e28692,0.1,false,false,near_mint,en,EUR,2026-06-25T11:29:14.667Z
Simic Guildgate,RNA,Ravnica Allegiance,258,normal,common,4,43607,62537433-3c49-417d-89ef-c12d5288bb6f,0.06,false,false,near_mint,en,EUR,2026-06-25T11:29:14.666Z
Gate Colossus,RNA,Ravnica Allegiance,232,normal,uncommon,3,43633,99767e2f-a558-4d63-b9b6-923d15b433e1,0.16,false,false,near_mint,en,EUR,2026-06-25T11:29:14.665Z
Steeple Creeper,RNA,Ravnica Allegiance,142,normal,common,10,43723,f4afafb4-3fc0-4ccf-a942-e4bd2f146d89,0.09,false,false,near_mint,en,EUR,2026-06-25T11:29:14.664Z
Gatebreaker Ram,RNA,Ravnica Allegiance,126,normal,uncommon,2,43739,5ef592d1-e5e1-4252-8741-402c32d65dfd,0.2,false,false,near_mint,en,EUR,2026-06-25T11:29:14.663Z
Simic Guildgate,RNA,Ravnica Allegiance,257,normal,common,7,43608,6e73e082-b16a-45d5-bc4a-24c694b0b9af,0.03,false,false,near_mint,en,EUR,2026-06-25T11:29:14.662Z
Sauroform Hybrid,RNA,Ravnica Allegiance,140,normal,common,10,43725,2f7ecad5-8bb5-416f-b8ef-a04aba4dc4b5,0.06,false,false,near_mint,en,EUR,2026-06-25T11:29:14.676Z
Aeromunculus,RNA,Ravnica Allegiance,152,normal,common,15,43713,671c94c1-df52-4985-ad78-3e1c9c78df18,0.06,false,false,near_mint,en,EUR,2026-06-25T11:29:14.679Z
Gateway Sneak,RNA,Ravnica Allegiance,40,normal,uncommon,6,43824,edc0229d-05e6-41b7-b7a9-2a8b2b258add,0.11,false,false,near_mint,en,EUR,2026-06-25T11:32:34.975Z
Silhana Wayfinder,RNA,Ravnica Allegiance,141,normal,uncommon,5,43724,ea6cd6a5-da6c-483c-a9f7-49e666ac0b6c,0.03,false,false,near_mint,en,EUR,2026-06-25T11:32:34.972Z
Territorial Boar,RNA,Ravnica Allegiance,145,normal,common,4,43720,5e9ddae7-7e7c-46c7-ad7d-9a686c256b9d,0.02,false,false,near_mint,en,EUR,2026-06-25T11:32:34.965Z
Gift of Strength,RNA,Ravnica Allegiance,127,normal,common,5,43738,bb363b1d-0b80-453c-98ca-e9f873bb7add,0.02,false,false,near_mint,en,EUR,2026-06-25T11:32:34.961Z
Enraged Ceratok,RNA,Ravnica Allegiance,125,normal,uncommon,5,43740,c44fc50f-8958-422f-933f-fd043d642c97,0.11,false,false,near_mint,en,EUR,2026-06-25T11:32:34.959Z
Humongulus,RNA,Ravnica Allegiance,41,normal,common,5,43823,21982dc7-4f79-4251-8382-95cd1f627e0f,0.06,false,false,near_mint,en,EUR,2026-06-25T11:32:34.958Z
Mammoth Spider,RNA,Ravnica Allegiance,132,normal,common,6,43733,9a684871-ff6e-4474-82da-30757c324c73,0.08,false,false,near_mint,en,EUR,2026-06-25T11:32:34.957Z
Prying Eyes,RNA,Ravnica Allegiance,46,normal,common,6,43818,11ee2c64-68f1-434b-8092-ae80d6575666,0.04,false,false,near_mint,en,EUR,2026-06-25T11:32:34.956Z
Pteramander,RNA,Ravnica Allegiance,47,normal,uncommon,5,43817,280f2a85-1900-460b-a768-164fc2dea636,0.11,false,false,near_mint,en,EUR,2026-06-25T11:32:34.955Z
Saruli Caretaker,RNA,Ravnica Allegiance,139,normal,common,7,43726,ef3358cb-714c-49bf-b7e9-a69d02d7799e,0.29,false,false,near_mint,en,EUR,2026-06-25T11:32:34.954Z
Persistent Petitioners,RNA,Ravnica Allegiance,44,normal,common,6,43820,e93f0c57-eb80-4dde-bdb0-326970491621,0.51,false,false,near_mint,en,EUR,2026-06-25T11:32:34.947Z
Biogenic Upgrade,RNA,Ravnica Allegiance,123,normal,uncommon,4,43742,0dd73fb2-453f-40b9-8beb-dfa99e6a706e,0.27,false,false,near_mint,en,EUR,2026-06-25T11:35:57.390Z
Chillbringer,RNA,Ravnica Allegiance,33,normal,common,5,43831,158547fa-7313-4e77-949f-afc68ebfb022,0.06,false,false,near_mint,en,EUR,2026-06-25T11:35:57.366Z
Verity Circle,RNA,Ravnica Allegiance,58,normal,rare,2,43806,3d866d26-b630-46d3-bcc2-b810c844cc89,0.49,false,false,near_mint,en,EUR,2026-06-25T11:38:36.677Z
Junktroller,RNA,Ravnica Allegiance,235,normal,uncommon,3,43630,03fd8ee5-0a2a-4c68-9b09-01945c7189ab,0.17,false,false,near_mint,en,EUR,2026-06-25T11:38:36.674Z
Sage's Row Savant,RNA,Ravnica Allegiance,49,normal,common,3,43815,d573626b-e7fa-4c31-a3d4-b853adfe787e,0.05,false,false,near_mint,en,EUR,2026-06-25T11:38:36.650Z
Eyes Everywhere,RNA,Ravnica Allegiance,38,normal,uncommon,1,43826,1fdbf073-3ee6-402b-bd40-4781f40a6cae,0.12,false,false,near_mint,en,EUR,2026-06-25T11:45:03.904Z
Quench,RNA,Ravnica Allegiance,48,normal,common,3,43816,ee0ba01b-de96-4f8f-9405-ff3ad288afac,0.07,false,false,near_mint,en,EUR,2026-06-25T11:45:03.888Z
Benthic Biomancer,RNA,Ravnica Allegiance,32,normal,rare,2,43832,7b0cb4d6-350b-4e66-b035-dac7b3ba77cc,0.26,false,false,near_mint,en,EUR,2026-06-25T11:45:03.878Z
Scorchmark,RNA,Ravnica Allegiance,113,normal,common,2,43752,2a14834f-78ae-4ca5-9ce0-5b928ad3d76c,0.03,false,false,near_mint,en,EUR,2026-06-25T11:52:11.400Z
Bolrac-Clan Crusher,RNA,Ravnica Allegiance,159,normal,uncommon,4,43706,5080975e-693a-44f5-a718-9ee947dada6d,0.03,false,false,near_mint,en,EUR,2026-06-25T11:52:11.397Z
Rubble Slinger,RNA,Ravnica Allegiance,217,normal,common,6,43648,f006255f-b18d-4d52-b97a-17909b67decc,0.04,false,false,near_mint,en,EUR,2026-06-25T11:52:11.396Z
Sunder Shaman,RNA,Ravnica Allegiance,210,normal,uncommon,2,43655,9bb6a8bb-9eec-4f9b-a5a8-604631e4b823,0.2,false,false,near_mint,en,EUR,2026-06-25T11:52:11.395Z
Zhur-Taa Goblin,RNA,Ravnica Allegiance,215,normal,uncommon,3,43650,13070db2-cf89-4552-8b6c-76426274321a,0.08,false,false,near_mint,en,EUR,2026-06-25T11:52:11.393Z
Collision // Colossus,RNA,Ravnica Allegiance,223,normal,uncommon,3,43642,9bd15da6-2b86-4dba-951d-318c7d9a5dde,0.25,false,false,near_mint,en,EUR,2026-06-25T11:52:11.388Z
Rumbling Ruin,RNA,Ravnica Allegiance,112,normal,uncommon,2,43753,71fe7057-de70-456d-8f33-f64652447bdd,0.02,false,false,near_mint,en,EUR,2026-06-25T11:52:11.387Z
Gravel-Hide Goblin,RNA,Ravnica Allegiance,105,normal,common,4,43759,4942068c-ffde-4a6b-849e-8acf05e1d2e1,0.02,false,false,near_mint,en,EUR,2026-06-25T11:52:11.384Z
Regenesis,RNA,Ravnica Allegiance,136,normal,uncommon,3,43729,18a362c1-af92-4094-a7c2-f09952767606,0.09,false,false,near_mint,en,EUR,2026-06-25T11:52:11.382Z
Clamor Shaman,RNA,Ravnica Allegiance,96,normal,uncommon,3,43768,b3f073d7-f60a-44c1-aec9-cf42bbdb3153,0.05,false,false,near_mint,en,EUR,2026-06-25T11:52:11.380Z
Burning-Tree Vandal,RNA,Ravnica Allegiance,94,normal,common,5,43770,c5674753-17e4-4e35-a12c-13e1e077ec70,0.06,false,false,near_mint,en,EUR,2026-06-25T11:52:11.378Z
Storm Strike,RNA,Ravnica Allegiance,119,normal,common,3,43746,8de24cba-545a-438b-9516-1c19a50ca78c,0.08,false,false,near_mint,en,EUR,2026-06-25T11:52:11.377Z
Rampaging Rendhorn,RNA,Ravnica Allegiance,135,normal,common,6,43730,12c1b820-0f06-41f6-804f-5c98f60c1529,0.03,false,false,near_mint,en,EUR,2026-06-25T11:52:11.375Z
Gruul Locket,RNA,Ravnica Allegiance,234,normal,common,6,43631,1ec78880-a8ec-4c87-bc3f-e2a79d154884,0.1,false,false,near_mint,en,EUR,2026-06-25T11:52:11.371Z
Biogenic Ooze,RNA,Ravnica Allegiance,122,normal,mythic,1,43743,6f11029a-b24d-4248-834f-b852b56857f6,0.84,false,false,near_mint,en,EUR,2026-06-25T11:52:11.368Z
Biomancer's Familiar,RNA,Ravnica Allegiance,158,normal,rare,2,43707,d38c9891-36d1-4565-9c4a-1cd9dbf8c048,0.73,false,false,near_mint,en,EUR,2026-06-25T11:52:11.331Z
Rubblebelt Runner,RNA,Ravnica Allegiance,202,normal,common,9,43663,78cc4e02-949f-4879-9f32-7c33490d0b45,0.04,false,false,near_mint,en,EUR,2026-06-25T11:52:11.373Z
Savage Smash,RNA,Ravnica Allegiance,203,normal,common,7,43662,4ca942d7-a3a3-429f-a159-fc2363d9bca6,0.08,false,false,near_mint,en,EUR,2026-06-25T11:52:11.376Z
Rubblebelt Recluse,RNA,Ravnica Allegiance,111,normal,common,5,43754,2faac11b-4ece-4537-aa55-c2d0afa41786,0.03,false,false,near_mint,en,EUR,2026-06-25T11:52:11.379Z
Tower Defense,RNA,Ravnica Allegiance,147,normal,uncommon,2,43718,195e94a4-a698-4c66-9428-5cc8a40d42c6,0.16,false,false,near_mint,en,EUR,2026-06-25T11:55:59.903Z
Gruul Beastmaster,RNA,Ravnica Allegiance,129,normal,uncommon,2,43736,2b0aaded-515f-4ac9-a72f-6948b4d4df51,0.07,false,false,near_mint,en,EUR,2026-06-25T11:55:59.897Z
Gruul Guildgate,RNA,Ravnica Allegiance,249,normal,common,5,43616,33d10573-1695-4a73-b92d-d478572b85ec,0.06,false,false,near_mint,en,EUR,2026-06-25T11:55:59.891Z
Gates Ablaze,RNA,Ravnica Allegiance,102,normal,uncommon,1,43762,2b574b44-01e1-4197-99bd-57e54aebc5ff,0.2,false,false,near_mint,en,EUR,2026-06-25T11:55:59.887Z
Gruul Guildgate,RNA,Ravnica Allegiance,250,normal,common,3,43615,8fffd445-de4f-45de-95b9-6e0855926a6a,0.04,false,false,near_mint,en,EUR,2026-06-25T11:55:59.885Z
Gruul Spellbreaker,RNA,Ravnica Allegiance,179,normal,rare,1,43686,326679a2-782d-45a0-9a06-b147ceff3979,0.27,false,false,near_mint,en,EUR,2026-06-25T11:55:59.881Z
Rhythm of the Wild,RNA,Ravnica Allegiance,201,normal,uncommon,3,43664,84062ce2-fea2-4e06-b83b-7cc597fb2a1b,3.42,false,false,near_mint,en,EUR,2026-06-25T11:55:59.900Z
Act of Treason,RNA,Ravnica Allegiance,91,normal,common,2,43773,1f2328c4-7344-48bf-b515-977499bcfd1c,0.05,false,false,near_mint,en,EUR,2026-06-25T12:00:26.348Z
Immolation Shaman,RNA,Ravnica Allegiance,106,normal,rare,1,43758,45e668e5-ef50-43eb-852e-b111370459c8,0.27,false,false,near_mint,en,EUR,2026-06-25T12:00:26.317Z
Ravager Wurm,RNA,Ravnica Allegiance,200,normal,mythic,1,43665,6d5a6085-bb5d-412e-8831-757996bbc8fb,0.44,false,false,near_mint,en,EUR,2026-06-25T12:00:38.627Z
Repudiate // Replicate,RNA,Ravnica Allegiance,227,normal,rare,1,43638,f6200937-3146-4972-ab83-051ade3b7a52,0.2,false,false,near_mint,en,EUR,2026-06-25T12:00:38.626Z
Island,NEO,Kamigawa: Neon Dynasty,295,foil,common,5,66494,f0578f26-1396-4e1d-9986-8fc6c55aeb66,4.22,false,false,near_mint,en,EUR,2026-06-25T12:14:45.990Z
Island,NEO,Kamigawa: Neon Dynasty,296,foil,common,6,66487,7132999f-6e2d-4689-8131-7b12076a348d,3.37,false,false,near_mint,en,EUR,2026-06-25T12:14:45.989Z
Forest,NEO,Kamigawa: Neon Dynasty,301,foil,common,6,66490,acc778ae-a2d0-493f-963d-e946bd7cacd9,1.87,false,false,near_mint,en,EUR,2026-06-25T12:14:45.988Z
Forest,NEO,Kamigawa: Neon Dynasty,302,foil,common,5,66492,c8179106-e5d7-457a-9250-70df980b38ce,2.28,false,false,near_mint,en,EUR,2026-06-25T12:14:45.987Z
Seraph of the Scales,RNA,Ravnica Allegiance,205,normal,mythic,1,43660,d602e9e6-31ed-4d17-b39c-457b3b182943,0.54,false,false,near_mint,en,EUR,2026-06-26T13:37:47.295Z
Sphinx of New Prahv,RNA,Ravnica Allegiance,208,normal,uncommon,1,43657,d9aec56e-50a3-491f-89c6-32907ea3161a,0.08,false,false,near_mint,en,EUR,2026-06-26T13:37:47.294Z
Dovin's Acuity,RNA,Ravnica Allegiance,168,normal,uncommon,1,43697,0b191592-7221-422a-8b5a-65f7b1caec1a,0.08,false,false,near_mint,en,EUR,2026-06-26T13:37:47.293Z
Rakdos Trumpeter,RNA,Ravnica Allegiance,84,normal,common,2,43780,2822aff3-9985-424b-9f19-b49e987c25e4,0.03,false,false,near_mint,en,EUR,2026-06-26T13:37:47.285Z
Bring to Trial,RNA,Ravnica Allegiance,5,normal,common,3,43859,63d566fc-0936-4035-96fd-f8b0c4eadbf5,0.06,false,false,near_mint,en,EUR,2026-06-26T13:37:47.284Z
Centaur,TRNA,Ravnica Allegiance Tokens,5,normal,common,1,43587,5fc993a7-a1ce-4403-a0a0-2afc9f9eca42,0.14,false,false,near_mint,en,EUR,2026-06-26T13:37:47.281Z
Hero of Precinct One,RNA,Ravnica Allegiance,11,normal,rare,2,43853,87732718-1067-4e5f-a76d-409539c9ef3f,0.3,false,false,near_mint,en,EUR,2026-06-26T13:37:47.279Z
Rakdos Locket,RNA,Ravnica Allegiance,237,normal,common,2,43628,4fd60d9b-2282-4b32-9bff-efb2bcf87d22,0.11,false,false,near_mint,en,EUR,2026-06-26T13:37:47.271Z
Concordia Pegasus,RNA,Ravnica Allegiance,7,normal,common,3,43857,8a7fdf7b-022c-4900-9344-9b13d41c1604,0.03,false,false,near_mint,en,EUR,2026-06-26T13:37:47.268Z
"Domri, Chaos Bringer Emblem",TRNA,Ravnica Allegiance Tokens,13,normal,common,1,43579,44717d19-d8c2-45ba-9904-00c0c79ee0c3,0.11,false,false,near_mint,en,EUR,2026-06-26T13:37:47.264Z
Rumbling Ruin,RNA,Ravnica Allegiance,112,foil,uncommon,1,43753,71fe7057-de70-456d-8f33-f64652447bdd,0.25,false,false,near_mint,en,EUR,2026-06-26T13:37:47.262Z
Precognitive Perception,RNA,Ravnica Allegiance,45,normal,rare,1,43819,724fd1ea-05ad-497c-9989-825ada48e684,0.23,false,false,near_mint,en,EUR,2026-06-26T13:37:47.260Z
Clear the Stage,RNA,Ravnica Allegiance,68,normal,uncommon,1,43796,0ac65975-6ff5-4863-b7b7-d7dbea213b50,0.07,false,false,near_mint,en,EUR,2026-06-26T13:37:47.259Z
Haazda Officer,RNA,Ravnica Allegiance,10,normal,common,2,43854,5ba5f096-c6ea-4db6-966b-617e3454813f,0.03,false,false,near_mint,en,EUR,2026-06-26T13:37:47.253Z
Feral Maaka,RNA,Ravnica Allegiance,100,normal,common,1,43764,3c969aa0-b0e5-42cd-abba-0a3c7266142c,0.12,false,false,near_mint,en,EUR,2026-06-26T13:37:47.250Z
Sagittars' Volley,RNA,Ravnica Allegiance,138,foil,common,1,43727,d3104cad-e684-4bd7-b26b-5aa862f7a2b3,0.15,false,false,near_mint,en,EUR,2026-06-26T13:37:47.247Z
Amplifire,RNA,Ravnica Allegiance,92,normal,rare,1,43772,7a58c77f-7c15-44f4-8011-6046482a2d08,0.13,false,false,near_mint,en,EUR,2026-06-26T13:37:47.245Z
Carnival // Carnage,RNA,Ravnica Allegiance,222,normal,uncommon,1,43643,d1dbc559-c78c-4675-9582-9c28f8151bc7,0.16,false,false,near_mint,en,EUR,2026-06-26T13:37:47.243Z
Burn Bright,RNA,Ravnica Allegiance,93,normal,common,1,43771,b8574ffd-3e72-41de-90bf-69363189f047,0.02,false,false,near_mint,en,EUR,2026-06-26T13:37:47.241Z
Coral Commando,RNA,Ravnica Allegiance,36,normal,common,3,43828,889cc2a0-d9a6-4368-92e0-055a7d7bf9d1,0.05,false,false,near_mint,en,EUR,2026-06-26T13:37:47.238Z
Mirror March,RNA,Ravnica Allegiance,108,normal,rare,1,43757,50a27943-f08c-4cbd-affb-8e59411b3d4f,1.0,false,false,near_mint,en,EUR,2026-06-26T13:37:47.229Z
Smelt-Ward Ignus,RNA,Ravnica Allegiance,116,normal,uncommon,1,43749,4f24b2b6-b994-455f-b8e6-aa73e1be81b4,0.06,false,false,near_mint,en,EUR,2026-06-26T13:37:47.226Z
Final Payment,RNA,Ravnica Allegiance,171,normal,common,2,43694,49a21a8f-9c7b-4ae8-8635-f2ee2151c8de,0.12,false,false,near_mint,en,EUR,2026-06-26T13:37:47.225Z
Orzhov Locket,RNA,Ravnica Allegiance,236,normal,common,2,43629,761e7188-bad1-4775-84a2-15da9a42a57c,0.08,false,false,near_mint,en,EUR,2026-06-26T13:37:47.221Z
Thopter,TRNA,Ravnica Allegiance Tokens,11,normal,common,1,43581,8dd768c3-f278-41f8-b329-8403391d6326,0.1,false,false,near_mint,en,EUR,2026-06-26T13:37:47.215Z
Gateway Plaza,RNA,Ravnica Allegiance,247,normal,common,2,43618,3433a2c2-d252-4cd8-97e8-389875b2cda0,0.08,false,false,near_mint,en,EUR,2026-06-26T13:37:47.207Z
Impassioned Orator,RNA,Ravnica Allegiance,12,normal,common,2,43852,2bd746e3-8934-4c86-894e-2cb1738b1d58,0.12,false,false,near_mint,en,EUR,2026-06-26T13:37:47.201Z
Orzhov Enforcer,RNA,Ravnica Allegiance,79,normal,uncommon,1,43785,6a72b49e-be14-485b-a467-31cbac9aa1c5,0.09,false,false,near_mint,en,EUR,2026-06-26T13:37:47.196Z
Bankrupt in Blood,RNA,Ravnica Allegiance,62,normal,uncommon,1,43802,e635c433-0398-442a-856e-1869f6bf2cfd,0.15,false,false,near_mint,en,EUR,2026-06-26T13:37:47.194Z
Undercity Scavenger,RNA,Ravnica Allegiance,88,normal,common,2,43776,1be7e297-4602-44f8-b919-07015813fd7e,0.02,false,false,near_mint,en,EUR,2026-06-26T13:37:47.187Z
Treasure,TRNA,Ravnica Allegiance Tokens,12,normal,common,1,43580,0559f9f3-eff0-465d-93c1-e875a8afe87f,0.14,false,false,near_mint,en,EUR,2026-06-26T13:37:47.183Z
Hackrobat,RNA,Ravnica Allegiance,181,normal,uncommon,1,43684,a41335c2-3d11-4f95-8d9f-66b04398c10b,0.05,false,false,near_mint,en,EUR,2026-06-26T13:37:47.180Z
Code of Constraint,RNA,Ravnica Allegiance,35,normal,uncommon,1,43829,258aeef1-565a-4f19-b12c-d46d54ba231d,0.06,false,false,near_mint,en,EUR,2026-06-26T13:37:47.178Z
Footlight Fiend,RNA,Ravnica Allegiance,216,normal,common,1,43649,8c604697-5c81-4329-9b16-f19bd90ba08c,0.08,false,false,near_mint,en,EUR,2026-06-26T13:37:47.172Z
Vizkopa Vampire,RNA,Ravnica Allegiance,220,normal,common,1,43645,61245466-694f-4a80-b556-4e7f876aedca,0.05,false,false,near_mint,en,EUR,2026-06-26T13:37:47.171Z
Azorius Locket,RNA,Ravnica Allegiance,231,normal,common,2,43634,13aed078-9e29-48e7-b145-5252362031a0,0.1,false,false,near_mint,en,EUR,2026-06-26T13:37:47.169Z
Pestilent Spirit,RNA,Ravnica Allegiance,81,normal,rare,1,43783,5f9a0387-5116-484b-bb2b-064bd42e7fff,0.41,false,false,near_mint,en,EUR,2026-06-26T13:37:47.165Z
Dagger Caster,RNA,Ravnica Allegiance,97,normal,uncommon,1,43767,48a7ac34-ec4a-4571-abb1-bff1fb67c78f,0.19,false,false,near_mint,en,EUR,2026-06-26T13:37:47.162Z
Rakdos Roustabout,RNA,Ravnica Allegiance,198,normal,common,1,43667,5ed534af-e16a-4d1d-8884-938fc7e13ca8,0.07,false,false,near_mint,en,EUR,2026-06-26T13:37:47.157Z
Twilight Panther,RNA,Ravnica Allegiance,28,normal,common,2,43836,5fb149cc-74ca-4bc3-8efc-10ce872b59fb,0.11,false,false,near_mint,en,EUR,2026-06-26T13:37:47.156Z
Senate Courier,RNA,Ravnica Allegiance,50,normal,common,3,43814,da8dc5c8-4eb7-4e41-8431-b41251f7814e,0.03,false,false,near_mint,en,EUR,2026-06-26T13:37:47.154Z
Frog Lizard,TRNA,Ravnica Allegiance Tokens,6,normal,common,1,43586,495d3391-6311-418e-b55a-10c0af751026,0.19,false,false,near_mint,en,EUR,2026-06-26T13:37:47.151Z
Skarrgan Hellkite,RNA,Ravnica Allegiance,114,normal,mythic,1,43751,be941a2e-4eb0-45b3-9da0-834053907a65,0.39,false,false,near_mint,en,EUR,2026-06-26T13:37:47.149Z
Mortify,RNA,Ravnica Allegiance,192,normal,uncommon,1,43673,ebf6c0dc-5c7b-4170-99bc-2637ea44e716,0.13,false,false,near_mint,en,EUR,2026-06-26T13:37:47.147Z
Get the Point,RNA,Ravnica Allegiance,176,normal,common,1,43689,821c4ab5-eb75-445a-bbec-e50af54dba7a,0.04,false,false,near_mint,en,EUR,2026-06-26T13:37:47.145Z
Grotesque Demise,RNA,Ravnica Allegiance,75,normal,common,1,43789,b698c5e1-3816-4f35-8e39-65dc68f5c64f,0.04,false,false,near_mint,en,EUR,2026-06-26T13:37:47.142Z
Arrester's Zeal,RNA,Ravnica Allegiance,4,normal,common,2,43860,b075a6f2-5196-45e9-b062-f131f7b1a347,0.08,false,false,near_mint,en,EUR,2026-06-26T13:37:47.136Z
Rakdos Guildgate,RNA,Ravnica Allegiance,255,normal,common,1,43610,26f7e55d-d4c9-4755-ab87-a592ba3fb64f,0.03,false,false,near_mint,en,EUR,2026-06-26T13:37:47.134Z
Font of Agonies,RNA,Ravnica Allegiance,74,normal,rare,1,43790,d7c02aec-4a89-4ccc-8525-6f979c10d799,0.63,false,false,near_mint,en,EUR,2026-06-26T13:37:47.133Z
Basilica Bell-Haunt,RNA,Ravnica Allegiance,156,normal,uncommon,2,43709,e72f4329-db6f-4284-b63e-55f22a0a0f6e,0.18,false,false,near_mint,en,EUR,2026-06-26T13:37:47.131Z
Summary Judgment,RNA,Ravnica Allegiance,24,normal,common,2,43840,c0b20fec-8373-4c6c-b3c1-ee7cff64dd37,0.07,false,false,near_mint,en,EUR,2026-06-26T13:37:47.125Z
"Zegana, Utopian Speaker",RNA,Ravnica Allegiance,214,normal,rare,1,43651,dd199a48-5ac8-4ab9-a33c-bbce6f7c9d1b,0.29,false,false,near_mint,en,EUR,2026-06-26T13:37:47.119Z
Drill Bit,RNA,Ravnica Allegiance,73,normal,uncommon,1,43791,73f8710c-9c5e-4d11-b45f-0728c54bd631,0.16,false,false,near_mint,en,EUR,2026-06-26T13:37:47.114Z
Debtors' Transport,RNA,Ravnica Allegiance,72,normal,common,1,43792,7cd03b99-d62e-428a-9e0d-097f1227a4da,0.07,false,false,near_mint,en,EUR,2026-06-26T13:37:47.112Z
Tenth District Veteran,RNA,Ravnica Allegiance,26,normal,common,2,43838,ef573e92-3106-4b42-90e8-0e165de0659f,0.02,false,false,near_mint,en,EUR,2026-06-26T13:37:47.105Z
Bladebrand,RNA,Ravnica Allegiance,64,normal,common,2,43800,f738545d-5483-45ec-bb31-d62b0fae9ea7,0.04,false,false,near_mint,en,EUR,2026-06-26T13:37:47.109Z
Undercity's Embrace,RNA,Ravnica Allegiance,89,normal,common,2,43775,bfcb9805-eca0-476c-9480-0c958acdb50f,0.06,false,false,near_mint,en,EUR,2026-06-26T13:37:47.120Z
Human,TRNA,Ravnica Allegiance Tokens,1,normal,common,2,43591,5f2a2483-d21f-4c31-9a36-ed7c5672894b,0.17,false,false,near_mint,en,EUR,2026-06-26T13:37:47.135Z
Skewer the Critics,RNA,Ravnica Allegiance,115,normal,common,2,43750,97295660-6bea-46ae-9a3b-0fc6abba407f,0.17,false,false,near_mint,en,EUR,2026-06-26T13:37:47.138Z
Prowling Caracal,RNA,Ravnica Allegiance,17,normal,common,3,43847,c5382fc4-3384-449e-a83f-43a59158d55b,0.09,false,false,near_mint,en,EUR,2026-06-26T13:37:47.141Z
Thirsting Shade,RNA,Ravnica Allegiance,87,normal,common,2,43777,a920c2e6-4a1f-487c-ad3f-b772443f0633,0.03,false,false,near_mint,en,EUR,2026-06-26T13:37:47.152Z
Azorius Guildgate,RNA,Ravnica Allegiance,243,normal,common,3,43622,93cf5412-c711-41b4-ab3b-7788a0a22228,0.04,false,false,near_mint,en,EUR,2026-06-26T13:37:47.166Z
Imperious Oligarch,RNA,Ravnica Allegiance,184,normal,common,2,43681,fd27ba9e-5b9c-468f-9a44-bf2e89138e72,0.13,false,false,near_mint,en,EUR,2026-06-26T13:37:47.173Z
Blade Juggler,RNA,Ravnica Allegiance,63,normal,common,3,43801,099bc474-e656-4167-b105-3a3a36c0b23e,0.08,false,false,near_mint,en,EUR,2026-06-26T13:37:47.176Z
Orzhov Guildgate,RNA,Ravnica Allegiance,252,normal,common,2,43613,cba5fb67-e161-4e89-be3e-c8021122ff19,0.05,false,false,near_mint,en,EUR,2026-06-26T13:37:47.182Z
Catacomb Crocodile,RNA,Ravnica Allegiance,67,normal,common,2,43797,440c53f0-7922-4e14-802d-d7a22f8fed85,0.06,false,false,near_mint,en,EUR,2026-06-26T13:37:47.192Z
Beast,TRNA,Ravnica Allegiance Tokens,8,normal,common,2,43584,87ec9ade-1e06-43c9-97df-55465cabdf32,0.06,false,false,near_mint,en,EUR,2026-06-26T13:37:47.199Z
Syndicate Messenger,RNA,Ravnica Allegiance,25,normal,common,4,43839,10273046-4c74-42d8-afaa-6cfbe0bd4e8f,0.03,false,false,near_mint,en,EUR,2026-06-26T13:37:47.209Z
Orzhov Guildgate,RNA,Ravnica Allegiance,253,normal,common,3,43612,f7046b5e-622f-4ae8-9ddd-709ccd61000e,0.06,false,false,near_mint,en,EUR,2026-06-26T13:37:47.214Z
Azorius Knight-Arbiter,RNA,Ravnica Allegiance,154,normal,common,4,43711,60befc28-2ab8-4b59-a33f-0328c5d2f995,0.04,false,false,near_mint,en,EUR,2026-06-26T13:37:47.223Z
Spirit,TRNA,Ravnica Allegiance Tokens,10,normal,common,2,43582,45b3bdd7-b093-4bfd-8a9a-965e72bfefb3,0.14,false,false,near_mint,en,EUR,2026-06-26T13:37:47.231Z
Noxious Groodion,RNA,Ravnica Allegiance,78,normal,common,3,43786,b6cb3d78-1a60-4e9b-b387-afeb58677536,0.04,false,false,near_mint,en,EUR,2026-06-26T13:37:47.232Z
Resolute Watchdog,RNA,Ravnica Allegiance,19,normal,uncommon,2,43845,56d86909-b7f3-4a46-9904-e173853b79f1,0.23,false,false,near_mint,en,EUR,2026-06-26T13:37:47.240Z
Ill-Gotten Inheritance,RNA,Ravnica Allegiance,77,normal,common,2,43787,3d44b342-f611-4836-a9d5-83b00a24318f,0.17,false,false,near_mint,en,EUR,2026-06-26T13:37:47.257Z
Tin Street Dodger,RNA,Ravnica Allegiance,120,normal,uncommon,2,43745,b3815ab6-87cd-4310-8068-ec721ee10a24,0.15,false,false,near_mint,en,EUR,2026-06-26T13:37:47.274Z
Research // Development,DIS,Dissension,155,normal,rare,1,27270,5d48ee48-aaeb-4907-b9dc-32f22e95ae4c,0.21,false,false,near_mint,en,EUR,2026-06-26T17:43:38.583Z
Bound // Determined,DIS,Dissension,149,normal,rare,1,27276,9dc20e14-e304-4c14-a87b-322a76e214d5,0.21,false,false,near_mint,en,EUR,2026-06-26T17:43:38.582Z
Cytoshape,DIS,Dissension,108,normal,rare,1,27317,758023cb-548a-4a98-a355-f5c6e9eab5ff,0.33,false,false,near_mint,en,EUR,2026-06-26T17:43:38.581Z
Omnibian,GK2,RNA Guild Kit,121,normal,rare,1,43912,3eb70bdf-16af-46bf-a78b-bd3bdd9134ae,1.86,false,false,near_mint,en,EUR,2026-06-26T17:43:38.580Z
Voidslime,GK2,RNA Guild Kit,127,normal,rare,2,43906,7fcdf84e-0156-46ee-81a2-784fe60d6525,0.55,false,false,near_mint,en,EUR,2026-06-26T17:43:38.577Z
Temple Garden,RVR,Ravnica Remastered,290,normal,rare,1,89581,18d2e383-d380-4d18-8aad-bd8ea093a16c,7.44,false,false,near_mint,en,EUR,2026-06-26T17:43:38.576Z
Copy Enchantment,RVR,Ravnica Remastered,39,normal,rare,1,89907,ce82b316-8982-41bf-a990-6b776a9e83ac,0.69,false,false,near_mint,en,EUR,2026-06-26T17:43:38.575Z
Vedalken Shackles,5DN,Fifth Dawn,164,normal,rare,1,29331,cef06f56-a7a8-4c0f-8755-56b46d2aa82c,3.57,false,false,near_mint,en,EUR,2026-06-26T17:43:38.574Z
Simic Sky Swallower,CMR,Commander Legends,452,normal,rare,1,56247,f791b7fa-3d12-409d-b017-cb9fd8b71af7,0.16,false,false,near_mint,en,EUR,2026-06-26T17:43:38.573Z
Cytoplast Manipulator,DIS,Dissension,23,normal,rare,1,27402,cfb6b06d-b132-44e9-a743-61187afb6152,2.8,false,false,near_mint,en,EUR,2026-06-26T17:43:38.572Z
"Momir Vig, Simic Visionary",DIS,Dissension,118,normal,rare,3,27307,25a8c801-df0c-402b-a41c-4703a2abfb66,0.91,false,false,near_mint,en,EUR,2026-06-26T17:43:38.563Z
Elemental Resonance,DIS,Dissension,83,normal,rare,4,27342,9757631a-c505-4a16-94c1-8bb609ce7bc5,0.42,false,false,near_mint,en,EUR,2026-06-26T17:43:38.560Z
Experiment Kraj,CMM,Commander Masters,337,normal,rare,4,84461,6d938197-2557-421a-985e-5add932d4bac,0.18,false,false,near_mint,en,EUR,2026-06-26T17:43:38.559Z
Sprouting Phytohydra,DIS,Dissension,95,normal,rare,2,27330,6a478eaa-2658-49db-965f-db25fc1d720e,1.5,false,false,near_mint,en,EUR,2026-06-26T17:43:38.561Z
Evolution Vat,DIS,Dissension,161,normal,rare,2,27264,4ed874e4-87ca-41f0-af0a-a803194d78c9,0.3,false,false,near_mint,en,EUR,2026-06-26T17:43:38.564Z
Cytoplast Root-Kin,GK2,RNA Guild Kit,110,normal,rare,4,43923,b276988e-dbf1-41a5-8b7f-ad5374f500fc,0.24,false,false,near_mint,en,EUR,2026-06-26T17:43:38.566Z
Protean Hulk,RVR,Ravnica Remastered,153,normal,mythic,2,89733,69bf0bb7-3076-4dbf-a72e-4d91560be2fe,5.25,false,false,near_mint,en,EUR,2026-06-26T17:43:38.570Z
Biomantic Mastery,C15,Commander 2015,239,normal,rare,2,9797,8d63d4b7-5378-4ba9-9a5f-3ab385d83568,0.25,false,false,near_mint,en,EUR,2026-06-26T17:43:38.578Z
Scourge of Kher Ridges,FUT,Future Sight,107,normal,rare,1,26230,bede410a-8b5c-48c0-8f5d-d8bd17e0b86b,1.1,false,false,near_mint,en,EUR,2026-06-26T17:45:55.386Z
Defiant Vanguard,TSB,Time Spiral Timeshifted,5,normal,special,1,27016,a37acadc-0e58-4f44-93f4-dd465b9ee06f,0.14,false,false,near_mint,en,EUR,2026-06-26T17:45:55.385Z
Angel of Salvation,MOC,March of the Machine Commander,170,normal,rare,1,81832,9e71046b-1284-4d7f-93dd-a632c74d9cca,0.13,false,false,near_mint,en,EUR,2026-06-26T17:45:55.384Z
Coalition Relic,M3C,Modern Horizons 3 Commander,286,normal,rare,1,94746,54f816e4-76ed-4f09-8398-a73e06dce3e6,0.27,false,false,near_mint,en,EUR,2026-06-26T17:45:55.383Z
Magus of the Library,PLC,Planar Chaos,134,normal,rare,1,26400,899db99b-df27-4848-a23d-5c645deae450,0.3,false,false,near_mint,en,EUR,2026-06-26T17:45:55.382Z
Mesa Enchantress,PLC,Planar Chaos,26,normal,rare,1,26508,4037d6de-f30b-483c-83a8-9a4e2978f7fc,0.56,false,false,near_mint,en,EUR,2026-06-26T17:45:55.381Z
Nihilith,CLB,Commander Legends: Battle for Baldur's Gate,765,normal,rare,1,69527,598900a0-e244-45e3-a04a-685837fb1867,0.18,false,false,near_mint,en,EUR,2026-06-26T17:45:55.380Z
Magus of the Arena,C13,Commander 2013,115,normal,rare,1,15271,91e1c919-58e8-4637-a030-99ae90165585,0.11,false,false,near_mint,en,EUR,2026-06-26T17:45:55.379Z
Rakdos Riteknife,DIS,Dissension,164,normal,rare,1,27261,7fb6e10a-3df1-4c6f-bf4c-d4a2a0467c60,0.29,false,false,near_mint,en,EUR,2026-06-26T17:45:55.378Z
Ratcatcher,A25,Masters 25,103,normal,rare,1,2613,e9cb08a7-cfcf-49ee-948b-4be859c1d256,6.42,false,false,near_mint,en,EUR,2026-06-26T17:45:55.377Z
War's Toll,BBD,Battlebond,187,normal,rare,1,1806,3a08f7fe-8ca9-4604-85c8-9050298730ea,4.97,false,false,near_mint,en,EUR,2026-06-26T17:45:55.376Z
Stalking Vengeance,RVR,Ravnica Remastered,126,normal,uncommon,2,89599,22ab5c53-932e-465d-84b7-2c8263c835e9,0.24,false,false,near_mint,en,EUR,2026-06-26T17:45:55.375Z
Hide // Seek,DIS,Dissension,151,normal,rare,1,27274,ac347ec8-4537-4cdf-aeff-44da1f7be01b,0.66,false,false,near_mint,en,EUR,2026-06-26T17:45:55.374Z
Rakdos Augermage,DIS,Dissension,127,normal,rare,1,27298,b5507ec6-430e-41bf-8ac8-42a79f11012d,0.17,false,false,near_mint,en,EUR,2026-06-26T17:45:55.373Z
Magus of the Abyss,2XM,Double Masters,97,normal,rare,1,51963,9954157a-0c05-4788-8a0f-6093ebbb38c3,0.26,false,false,near_mint,en,EUR,2026-06-26T17:45:55.372Z
Anthem of Rakdos,DIS,Dissension,102,normal,rare,1,27323,ea00d757-0ea9-4123-89f6-0a437d7fd33d,0.35,false,false,near_mint,en,EUR,2026-06-26T17:45:55.371Z
Kaervek the Merciless,2X2,Double Masters 2022,236,normal,rare,3,70541,d9b8259d-0bfa-4327-ac91-157c0b9e7dfb,0.19,false,false,near_mint,en,EUR,2026-06-26T17:45:55.370Z
Rakdos the Defiler,GK2,RNA Guild Kit,71,normal,rare,2,43956,d891044d-9e74-4c5d-95e6-83ceb5163ca8,1.15,false,false,near_mint,en,EUR,2026-06-26T17:45:55.369Z
Isperia the Inscrutable,GK2,RNA Guild Kit,13,normal,rare,2,44008,0ca226e3-e392-4c7c-88f0-14e6e3bd17ad,0.22,false,false,near_mint,en,EUR,2026-06-26T17:49:08.317Z
Hunted Lammasu,C21,Commander 2021,94,normal,rare,1,58726,ea6daa57-1520-40a9-90c7-fa7283f4a687,0.12,false,false,near_mint,en,EUR,2026-06-26T17:49:08.316Z
Turn the Tables,DST,Darksteel,18,normal,rare,2,29643,f79b38c5-4be1-4f33-92e8-6fe0476b5299,0.23,false,false,near_mint,en,EUR,2026-06-26T17:49:08.315Z
Haazda Shield Mate,DIS,Dissension,12,normal,rare,2,27413,8940e8c6-1423-4dbf-89c8-9055bf15d4ec,0.23,false,false,near_mint,en,EUR,2026-06-26T17:49:08.314Z
Dovescape,GK2,RNA Guild Kit,11,normal,rare,1,44010,e2bd6ecd-a786-4c83-99c5-50515a691417,1.0,false,false,near_mint,en,EUR,2026-06-26T17:49:08.313Z
Tidespout Tyrant,RVR,Ravnica Remastered,63,normal,rare,2,89933,db68f47b-f49a-4978-acdd-453ecfb948da,1.09,false,false,near_mint,en,EUR,2026-06-26T17:49:08.312Z
Windreaver,GK2,RNA Guild Kit,22,normal,rare,2,43999,09be20e5-58f1-40ea-a89d-437f46588a6d,0.16,false,false,near_mint,en,EUR,2026-06-26T17:49:08.311Z
Scion of the Ur-Dragon,C17,Commander 2017,192,normal,rare,1,4263,565b2a40-57b1-451f-8c2a-e02222502288,3.37,false,false,near_mint,en,EUR,2026-06-26T17:49:08.310Z
Retether,WOC,Wilds of Eldraine Commander,72,normal,rare,2,85511,79bd15d3-255b-4aa5-8c71-04f7f9eacfd1,11.44,false,false,near_mint,en,EUR,2026-06-26T17:49:08.309Z
Groundbreaker,PLC,Planar Chaos,148,normal,rare,1,26386,f467cdea-6166-4289-918b-18f5038c94ed,0.87,false,false,near_mint,en,EUR,2026-06-26T17:49:08.308Z
Porphyry Nodes,TSR,Time Spiral Remastered,32,normal,rare,1,57897,dfe6f333-ccb4-44ea-be59-bba6335acf99,0.37,false,false,near_mint,en,EUR,2026-06-26T17:49:08.307Z
Volcano Hellion,PLC,Planar Chaos,111,normal,rare,1,26423,026b1a54-ab62-431d-a23e-5890d3932c7e,0.48,false,false,near_mint,en,EUR,2026-06-26T17:49:08.306Z
Jedit Ojanen of Efrava,C17,Commander 2017,153,normal,rare,1,4302,aba23c7b-27c0-440b-b9b2-f1cd3892ba7b,0.73,false,false,near_mint,en,EUR,2026-06-26T17:49:08.305Z
"Radha, Heir to Keld",TSR,Time Spiral Remastered,259,normal,rare,1,57711,7924e5a5-9614-4fd0-a621-80fa3103cc22,0.19,false,false,near_mint,en,EUR,2026-06-26T17:49:08.304Z
Heroes Remembered,PLC,Planar Chaos,7,normal,rare,2,26527,9902b260-82cf-4b10-a353-321231824a3b,0.34,false,false,near_mint,en,EUR,2026-06-26T17:49:08.303Z
Timbermare,PLC,Planar Chaos,140,normal,rare,1,26394,2d604bac-58b7-4479-8ab8-2e0680746e0e,0.31,false,false,near_mint,en,EUR,2026-06-26T17:49:08.302Z
Magus of the Bazaar,UMA,Ultimate Masters,63,foil,rare,1,43436,d117ed81-7b5c-4e29-b958-6126d48ac5a6,0.69,false,false,near_mint,en,EUR,2026-06-26T17:49:08.301Z
Fungal Behemoth,PLC,Planar Chaos,128,normal,rare,1,26406,53c1910b-9475-4551-b9a0-4b24511a6f98,0.3,false,false,near_mint,en,EUR,2026-06-26T17:49:08.300Z
Haazda Exonerator,DIS,Dissension,11,foil,common,1,27414,87ca97f2-cf38-4d68-80a9-f4e890271e5c,0.18,false,false,near_mint,en,EUR,2026-06-26T17:51:58.381Z
Ghostfire,FUT,Future Sight,115,foil,common,1,26222,a60475e5-0d37-4af0-b717-da4c8dea45ac,0.65,false,false,near_mint,en,EUR,2026-06-26T17:51:58.380Z
Daybreak Coronet,FUT,Future Sight,21,normal,rare,1,26316,2f208f3d-ad21-477a-9e9b-de19afd536b0,2.39,false,false,near_mint,en,EUR,2026-06-26T17:51:58.379Z
Thunderblade Charge,FUT,Future Sight,124,normal,rare,1,26213,88a85be1-9de5-4f96-9fd1-15f3f17c4bea,0.23,false,false,near_mint,en,EUR,2026-06-26T17:51:58.378Z
Molten Disaster,C13,Commander 2013,117,normal,rare,1,15269,17ca6865-e894-4390-ba27-b7cc8b03a424,0.32,false,false,near_mint,en,EUR,2026-06-26T17:51:58.377Z
Spellweaver Volute,FUT,Future Sight,59,normal,rare,1,26278,79cc73ea-3f07-4d11-9961-dc31ac598b73,0.62,false,false,near_mint,en,EUR,2026-06-26T17:51:58.376Z
Quagnoth,FUT,Future Sight,150,normal,rare,1,26187,335c3aa3-af89-44ce-955a-69e12d83175f,0.14,false,false,near_mint,en,EUR,2026-06-26T17:51:58.375Z
Yavimaya's Embrace,2XM,Double Masters,229,normal,uncommon,1,52099,1ac29eb6-2770-4723-942b-b393c2abc02b,0.07,false,false,near_mint,en,EUR,2026-06-26T17:51:58.374Z
Fatal Frenzy,PLC,Planar Chaos,98,normal,rare,1,26436,4e2fe87d-e886-4e30-8ff2-3886199f0461,0.27,false,false,near_mint,en,EUR,2026-06-26T17:51:58.373Z
"Adamaro, First to Desire",SOK,Saviors of Kamigawa,91,foil,rare,1,28447,d2fa85ea-f5d5-4be3-a874-ce246c3e4245,8.02,false,false,near_mint,en,EUR,2026-06-26T17:51:58.372Z
Plague Sliver,TSP,Time Spiral,124,normal,rare,1,26776,703d491e-b25f-44fa-8b76-b955a4e75ba5,0.35,false,false,near_mint,en,EUR,2026-06-26T17:51:58.371Z
Swift Silence,DIS,Dissension,132,normal,rare,4,27293,a1c5f733-e126-4c22-b528-18bdb90b509b,0.23,false,false,near_mint,en,EUR,2026-06-26T17:51:58.370Z
Synod Artificer,DST,Darksteel,34,normal,rare,1,29627,dc895eea-505d-4a12-936b-dcf9895d01a1,0.34,false,false,near_mint,en,EUR,2026-06-26T17:51:58.369Z
Arcbound Overseer,DST,Darksteel,99,normal,rare,1,29562,8b64717e-0e7b-4b4c-ba82-48498ee87aad,0.73,false,false,near_mint,en,EUR,2026-06-26T17:51:58.368Z
Bronze Bombshell,DIS,Dissension,160,normal,rare,1,27265,0f2ec20d-b862-4f13-989c-aa88efa51cdf,5.49,false,false,near_mint,en,EUR,2026-06-26T17:51:58.367Z
Steamflogger Boss,FUT,Future Sight,121,normal,rare,1,26216,007ce039-def1-4039-a0a0-ba72e8872dc5,0.26,false,false,near_mint,en,EUR,2026-06-26T17:51:58.366Z
Nimbus Maze,AFC,Forgotten Realms Commander,252,normal,rare,1,60757,711dbdb1-7ec3-4fb4-8364-d34f5e143fd1,5.24,false,false,near_mint,en,EUR,2026-06-26T17:51:58.365Z
Serra Angel,8ED,Eighth Edition,45,normal,rare,1,30491,b089b409-2156-4c94-890f-e8804ab5a50c,0.36,false,false,near_mint,en,EUR,2026-06-26T17:51:58.364Z
Soultether Golem,FUT,Future Sight,164,foil,uncommon,1,26173,6efa61f0-c7bd-49e2-9d66-bf15ad0e9d03,0.21,false,false,near_mint,en,EUR,2026-06-26T17:56:07.375Z
Stoic Ephemera,DIS,Dissension,19,foil,uncommon,1,27406,066bff58-e7cd-4787-a2c1-1afd6ed1b4ff,0.24,false,false,near_mint,en,EUR,2026-06-26T17:56:07.374Z
Coast Watcher,SCG,Scourge,30,foil,common,1,30658,6bbbc67d-99d0-4277-a8f2-64509e59ec00,0.68,false,false,near_mint,en,EUR,2026-06-26T17:56:07.373Z
Vulshok War Boar,DST,Darksteel,72,foil,uncommon,1,29589,bb6b232a-834c-4c9a-bf36-821d125dc318,0.13,false,false,near_mint,en,EUR,2026-06-26T17:56:07.372Z
Plumes of Peace,DIS,Dissension,124,foil,common,1,27301,f02dcf40-03ad-463c-a14a-5dfc886dea4c,0.3,false,false,near_mint,en,EUR,2026-06-26T17:56:07.371Z
Twinstrike,DIS,Dissension,134,foil,uncommon,1,27291,0dfc8ebe-58f4-450f-abdc-8d558f6f5551,0.33,false,false,near_mint,en,EUR,2026-06-26T17:56:07.370Z
Inscription of Insight,ZNR,Zendikar Rising,61,normal,rare,1,54494,281cdb1c-21ae-4430-8e0f-c993f52ba891,0.17,false,false,near_mint,en,EUR,2026-06-26T17:56:07.369Z
Poultice Sliver,PLC,Planar Chaos,11,normal,common,1,26523,f3441ae0-4c20-487b-99b8-d6934dfb66ff,0.16,false,false,near_mint,en,EUR,2026-06-26T17:56:07.367Z
Kitsune Loreweaver,SOK,Saviors of Kamigawa,17,foil,common,1,28521,c11d4490-fe4f-4526-befd-f4c9c22c76a6,0.29,false,false,near_mint,en,EUR,2026-06-26T17:56:07.366Z
Guardian of Vitu-Ghazi,RAV,Ravnica: City of Guilds,212,foil,common,1,27798,1c293144-df82-481d-8d24-2bdc164a355f,0.21,false,false,near_mint,en,EUR,2026-06-26T17:56:07.365Z
Loxodon Mystic,DST,Darksteel,7,foil,common,1,29654,5976c352-ac49-4e0d-a4c0-ec9b6b78db9c,0.13,false,false,near_mint,en,EUR,2026-06-26T17:56:07.364Z
Healing Leaves,PLC,Planar Chaos,150,foil,common,1,26384,d6f58258-a1bd-4364-954e-c39938f7dab2,0.32,false,false,near_mint,en,EUR,2026-06-26T17:56:07.363Z
Darksteel Ingot,DST,Darksteel,112,foil,common,1,29549,b02b9634-77e9-48ae-a6bf-859598d12c52,0.92,false,false,near_mint,en,EUR,2026-06-26T17:56:07.362Z
Might Sliver,TSP,Time Spiral,205,foil,uncommon,1,26695,8bb8c52f-e608-4710-872f-8a8ae2b5c00c,1.58,false,false,near_mint,en,EUR,2026-06-26T17:56:07.361Z
Shadows' Verdict,ZNR,Zendikar Rising,124,normal,rare,1,54546,52470883-b44d-415b-9324-8074e66f79ae,0.09,false,false,near_mint,en,EUR,2026-06-26T18:00:00.969Z
Inscription of Abundance,DSC,Duskmourn: House of Horror Commander,186,normal,rare,1,99354,d0429a79-af7a-4de1-be3a-773498cfdc22,0.23,false,false,near_mint,en,EUR,2026-06-26T18:00:00.968Z
Zulaport Duelist,ZNR,Zendikar Rising,88,normal,common,2,54434,0b4c7268-60c6-4038-8ce9-d9d51bed4577,0.13,false,false,near_mint,en,EUR,2026-06-26T18:00:00.967Z
Drana's Silencer,ZNR,Zendikar Rising,99,normal,common,1,54558,59224f9a-deb2-4dd4-b2d4-967232c14254,0.03,false,false,near_mint,en,EUR,2026-06-26T18:00:00.966Z
"Sea Gate Restoration // Sea Gate, Reborn",ZNR,Zendikar Rising,76,normal,mythic,1,54462,193071fe-180b-4d35-ba78-9c16675c29fc,29.09,false,false,near_mint,en,EUR,2026-06-26T18:00:00.965Z
Squad Commander,CLB,Commander Legends: Battle for Baldur's Gate,709,normal,rare,1,69519,5390bbf3-9906-46a9-81d3-60e23eb89ca1,0.2,false,false,near_mint,en,EUR,2026-06-26T18:00:00.963Z
Cragplate Baloth,ZNR,Zendikar Rising,183,normal,rare,1,54687,ab62382d-2dc9-4a60-b031-c845ebad0357,0.15,false,false,near_mint,en,EUR,2026-06-26T18:00:00.962Z
Magmatic Channeler,ZNR,Zendikar Rising,148,normal,rare,1,54770,d8be6570-5b5f-4ffc-a5e5-67d7c41c8caa,0.24,false,false,near_mint,en,EUR,2026-06-26T18:00:00.961Z
Maddening Cacophony,ZNR,Zendikar Rising,67,normal,rare,1,54447,10a79733-702c-4611-b073-71db7f1158b2,4.42,false,false,near_mint,en,EUR,2026-06-26T18:00:00.960Z
Inscription of Insight,ZNR,Zendikar Rising,329,normal,rare,1,54733,bea9e50b-f76e-4797-8e52-1e30ccfdb284,0.25,false,false,near_mint,en,EUR,2026-06-26T18:00:00.959Z
"Zagras, Thief of Heartbeats",ZNR,Zendikar Rising,241,normal,rare,2,54688,ac81448c-f87b-4ca1-b951-b359216ab1d0,0.2,false,false,near_mint,en,EUR,2026-06-26T18:00:00.958Z
"Orah, Skyclave Hierophant",ZNR,Zendikar Rising,233,normal,rare,1,54481,2336c8bf-fcad-41f9-9041-80b8aa3cd79a,0.17,false,false,near_mint,en,EUR,2026-06-26T18:00:00.956Z
"Omnath, Locus of Creation",ZNR,Zendikar Rising,232,normal,mythic,1,54543,4e4fb50c-a81f-44d3-93c5-fa9a0b37f617,3.41,false,false,near_mint,en,EUR,2026-06-26T18:00:00.955Z
Valakut Exploration,ZNR,Zendikar Rising,175,normal,rare,1,54461,18cb7bf6-9c7c-4e62-a678-7b75862e2f64,3.45,false,false,near_mint,en,EUR,2026-06-26T18:00:00.954Z
"Shatterskull Smashing // Shatterskull, the Hammer Pass",ZNR,Zendikar Rising,161,normal,mythic,2,54725,bc7239ea-f8aa-4a6f-87bd-c35359635673,7.62,false,false,near_mint,en,EUR,2026-06-26T18:00:00.957Z
Nighthawk Scavenger,ZNR,Zendikar Rising,341,normal,rare,1,54718,b9522009-4fc9-439a-95ea-5800842c5ee2,1.28,false,false,near_mint,en,EUR,2026-06-26T18:00:56.976Z
Umara Mystic,ZNR,Zendikar Rising,238,foil,uncommon,1,54833,fb979cfc-3e5b-42c9-b78d-584c274ed912,0.22,false,false,near_mint,en,EUR,2026-06-26T18:00:56.975Z
Skyclave Apparition,BLC,Bloomburrow Commander,154,normal,rare,1,96415,a76c56a3-db5c-4884-8c6a-bf8105b62421,0.42,false,false,near_mint,en,EUR,2026-06-26T18:00:56.974Z
Wayward Guide-Beast,ZNR,Zendikar Rising,176,normal,rare,1,54757,d00f8ab0-61cd-4721-b974-a2516da77d39,0.12,false,false,near_mint,en,EUR,2026-06-26T18:00:56.973Z
Thieving Skydiver,OTC,Outlaws of Thunder Junction Commander,118,normal,rare,1,93460,06996ff1-7f57-4e73-940a-a58c4482cadd,0.4,false,false,near_mint,en,EUR,2026-06-26T18:00:56.972Z
Crawling Barrens,FDN,Foundations,685,normal,rare,1,100979,ac2aff0e-1319-4d3b-903c-fa1ce3db7602,0.18,false,false,near_mint,en,EUR,2026-06-26T18:00:56.970Z
Lithoform Engine,ZNR,Zendikar Rising,245,normal,mythic,1,54583,6683416a-5820-4cd0-b28a-60a53239e9ef,4.04,false,false,near_mint,en,EUR,2026-06-26T18:00:56.969Z
Archpriest of Iona,CLB,Commander Legends: Battle for Baldur's Gate,686,normal,rare,1,69415,0b0b1acd-68e5-4922-8b51-06fa7eda984c,0.11,false,false,near_mint,en,EUR,2026-06-26T18:00:56.968Z
Spire Garden,ZNE,Zendikar Rising Expeditions,19,normal,mythic,1,54557,58d8b7ee-4618-4ba9-b43f-2aa2bc9b1f82,14.46,false,false,near_mint,en,EUR,2026-06-26T18:00:56.967Z
Skyclave Relic,MOC,March of the Machine Commander,380,normal,rare,1,81859,a9740bce-4c89-4d98-8941-057515999bf9,1.25,false,false,near_mint,en,EUR,2026-06-26T18:00:56.966Z
Clearwater Pathway // Murkwater Pathway,ZNR,Zendikar Rising,260,normal,rare,1,54709,b4b99ebb-0d54-4fe5-a495-979aaa564aa8,5.35,false,false,near_mint,en,EUR,2026-06-26T18:00:56.965Z
Relic Robber,ZNR,Zendikar Rising,153,normal,rare,1,54531,4540205c-eee8-4db3-8757-710de874b313,0.09,false,false,near_mint,en,EUR,2026-06-26T18:00:56.964Z
Angel of Destiny,ZNR,Zendikar Rising,2,normal,mythic,1,54660,9897074a-0ac4-4d1a-9aac-e77830cc5c78,6.78,false,false,near_mint,en,EUR,2026-06-26T18:00:56.963Z
Incubation // Incongruity,CLU,Ravnica: Clue Edition,197,normal,uncommon,1,90751,2c1ace2e-b3eb-4e60-adfd-9f40b8cd4416,0.17,false,false,near_mint,en,EUR,2026-06-26T18:41:49.596Z
Steeple Creeper,CLU,Ravnica: Clue Edition,174,normal,common,2,90852,4dceda33-1a43-475c-85a8-8a3a4c2cb517,0.15,false,false,near_mint,en,EUR,2026-06-26T18:41:49.595Z
Essence Capture,RNA,Ravnica Allegiance,37,normal,uncommon,1,43827,ce137910-0f0e-4f94-9b95-6e0eeeba164e,0.1,false,false,near_mint,en,EUR,2026-06-26T18:41:49.594Z
"Zegana, Utopian Speaker",RNA,Ravnica Allegiance,214,normal,rare,1,43651,dd199a48-5ac8-4ab9-a33c-bbce6f7c9d1b,0.2,false,false,near_mint,en,EUR,2026-06-26T18:41:49.593Z
Skitter Eel,CLU,Ravnica: Clue Edition,98,normal,common,1,91195,c6596998-8602-4477-b097-45e6d3dcef82,0.09,false,false,near_mint,en,EUR,2026-06-26T18:41:49.589Z
Frilled Mystic,RVR,Ravnica Remastered,183,normal,uncommon,1,89702,5bf655ce-c841-42b2-9578-56ab401bf4de,0.1,false,false,near_mint,en,EUR,2026-06-26T18:41:49.588Z
Quench,RVR,Ravnica Remastered,56,normal,common,1,89578,1779a6c5-147d-4632-b1d9-95e89a64dc2c,0.04,false,false,near_mint,en,EUR,2026-06-26T18:41:49.584Z
District Guide,GRN,Guilds of Ravnica,128,normal,uncommon,1,355,c150deec-3287-40ef-9b9c-c22bf5d70b02,0.07,false,false,near_mint,en,EUR,2026-06-26T18:41:49.583Z
Goblin Electromancer,OTC,Outlaws of Thunder Junction Commander,228,normal,common,1,93692,71808155-db49-4027-a2fc-76f53475ac05,0.21,false,false,near_mint,en,EUR,2026-06-26T18:41:49.580Z
Izzet Locket,C19,Commander 2019,215,normal,common,1,45719,a32ecc71-b924-4414-94ee-c6cb0ba752e5,0.19,false,false,near_mint,en,EUR,2026-06-26T18:41:49.579Z
Watcher in the Mist,CLU,Ravnica: Clue Edition,104,normal,common,1,91335,fd0c6c65-b4dc-4e4a-bbfe-6cf7cab5b48b,0.13,false,false,near_mint,en,EUR,2026-06-26T18:41:49.578Z
Discovery // Dispersal,CLU,Ravnica: Clue Edition,187,normal,uncommon,1,90899,5b08b019-796b-4304-806f-59bf7d22b729,0.17,false,false,near_mint,en,EUR,2026-06-26T18:41:49.577Z
Haphazard Bombardment,DOM,Dominaria,131,normal,rare,1,2145,e558a5bd-e8f9-477f-a514-1bf0708f4e9e,0.08,false,false,near_mint,en,EUR,2026-06-26T18:41:49.576Z
Sea Gate Oracle,KHC,Kaldheim Commander,43,normal,common,1,57216,498743ce-0ca5-488a-ae5e-d348b274bf3b,0.21,false,false,near_mint,en,EUR,2026-06-26T18:41:49.574Z
Rubblebelt Boar,GRN,Guilds of Ravnica,114,normal,common,1,369,196bf114-e135-43f3-83d5-cb08ca766881,0.02,false,false,near_mint,en,EUR,2026-06-26T18:41:49.571Z
Vedalken Mesmerist,RVR,Ravnica Remastered,65,normal,common,1,89657,45fb53b4-9fff-43dd-ae5d-f3ec83e49076,0.02,false,false,near_mint,en,EUR,2026-06-26T18:41:49.570Z
Devious Cover-Up,GRN,Guilds of Ravnica,35,normal,common,1,448,21ac6b0a-b1a5-439d-b65e-5f04e1826c80,0.08,false,false,near_mint,en,EUR,2026-06-26T18:41:49.569Z
Voltaic Servant,DOM,Dominaria,236,normal,common,1,2040,28564ac6-8b9b-4b99-9630-8fb3158d354c,0.13,false,false,near_mint,en,EUR,2026-06-26T18:41:49.568Z
Goblin Warchief,DOM,Dominaria,130,normal,uncommon,1,2146,5bac033c-dc4e-40a0-b103-4892e4b50249,0.48,false,false,near_mint,en,EUR,2026-06-26T18:41:49.567Z
Cyclops Electromancer,WAR,War of the Spark,122,normal,uncommon,1,44282,da0966a6-f378-4975-88ae-23b600d578bf,0.1,false,false,near_mint,de,EUR,2026-06-26T18:41:49.566Z
"Ugin, the Ineffable",WAR,War of the Spark,2,normal,rare,1,44402,7b003521-3da3-41bf-9765-36630653f902,0.78,false,false,near_mint,de,EUR,2026-06-26T18:41:49.565Z
Bleeding Edge,WAR,War of the Spark,78,normal,uncommon,1,44326,ac82422c-8ac8-4fbb-b9b9-d0aa23dded61,0.12,false,false,near_mint,de,EUR,2026-06-26T18:41:49.564Z
Turret Ogre,WAR,War of the Spark,148,normal,common,1,44256,8b5f624f-c5eb-4150-b36e-6147b440ff56,0.06,false,false,near_mint,de,EUR,2026-06-26T18:41:49.563Z
"Neheb, Dreadhorde Champion",WAR,War of the Spark,140,normal,rare,1,44264,60c90d5d-7b3b-48d2-85f6-d6a2a452c0e9,0.3,false,false,near_mint,en,EUR,2026-06-26T18:41:49.562Z
Turret Ogre,WAR,War of the Spark,148,normal,common,1,44256,8b5f624f-c5eb-4150-b36e-6147b440ff56,0.06,false,false,near_mint,en,EUR,2026-06-26T18:41:49.561Z
Raging Kronch,WAR,War of the Spark,141,normal,common,2,44263,ae38aa2d-6c0e-409a-bfc7-ed4281457670,0.08,false,false,near_mint,en,EUR,2026-06-26T18:41:49.560Z
Vraska's Finisher,WAR,War of the Spark,112,normal,common,1,44292,f89fa379-7fae-4fbf-8e31-0ef3645353c5,0.09,false,false,near_mint,en,EUR,2026-06-26T18:41:49.559Z
Samut's Sprint,WAR,War of the Spark,142,normal,common,3,44262,94bda699-2b5d-4f5b-bee5-792b99d2b64a,0.09,false,false,near_mint,en,EUR,2026-06-26T18:41:49.558Z
Keldon Raider,M20,Core Set 2020,146,normal,common,2,45315,884c47fa-7060-48da-995c-e4037640a208,0.03,false,false,near_mint,en,EUR,2026-06-26T18:41:49.573Z
Naga Eternal,WAR,War of the Spark,60,normal,common,1,44344,0f244233-f2e8-48f8-9106-e7cd186efd51,0.06,false,false,near_mint,en,EUR,2026-06-26T18:45:29.282Z
Vivien's Grizzly,WAR,War of the Spark,182,normal,common,3,44222,37f2571b-6756-462c-9e71-3121fa458160,0.11,false,false,near_mint,en,EUR,2026-06-26T18:45:29.281Z
Saheeli's Silverwing,WAR,War of the Spark,243,normal,common,1,44161,dba77c07-5d23-4a1a-90a0-b8293848d637,0.04,false,false,near_mint,en,EUR,2026-06-26T18:45:29.280Z
Kronch Wrangler,CLU,Ravnica: Clue Edition,169,normal,common,2,90926,6536320d-79c3-4406-96eb-b44a9f4a0686,0.16,false,false,near_mint,en,EUR,2026-06-26T18:45:29.279Z
Storm the Citadel,WAR,War of the Spark,178,normal,uncommon,2,44226,04b3b12e-bef7-409e-86b3-9e90640e598c,0.04,false,false,near_mint,en,EUR,2026-06-26T18:45:29.278Z
Primordial Wurm,WAR,War of the Spark,174,normal,common,3,44230,fc0e8298-adac-4922-8824-a1fafa089f72,0.06,false,false,near_mint,en,EUR,2026-06-26T18:45:29.277Z
Nahiri's Stoneblades,WAR,War of the Spark,139,normal,common,1,44265,0a14331e-8da5-4455-ac69-e510684e989c,0.11,false,false,near_mint,en,EUR,2026-06-26T18:45:29.276Z
Lazotep Behemoth,WAR,War of the Spark,95,normal,common,3,44309,b4be6f22-e9e8-462a-956b-e1c78bbadacc,0.05,false,false,near_mint,en,EUR,2026-06-26T18:45:29.275Z
"Saheeli, Sublime Artificer",DRC,Aetherdrift Commander,119,normal,uncommon,1,102963,2e7329c4-5803-43f0-a4b5-306fb77923b7,0.14,false,false,near_mint,en,EUR,2026-06-26T18:45:29.273Z
Bolt Bend,FDN,Foundations,619,normal,uncommon,1,101152,cf01af2c-68e5-4bb5-81de-f3a1b860fb2e,3.02,false,false,near_mint,en,EUR,2026-06-26T18:45:29.272Z
Chainwhip Cyclops,CLU,Ravnica: Clue Edition,127,normal,common,1,91067,99489029-f1e0-4b6c-a300-95e940e01112,0.12,false,false,near_mint,en,EUR,2026-06-26T18:45:29.268Z
Rakdos Locket,C19,Commander 2019,220,normal,common,1,45714,ae74a4a0-b95b-4ddd-80df-cbec1c469025,0.18,false,false,near_mint,en,EUR,2026-06-26T18:45:29.267Z
"Lavinia, Azorius Renegade",RVR,Ravnica Remastered,195,normal,rare,1,89583,197bf3f4-c0df-4082-97a1-902ceabbdd3f,0.7,false,false,near_mint,en,EUR,2026-06-26T18:45:29.263Z
Rix Maadi Reveler,RNA,Ravnica Allegiance,109,normal,rare,1,43756,c40396da-18e2-42ca-a78c-4838a38f68b8,0.1,false,false,near_mint,en,EUR,2026-06-26T18:45:29.259Z
Mesmerizing Benthid,RNA,Ravnica Allegiance,43,normal,mythic,1,43821,5bed7c69-1302-4c1a-b410-b4e6c4ef4c0c,0.6,false,false,near_mint,en,EUR,2026-06-26T18:45:29.256Z
Benthic Biomancer,RNA,Ravnica Allegiance,32,normal,rare,1,43832,7b0cb4d6-350b-4e66-b035-dac7b3ba77cc,0.23,false,false,near_mint,en,EUR,2026-06-26T18:45:29.249Z
Prying Eyes,CMR,Commander Legends,86,normal,common,1,55952,eb58d7ba-ba86-433e-8f1e-3f492c380796,0.06,false,false,near_mint,en,EUR,2026-06-26T18:45:29.248Z
Goblin Assault Team,WAR,War of the Spark,129,normal,common,3,44275,880047fd-d258-40fb-bcd5-37cb26678dfe,0.08,false,false,near_mint,en,EUR,2026-06-26T18:45:29.269Z
Chandra's Triumph,WAR,War of the Spark,121,normal,uncommon,2,44283,70f43c17-7022-4052-86b8-90b74382b7bf,0.14,false,false,near_mint,en,EUR,2026-06-26T18:45:29.271Z
Devouring Hellion,WAR,War of the Spark,124,normal,uncommon,1,44280,88205574-bf2b-46e7-aac7-4b8ea217f94c,0.11,false,false,near_mint,en,EUR,2026-06-26T18:54:27.973Z
Chandra's Pyrohelix,WAR,War of the Spark,120,normal,common,1,44284,1c482f51-9222-4e9e-a9fd-bb14a0afe156,0.16,false,false,near_mint,en,EUR,2026-06-26T18:54:27.972Z
Grim Initiate,WAR,War of the Spark,130,normal,common,1,44274,29b6ec9d-3861-48bf-a198-dc7efba5d89c,0.11,false,false,near_mint,en,EUR,2026-06-26T18:54:27.971Z
Angrath's Rampage,WAR,War of the Spark,185,normal,uncommon,1,44219,f5a39379-7313-463a-9a02-e5157b9557f4,0.23,false,false,near_mint,en,EUR,2026-06-26T18:54:27.970Z
Spark Reaper,MIC,Midnight Hunt Commander,128,normal,common,1,63625,73f0eaab-fd0b-419b-bbf4-9028e965f5fb,0.18,false,false,near_mint,en,EUR,2026-06-26T18:54:27.969Z
Heartfire,WAR,War of the Spark,131,normal,common,1,44273,7db219ea-2ed1-4a86-955c-d61ecedbc019,0.04,false,false,near_mint,en,EUR,2026-06-26T18:54:27.968Z
Ob Nixilis's Cruelty,WAR,War of the Spark,101,normal,common,2,44303,94db72a8-57f7-4f17-9f09-cae90ef50304,0.04,false,false,near_mint,en,EUR,2026-06-26T18:54:27.967Z
Rafter Demon,RNA,Ravnica Allegiance,196,normal,common,1,43669,bf8dad4d-bc4f-46fb-892c-dbf6481cdc46,0.07,false,false,near_mint,en,EUR,2026-06-26T18:54:27.965Z
Burn Bright,RVR,Ravnica Remastered,103,normal,common,1,89915,d10a0f92-c42d-4257-8f64-89fe26687fba,0.05,false,false,near_mint,en,EUR,2026-06-26T18:54:27.964Z
Gateway Sneak,FDN,Foundations,592,normal,uncommon,1,100366,3834176f-29c5-4511-87d6-75d0c348a770,0.09,false,false,near_mint,en,EUR,2026-06-26T18:54:27.962Z
Scuttlegator,CLU,Ravnica: Clue Edition,206,normal,common,1,90725,25ba94e2-2abe-47a0-af18-faecd3bd7d94,0.08,false,false,near_mint,en,EUR,2026-06-26T18:54:27.961Z
Rampage of the Clans,RNA,Ravnica Allegiance,134,normal,rare,2,43731,28ebab7d-d03d-4473-aa9b-485aebb66433,0.21,false,false,near_mint,en,EUR,2026-06-26T18:54:27.957Z
Azorius Locket,VOC,Crimson Vow Commander,160,normal,common,1,64661,f893f1e9-1d19-4220-9e0d-3f9c85d33837,0.2,false,false,near_mint,en,EUR,2026-06-26T18:54:27.955Z
Rakdos Guildgate,RNA,Ravnica Allegiance,256,normal,common,1,43609,d88b90fa-a7f1-4739-a507-d22dede9384f,0.06,false,false,near_mint,en,EUR,2026-06-26T18:54:27.949Z
Spire Mangler,RNA,Ravnica Allegiance,86,normal,uncommon,1,43778,a3ce548d-764a-4397-bae3-d348dca78421,0.02,false,false,near_mint,en,EUR,2026-06-26T18:54:27.941Z
Rakdos Guildgate,FDN,Foundations,693,normal,common,1,101249,e1f01964-c610-4d0f-a2b4-f52e46dc50d2,0.15,false,false,near_mint,en,EUR,2026-06-26T18:54:27.936Z
Sphinx of the Guildpact,2XM,Double Masters,290,normal,uncommon,1,52209,f31cab5f-c05e-4688-b300-33ab0dd98598,0.09,false,false,near_mint,en,EUR,2026-06-26T18:54:27.934Z
Interplanar Beacon,CMM,Commander Masters,1004,normal,uncommon,1,84808,bc1bed72-2440-4364-a69f-a9d7c4fe3fea,0.3,false,false,near_mint,en,EUR,2026-06-26T18:54:27.932Z
Flux Channeler,CMM,Commander Masters,847,normal,uncommon,1,84259,3c520263-6bad-4521-ba9e-192ca8223b07,2.31,false,false,near_mint,en,EUR,2026-06-26T18:54:27.931Z
Spellkeeper Weird,WAR,War of the Spark,69,normal,common,1,44335,74e42dad-5958-443f-a196-12b3f3e44213,0.06,false,false,near_mint,en,EUR,2026-06-26T18:54:27.928Z
Arlinn's Wolf,WAR,War of the Spark,151,normal,common,1,44253,747223a5-c669-4d0e-a062-265eb47710cd,0.04,false,false,near_mint,en,EUR,2026-06-26T18:54:27.925Z
Nissa's Triumph,WAR,War of the Spark,170,normal,uncommon,1,44234,7946b256-ae79-4b99-8bf4-0d627baf9044,0.18,false,false,near_mint,en,EUR,2026-06-26T18:54:27.924Z
Forced Landing,RVR,Ravnica Remastered,141,normal,common,1,89713,619b97c7-f297-4c25-be94-27dfae4d39b3,0.08,false,false,near_mint,en,EUR,2026-06-26T18:54:27.923Z
Stealth Mission,WAR,War of the Spark,70,normal,common,1,44334,7ddfd4f5-7fe1-4a22-9a85-bd9b75b16380,0.1,false,false,near_mint,en,EUR,2026-06-26T18:54:27.920Z
Paradise Druid,WAR,War of the Spark,171,normal,uncommon,1,44233,6ed8d9e7-cdad-450d-8329-fa653d387a63,0.25,false,false,near_mint,en,EUR,2026-06-26T18:54:27.919Z
Return to Nature,AFC,Forgotten Realms Commander,169,normal,common,1,60699,4bebe9fa-1697-48fc-9044-cd58a3eab836,0.09,false,false,near_mint,en,EUR,2026-06-26T18:54:27.918Z
Kasmina's Transmutation,RVR,Ravnica Remastered,46,normal,common,1,89864,b5287705-cf89-49cb-b1f2-bff7a9119c98,0.1,false,false,near_mint,en,EUR,2026-06-26T18:54:27.917Z
Bond of Flourishing,WAR,War of the Spark,155,normal,uncommon,1,44249,df901fdc-8672-44f5-ade5-7c4e0b5c5d81,0.08,false,false,near_mint,en,EUR,2026-06-26T18:54:27.916Z
"Kasmina, Enigmatic Mentor",WAR,War of the Spark,56,normal,uncommon,1,44348,c77d9454-a78c-4063-ad66-46b2f5a030aa,0.13,false,false,near_mint,en,EUR,2026-06-26T18:54:27.915Z
Giant Growth,BLB,Bloomburrow,393,normal,common,1,96133,e70722d6-b4d5-45c2-9488-9a5eb0bdb9bd,0.08,false,false,near_mint,en,EUR,2026-06-26T18:54:27.913Z
Tamiyo's Epiphany,WAR,War of the Spark,71,normal,common,3,44333,ce338cf3-46dc-4c87-8df5-af27097c7dd4,0.14,false,false,near_mint,en,EUR,2026-06-26T18:54:27.912Z
Kiora's Dambreaker,RVR,Ravnica Remastered,48,normal,common,2,89526,02754f2f-03f3-4064-9d0f-6d2a3784af95,0.07,false,false,near_mint,en,EUR,2026-06-26T18:54:27.911Z
Teferi's Time Twist,WAR,War of the Spark,72,normal,common,1,44332,c878bdc0-d697-4a2f-bba5-758b27f4247a,0.31,false,false,near_mint,en,EUR,2026-06-26T18:54:27.910Z
Snarespinner,M21,Core Set 2021,207,normal,common,2,50791,46700ccc-0975-49d1-b3fc-edb1eda3b624,0.04,false,false,near_mint,en,EUR,2026-06-26T18:54:27.909Z
Arboreal Grazer,WAR,War of the Spark,149,normal,common,2,44255,c4a5f86f-44a8-4735-909a-770586d33a15,0.2,false,false,near_mint,en,EUR,2026-06-26T18:54:27.907Z
Centaur Nurturer,WAR,War of the Spark,156,normal,common,1,44248,bf020acb-e0c6-43b4-8324-0f2ec68b73d6,0.12,false,false,near_mint,en,EUR,2026-06-26T18:54:27.906Z
Bloom Hulk,WAR,War of the Spark,154,normal,common,2,44250,fd1c9129-254d-4d1d-9d95-112292bd6bcc,0.1,false,false,near_mint,en,EUR,2026-06-26T18:54:27.905Z
"Mowu, Loyal Companion",CMM,Commander Masters,306,normal,uncommon,1,84586,890e50ae-39e6-435b-95e7-885f2b314ecf,0.13,false,false,near_mint,en,EUR,2026-06-26T18:54:27.903Z
Steady Aim,WAR,War of the Spark,177,normal,common,1,44227,4af6a1b5-a561-4d92-b429-de13b2ccaf81,0.09,false,false,near_mint,en,EUR,2026-06-26T18:54:27.902Z
Challenger Troll,CLU,Ravnica: Clue Edition,159,normal,uncommon,1,90636,087b6745-0b3c-428c-b5b2-7639fa30f8f5,0.25,false,false,near_mint,en,EUR,2026-06-26T18:54:27.901Z
"Dovin, Hand of Control",WAR,War of the Spark,229,normal,uncommon,1,44175,bd6ff745-919b-4688-9e9e-ab7835b3b891,0.12,false,false,near_mint,en,EUR,2026-06-26T18:54:27.900Z
Charity Extractor,WAR,War of the Spark,81,normal,common,1,44323,3594f726-cdbb-4b7d-bcfe-17d5f8cd5228,0.08,false,false,near_mint,en,EUR,2026-06-26T18:54:27.893Z
Davriel's Shadowfugue,WAR,War of the Spark,84,normal,common,1,44320,09c8fe63-37a7-478d-b9ba-33a0f6519cf1,0.06,false,false,near_mint,en,EUR,2026-06-26T18:54:27.890Z
Contentious Plan,WAR,War of the Spark,46,normal,common,1,44358,8e30deb6-9e1f-4545-ae30-c30ba6c7b3a0,0.3,false,false,near_mint,en,EUR,2026-06-26T18:54:27.889Z
Ashiok's Skulker,WAR,War of the Spark,40,normal,common,1,44364,7dd5b0a1-104d-4e0f-82de-65487fbf01ff,0.09,false,false,near_mint,en,EUR,2026-06-26T18:54:27.888Z
Blindblast,WAR,War of the Spark,114,normal,common,1,44290,1d49637b-2255-4f16-8f24-140145966bfa,0.06,false,false,near_mint,en,EUR,2026-06-26T18:54:27.886Z
Neoform,WAR,War of the Spark,206,normal,uncommon,1,44198,92d8f67e-4f2f-4a1f-b190-7c3f39e477e4,0.66,false,false,near_mint,en,EUR,2026-06-26T18:54:27.885Z
Wardscale Crocodile,WAR,War of the Spark,183,normal,common,1,44221,aa5341b9-06e4-4360-a75d-f405d468276e,0.06,false,false,near_mint,en,EUR,2026-06-26T18:54:27.884Z
Bond of Insight,WAR,War of the Spark,43,normal,uncommon,1,44361,648629af-e911-49e1-b564-c98f339b84a1,0.09,false,false,near_mint,en,EUR,2026-06-26T18:54:27.882Z
Sarkhan's Catharsis,WAR,War of the Spark,144,normal,common,1,44260,2f4b6f26-c66b-4048-9503-af0a886ef14f,0.05,false,false,near_mint,en,EUR,2026-06-26T18:54:27.879Z
Haazda Officer,M20,Core Set 2020,305,normal,common,1,45155,f766418a-eb1d-4536-ae51-7f3e8969bb78,0.06,false,false,near_mint,en,EUR,2026-06-26T18:54:27.877Z
Tibalt's Rager,WAR,War of the Spark,147,normal,uncommon,2,44257,2985520d-dfce-414e-a4ac-61695be67406,0.13,false,false,near_mint,en,EUR,2026-06-26T18:54:27.880Z
Prismite,M21,Core Set 2021,235,normal,common,2,51064,eedce8ab-771a-4247-9504-72ae0629df83,0.08,false,false,near_mint,en,EUR,2026-06-26T18:54:27.883Z
Vampire Opportunist,M20,Core Set 2020,326,normal,common,2,45134,ced4b4a9-73a8-4135-b150-cd78d1558aca,0.16,false,false,near_mint,en,EUR,2026-06-26T18:54:27.887Z
Duskmantle Operative,WAR,War of the Spark,88,normal,common,2,44316,16eb5a6b-5e69-497c-a0c9-4165ad0f5d0b,0.07,false,false,near_mint,en,EUR,2026-06-26T18:54:27.892Z
Tithebearer Giant,CLU,Ravnica: Clue Edition,124,normal,common,2,90858,4f1db7bc-30c5-45fd-9a45-ede37716736d,0.15,false,false,near_mint,en,EUR,2026-06-26T18:54:27.898Z
Kraul Stinger,WAR,War of the Spark,165,normal,common,4,44239,46b88fe9-2450-47ee-ac1e-bbbccbf5684f,0.06,false,false,near_mint,en,EUR,2026-06-26T18:54:27.899Z
Consign to the Pit,RNA,Ravnica Allegiance,69,normal,common,3,43795,09991fad-4282-4a17-bfb1-03eaa13502df,0.03,false,false,near_mint,en,EUR,2026-06-26T18:54:27.935Z
Prowling Caracal,M20,Core Set 2020,309,normal,common,2,45151,1e689e4a-fc54-46f4-b0c5-c0e65d88340e,0.17,false,false,near_mint,en,EUR,2026-06-26T18:54:27.939Z
Jaya's Greeting,WAR,War of the Spark,136,normal,common,2,44268,ec66f169-5cf9-4d7c-a5ab-c64fc4801358,0.08,false,false,near_mint,en,EUR,2026-06-26T18:54:27.974Z
Eyes Everywhere,RVR,Ravnica Remastered,43,normal,uncommon,1,89909,cf5aa4a2-f5fb-4771-9dd8-f41d8c65e687,0.16,false,false,near_mint,en,EUR,2026-06-26T19:01:09.868Z
Syndicate Messenger,CLU,Ravnica: Clue Edition,75,normal,common,1,90928,672b88fa-250b-4f8f-878e-ce3446c92ea9,0.11,false,false,near_mint,en,EUR,2026-06-26T19:01:09.865Z
Finale of Devastation,CMM,Commander Masters,289,normal,mythic,1,84766,b10d99bf-b2ce-4443-b924-ff0eb8be1033,31.1,false,false,near_mint,en,EUR,2026-06-26T19:01:09.864Z
"Jiang Yanggu, Wildcrafter",WAR,War of the Spark,164,normal,uncommon,1,44240,10e0d47d-b13c-4d48-881f-8aaa347ef209,0.13,false,false,near_mint,en,EUR,2026-06-26T19:01:09.862Z
Planewide Celebration,WAR,War of the Spark,172,normal,rare,1,44232,11016840-56b6-4759-bde6-3dc0e339e87e,0.46,false,false,near_mint,en,EUR,2026-06-26T19:01:09.857Z
Erratic Visionary,CLU,Ravnica: Clue Edition,85,normal,common,1,90813,3e8a25fd-985f-49e5-b5b9-388571dfaec3,0.06,false,false,near_mint,en,EUR,2026-06-26T19:01:09.855Z
Wall of Runes,M21,Core Set 2021,85,normal,common,1,50841,6ac0f66a-213f-463e-8ebb-35ff5940ea06,0.09,false,false,near_mint,en,EUR,2026-06-26T19:01:09.852Z
No Escape,WAR,War of the Spark,63,normal,common,1,44341,bc9888a1-6f35-4802-b8fb-902017736d4a,0.14,false,false,near_mint,en,EUR,2026-06-26T19:01:09.851Z
Rescuer Sphinx,CLU,Ravnica: Clue Edition,95,normal,uncommon,1,90699,1ecd08d6-3a57-4d56-a594-9f6e60c1ba0f,0.13,false,false,near_mint,en,EUR,2026-06-26T19:01:09.844Z
Thundering Ceratok,WAR,War of the Spark,179,normal,common,1,44225,9888d9a4-ad72-43f6-8031-1031877171a9,0.14,false,false,near_mint,en,EUR,2026-06-26T19:01:09.842Z
Finale of Revelation,FDN,Foundations,589,normal,mythic,1,100135,0a77e063-e8f6-4cb2-954e-74cf41ce73da,0.28,false,false,near_mint,en,EUR,2026-06-26T19:01:09.841Z
Deathsprout,C20,Commander 2020,208,normal,uncommon,1,50210,26a0ae4f-a48c-4333-a53f-70702b5b4c9e,0.26,false,false,near_mint,en,EUR,2026-06-26T19:01:09.839Z
Crush Dissent,WAR,War of the Spark,47,normal,common,1,44357,94c70f23-0ca9-425e-a53a-6c09921c0075,0.09,false,false,near_mint,en,EUR,2026-06-26T19:01:09.838Z
Commence the Endgame,WAR,War of the Spark,45,normal,rare,1,44359,209d70a2-c8c1-4072-ab1f-57804b55a09a,0.24,false,false,near_mint,en,EUR,2026-06-26T19:01:09.837Z
Merfolk Falconer,ZNR,Zendikar Rising,69,normal,uncommon,1,54689,acb0d55a-9d6a-443d-aa82-5cea93188fd2,0.1,false,false,near_mint,en,EUR,2026-06-26T19:01:09.836Z
Negate,ZNR,Zendikar Rising,71,normal,common,1,54801,e92c7477-d453-4fa4-acf4-3835ab9eb55a,0.02,false,false,near_mint,en,EUR,2026-06-26T19:01:09.834Z
Vastwood Fortification // Vastwood Thicket,ZNR,Zendikar Rising,216,normal,uncommon,1,54521,3a7fd24e-84d8-405d-86e4-0571a9e23cc2,0.18,false,false,near_mint,en,EUR,2026-06-26T19:01:09.833Z
Adventure Awaits,ZNR,Zendikar Rising,177,normal,common,1,54776,db50f988-da46-4b9b-9cc5-78497df2df8b,0.11,false,false,near_mint,en,EUR,2026-06-26T19:01:09.831Z
Deliberate,ZNR,Zendikar Rising,56,normal,common,1,54741,c41c0dd0-fef2-4f3c-8f3c-9c9c521b5442,0.17,false,false,near_mint,en,EUR,2026-06-26T19:01:09.830Z
Rabid Bite,BLB,Bloomburrow,394,normal,common,1,96036,53a73200-b798-4bfd-a431-8b94e17b70be,0.11,false,false,near_mint,en,EUR,2026-06-26T19:01:09.829Z
Anticognition,ZNR,Zendikar Rising,45,normal,common,1,54778,db99b872-77c7-4471-9c44-a36d4ff5d33f,0.09,false,false,near_mint,en,EUR,2026-06-26T19:01:09.827Z
Joraga Visionary,ZNR,Zendikar Rising,188,normal,common,1,54675,a1ea2c17-382a-45e4-ac34-88bf8ba47169,0.05,false,false,near_mint,en,EUR,2026-06-26T19:01:09.826Z
Khalni Ambush // Khalni Territory,ZNR,Zendikar Rising,192,normal,uncommon,1,54661,99535539-aa73-41ed-86ab-21c97b92620d,0.54,false,false,near_mint,en,EUR,2026-06-26T19:01:09.825Z
Lullmage's Familiar,ZNR,Zendikar Rising,227,normal,uncommon,1,54707,b31a81e8-df0e-4540-93c1-c30c31ea9be9,0.08,false,false,near_mint,en,EUR,2026-06-26T19:01:09.823Z
Strength of Solidarity,ZNR,Zendikar Rising,206,normal,common,1,54428,090b3da4-c942-480e-9997-bb9c20e8d62d,0.02,false,false,near_mint,en,EUR,2026-06-26T19:01:09.822Z
Expedition Diviner,ZNR,Zendikar Rising,57,normal,common,1,54429,090f6e94-fb5f-4861-a465-f11766303676,0.02,false,false,near_mint,en,EUR,2026-06-26T19:01:09.820Z
Living Tempest,ZNR,Zendikar Rising,65,normal,common,1,54673,a05ed233-9b53-4c67-ab1c-0217386c9fe4,0.02,false,false,near_mint,en,EUR,2026-06-26T19:01:09.819Z
Springmantle Cleric,ZNR,Zendikar Rising,205,normal,uncommon,1,54640,8d822730-6d81-4dbc-a3c3-ce96d29a1078,0.04,false,false,near_mint,en,EUR,2026-06-26T19:01:09.816Z
Tazeem Roilmage,ZNR,Zendikar Rising,84,normal,common,1,54601,6f222fb7-375d-4ee2-9ff6-bd71f63ab31a,0.06,false,false,near_mint,en,EUR,2026-06-26T19:01:09.815Z
Gnarlid Colony,FDN,Foundations,224,normal,common,1,101508,47565d10-96bf-4fb0-820f-f20a44a76b6f,0.07,false,false,near_mint,en,EUR,2026-06-26T19:01:09.812Z
Cliffhaven Kitesail,ZNR,Zendikar Rising,243,normal,common,1,54809,eebf8f67-49d0-42de-a5cc-ad13d19d2c55,0.15,false,false,near_mint,en,EUR,2026-06-26T19:01:09.809Z
Beyeen Veil // Beyeen Coast,ZNR,Zendikar Rising,46,normal,uncommon,1,54570,5f411f08-45dd-4d73-8894-daf51c175150,0.12,false,false,near_mint,en,EUR,2026-06-26T19:01:09.808Z
Seafloor Stalker,ZNR,Zendikar Rising,78,normal,common,1,54658,985e9696-6c76-4241-97fc-f166fe2420ce,0.07,false,false,near_mint,en,EUR,2026-06-26T19:01:09.807Z
Hagra Constrictor,ZNR,Zendikar Rising,105,normal,common,1,54828,f971b71a-af69-43a7-b06c-e80eaaaf4a5f,0.09,false,false,near_mint,en,EUR,2026-06-26T19:01:09.805Z
Skyclave Squid,ZNR,Zendikar Rising,82,normal,common,1,54555,581ed049-7b5b-47d9-96af-f737631a221f,0.02,false,false,near_mint,en,EUR,2026-06-26T19:01:09.804Z
Canopy Baloth,ZNR,Zendikar Rising,182,normal,common,1,54592,6b04160c-89a7-4dcd-b05d-5dc846824d64,0.07,false,false,near_mint,en,EUR,2026-06-26T19:01:09.803Z
Stonework Packbeast,ZNR,Zendikar Rising,255,normal,common,1,54678,a29e17ba-d584-4296-9f43-17467edaa25f,0.06,false,false,near_mint,en,EUR,2026-06-26T19:01:09.802Z
Cascade Seer,ZNR,Zendikar Rising,48,normal,common,1,54452,13105c88-2926-40ad-bc7a-09d515aa36c6,0.03,false,false,near_mint,en,EUR,2026-06-26T19:01:09.801Z
Shell Shield,ZNR,Zendikar Rising,79,normal,common,1,54524,3daede39-8eef-4272-a483-312dbd2dd30f,0.09,false,false,near_mint,en,EUR,2026-06-26T19:01:09.800Z
"Zareth San, the Trickster",ZNR,Zendikar Rising,242,normal,rare,1,54667,9cfe4fbe-277f-410c-9eee-f7617f4cb850,0.24,false,false,near_mint,en,EUR,2026-06-26T19:01:09.798Z
Soaring Thought-Thief,ZNR,Zendikar Rising,236,normal,uncommon,1,54443,0d73c9c4-8955-499f-8f87-6500b35b4977,0.17,false,false,near_mint,en,EUR,2026-06-26T19:01:09.796Z
Orzhov Locket,MOC,March of the Machine Commander,368,normal,common,1,81674,52f5b969-2f5a-4f9d-9301-2cbfbc7d76e0,0.19,false,false,near_mint,en,EUR,2026-06-26T19:01:09.795Z
Chilling Trap,ZNR,Zendikar Rising,50,normal,common,3,54573,60f9adfd-a940-4d62-894b-84f17c693a10,0.06,false,false,near_mint,en,EUR,2026-06-26T19:01:09.797Z
Merfolk Skydiver,WAR,War of the Spark,205,normal,uncommon,2,44199,2bf211eb-837b-4c02-b02e-8d9e62f1abb1,0.12,false,false,near_mint,en,EUR,2026-06-26T19:01:09.810Z
Roost of Drakes,ZNR,Zendikar Rising,74,normal,uncommon,2,54721,ba1240d4-dbd0-483b-934a-5f7c505fad42,0.11,false,false,near_mint,en,EUR,2026-06-26T19:01:09.811Z
Murasa Brute,ZNR,Zendikar Rising,195,normal,common,2,54812,efe1c5b2-4356-41ae-ab7e-ad9fc835a911,0.05,false,false,near_mint,en,EUR,2026-06-26T19:01:09.814Z
Cleric of Chill Depths,ZNR,Zendikar Rising,51,normal,common,2,54710,b4ea262c-ea32-4aca-b96b-58f556a8dffc,0.06,false,false,near_mint,en,EUR,2026-06-26T19:01:09.817Z
Mana Geode,WAR,War of the Spark,241,normal,common,2,44163,17315a12-a7f8-45ba-ac3b-a62c789e75d0,0.17,false,false,near_mint,en,EUR,2026-06-26T19:01:09.846Z
New Horizons,WAR,War of the Spark,168,normal,common,2,44236,02c521da-677e-43b9-b5fe-c84dc64e66ec,0.58,false,false,near_mint,en,EUR,2026-06-26T19:01:09.856Z
Pollenbright Druid,CMM,Commander Masters,312,normal,common,2,85001,e8215686-bf19-4090-87c1-dd4f691f2ae7,0.21,false,false,near_mint,en,EUR,2026-06-24T09:55:38.578Z
Firemind Vessel,CMM,Commander Masters,383,normal,common,2,84091,165eee28-202d-4543-87b4-b9d39e8c8472,0.1,false,false,near_mint,en,EUR,2026-06-24T10:24:03.740Z
Windrider Wizard,CMM,Commander Masters,134,normal,common,2,85023,ed0c2c48-146d-49f6-bc10-2eed733184b4,0.1,false,false,near_mint,en,EUR,2026-06-24T10:29:59.286Z
Broken Wings,CMM,Commander Masters,277,normal,common,2,84415,608e5d6f-c050-44d9-8a5c-09c07786b6ab,0.06,false,false,near_mint,en,EUR,2026-06-24T10:57:31.080Z
Simic Locket,RNA,Ravnica Allegiance,240,normal,common,10,43625,29c65978-e5b0-428e-aace-f99768ca6106,0.05,false,false,near_mint,en,EUR,2026-06-25T11:29:14.669Z
Skatewing Spy,RNA,Ravnica Allegiance,52,normal,uncommon,3,43812,ef4a517c-515b-4adc-8ea6-fb86820f22ed,0.1,false,false,near_mint,en,EUR,2026-06-25T11:29:14.671Z
Stony Strength,RNA,Ravnica Allegiance,143,normal,common,7,43722,8bbab274-69dd-44a9-9310-a15779c35cad,0.16,false,false,near_mint,en,EUR,2026-06-25T11:29:14.672Z
Clear the Mind,RNA,Ravnica Allegiance,34,normal,common,4,43830,a7da6982-9e57-41d2-a052-f2a3bb646436,0.17,false,false,near_mint,en,EUR,2026-06-25T11:29:14.673Z
Axebane Beast,RNA,Ravnica Allegiance,121,normal,common,4,43744,2f420b35-1f73-41c8-a15f-1aee4af0999c,0.08,false,false,near_mint,en,EUR,2026-06-25T11:29:14.674Z
Combine Guildmage,RNA,Ravnica Allegiance,163,normal,uncommon,10,43702,3a6e2816-d50b-41a5-b503-faa58dc7c94a,0.2,false,false,near_mint,en,EUR,2026-06-25T11:29:14.685Z
Gyre Engineer,RNA,Ravnica Allegiance,180,normal,uncommon,4,43685,26dd6a1d-4dcb-4392-9856-c0e4140efbd7,0.17,false,false,near_mint,en,EUR,2026-06-25T11:29:14.687Z
Root Snare,RNA,Ravnica Allegiance,137,normal,common,9,43728,5f38b1a2-3f85-4dcd-b90d-bb049651b8b7,0.04,false,false,near_mint,en,EUR,2026-06-25T11:32:34.949Z
Galloping Lizrog,RNA,Ravnica Allegiance,175,normal,uncommon,8,43690,cc2b7cfe-4696-4448-93d2-33be596e32d9,0.31,false,false,near_mint,en,EUR,2026-06-25T11:32:34.967Z
Scrabbling Claws,RNA,Ravnica Allegiance,238,normal,uncommon,4,43627,67b06cb5-5e74-456f-81b1-fced1346cc47,0.12,false,false,near_mint,en,EUR,2026-06-25T11:32:34.969Z
Prime Speaker Vannifar,RNA,Ravnica Allegiance,195,normal,mythic,3,43670,84abfc59-10a7-4cb5-9cdd-81797116c810,1.36,false,false,near_mint,en,EUR,2026-06-25T11:32:34.980Z
Frenzied Arynx,RNA,Ravnica Allegiance,173,normal,common,6,43692,bce2eef7-03a4-415f-8bb7-a29d50ce1b0f,0.09,false,false,near_mint,en,EUR,2026-06-25T11:52:11.369Z
Wrecking Beast,RNA,Ravnica Allegiance,150,normal,common,9,43715,74e6f7be-4493-4081-ac67-d782ab2b3723,0.06,false,false,near_mint,en,EUR,2026-06-25T11:52:11.370Z
Spear Spewer,RNA,Ravnica Allegiance,117,normal,common,4,43748,dbee1daa-b4ba-49ee-bed1-e70fa09942a2,0.23,false,false,near_mint,en,EUR,2026-06-25T11:52:11.374Z
Clan Guildmage,RNA,Ravnica Allegiance,162,normal,uncommon,4,43703,34a18415-015c-4d3f-8042-b156a673e125,0.08,false,false,near_mint,en,EUR,2026-06-25T11:52:11.394Z
Ghor-Clan Wrecker,RNA,Ravnica Allegiance,103,normal,common,5,43761,4da3969c-1979-4eee-828a-4a7189121eba,0.04,false,false,near_mint,en,EUR,2026-06-25T11:55:59.896Z
Deface,RNA,Ravnica Allegiance,98,normal,common,3,43766,43df9f41-944e-4cf3-ac80-524eadac221d,0.05,false,false,near_mint,en,EUR,2026-06-25T11:55:59.905Z
Rubble Reading,RNA,Ravnica Allegiance,110,normal,common,4,43755,8ace095a-3ea9-4121-8ffb-5b3612b96985,0.14,false,false,near_mint,en,EUR,2026-06-25T12:00:26.326Z
Goblin Gathering,RNA,Ravnica Allegiance,104,normal,common,4,43760,147bef05-4497-44d5-9dd6-fb5dc08e78f7,0.08,false,false,near_mint,en,EUR,2026-06-25T12:00:26.329Z
Dead Revels,RNA,Ravnica Allegiance,71,normal,common,3,43793,f5b2c21a-419d-4896-82e3-1b5cb32b158e,0.02,false,false,near_mint,en,EUR,2026-06-26T13:37:47.106Z
Arrester's Admonition,RNA,Ravnica Allegiance,31,normal,common,2,43833,637c2d6a-e6b8-4dc5-81aa-da1b7384e006,0.05,false,false,near_mint,en,EUR,2026-06-26T13:37:47.108Z
Civic Stalwart,RNA,Ravnica Allegiance,6,normal,common,4,43858,aa981489-4301-43f6-b1d7-2aa42e00cf75,0.05,false,false,near_mint,en,EUR,2026-06-26T13:37:47.124Z
Senate Griffin,RNA,Ravnica Allegiance,219,normal,common,5,43646,465adbb4-4c64-44eb-8323-61d23282c6b8,0.03,false,false,near_mint,en,EUR,2026-06-26T13:37:47.128Z
Carrion Imp,RNA,Ravnica Allegiance,66,normal,common,2,43798,958caf1d-b159-4c27-8248-00c345f880be,0.06,false,false,near_mint,en,EUR,2026-06-26T13:37:47.137Z
Sagittars' Volley,RNA,Ravnica Allegiance,138,normal,common,3,43727,d3104cad-e684-4bd7-b26b-5aa862f7a2b3,0.04,false,false,near_mint,en,EUR,2026-06-26T13:37:47.140Z
Expose to Daylight,RNA,Ravnica Allegiance,8,normal,common,4,43856,094c2ac3-040f-41fe-9a37-c037d90baec0,0.07,false,false,near_mint,en,EUR,2026-06-26T13:37:47.159Z
Thought Collapse,RNA,Ravnica Allegiance,57,normal,common,5,43807,948b569b-6341-418b-99b5-f79dfb3fe8dd,0.22,false,false,near_mint,en,EUR,2026-06-26T13:37:47.184Z
Flames of the Raze-Boar,RNA,Ravnica Allegiance,101,normal,uncommon,2,43763,16957271-12bb-4031-b476-f7678b753ae3,0.05,false,false,near_mint,en,EUR,2026-06-26T13:37:47.195Z
Plague Wight,RNA,Ravnica Allegiance,82,normal,common,2,43782,962d354f-f2ad-4b47-8666-0ed64543b676,0.04,false,false,near_mint,en,EUR,2026-06-26T13:37:47.217Z
Knight of Sorrows,RNA,Ravnica Allegiance,14,normal,common,2,43850,6ce239e9-9b35-4dde-8a44-6c7ce4eb2d1a,0.12,false,false,near_mint,en,EUR,2026-06-26T13:37:47.236Z
Sphinx's Insight,RNA,Ravnica Allegiance,209,normal,common,4,43656,d71c2435-0312-4279-a9e1-fab7432756b7,0.06,false,false,near_mint,en,EUR,2026-06-26T13:37:47.287Z
Lawmage's Binding,RNA,Ravnica Allegiance,190,normal,common,4,43675,a8a7be1f-3fba-4ff2-a4f1-aebd3d20da8f,0.05,false,false,near_mint,en,EUR,2026-06-26T13:37:47.289Z
Island,DFT,Aetherdrift,281,normal,common,1,102384,f9369d0a-87c0-4c29-b43c-cd45c007f8d6,0.05,false,false,near_mint,en,EUR,2026-06-27T09:40:31.714Z
Marauding Mako,DFT,Aetherdrift,138,normal,uncommon,2,103199,9efbfd67-e0f5-43e0-9fff-1eb4a2bed0d8,0.71,false,false,near_mint,en,EUR,2026-06-27T09:40:31.713Z
Rocketeer Boostbuggy,DFT,Aetherdrift,327,normal,uncommon,1,102962,2db27c67-0462-474c-844b-4f69d8fe6734,0.14,false,false,near_mint,en,EUR,2026-06-27T09:40:31.711Z
Defend the Rider,DFT,Aetherdrift,157,normal,uncommon,1,103057,59ed23a2-6153-47b2-ab73-062195cafb74,0.59,false,false,near_mint,en,EUR,2026-06-27T09:40:31.710Z
Pit Automaton,DFT,Aetherdrift,238,normal,uncommon,1,103623,c72527ef-ac05-44c8-8c76-10532ce3da6e,0.16,false,false,near_mint,en,EUR,2026-06-27T09:40:31.709Z
Back on Track,DFT,Aetherdrift,76,normal,uncommon,1,103150,884c0032-9c62-4028-a55f-6a3da2545654,0.13,false,false,near_mint,en,EUR,2026-06-27T09:40:31.708Z
Wreck Remover,DFT,Aetherdrift,247,normal,common,3,103318,e3151960-cc0c-47b5-b476-295d7a17ae14,0.03,false,false,near_mint,en,EUR,2026-06-27T09:40:31.707Z
Bestow Greatness,DFT,Aetherdrift,155,normal,common,2,103234,b6a5adee-3482-4c5b-9260-58efa8fec5ba,0.03,false,false,near_mint,en,EUR,2026-06-27T09:40:31.706Z
Brightfield Mustang,DFT,Aetherdrift,5,normal,common,3,103227,b2c7cacc-f15e-46c1-9c25-b567bb3e8680,0.14,false,false,near_mint,en,EUR,2026-06-27T09:40:31.705Z
Loxodon Surveyor,DFT,Aetherdrift,167,normal,common,3,103632,cd1cecb1-6776-4495-be56-b7dde65453f1,0.03,false,false,near_mint,en,EUR,2026-06-27T09:40:31.704Z
Bounce Off,DFT,Aetherdrift,39,normal,common,2,103545,7b3c8dda-2405-4879-8dd1-e790a833c42d,0.15,false,false,near_mint,en,EUR,2026-06-27T09:40:31.703Z
Wreckage Wickerfolk,DFT,Aetherdrift,110,normal,common,2,103602,aeff3db7-81ac-4c51-9954-bc1dbcb8c4e3,0.08,false,false,near_mint,en,EUR,2026-06-27T09:40:31.702Z
Clamorous Ironclad,DFT,Aetherdrift,117,normal,common,3,103013,4701da52-b9c8-4ce9-9d57-53e10899f19d,0.13,false,false,near_mint,en,EUR,2026-06-27T09:40:31.701Z
Thopter,TDFT,Aetherdrift Tokens,9,normal,common,5,103284,d38fc294-ad86-441e-96fe-4ca286a11218,0.05,false,false,near_mint,en,EUR,2026-06-27T09:40:31.700Z
Swamp,DFT,Aetherdrift,274,normal,common,1,103330,e969e168-e74c-4608-9fa0-a5660bf7fa02,0.14,false,false,near_mint,en,EUR,2026-06-27T09:40:31.699Z
Vizkopa Vampire,CLU,Ravnica: Clue Edition,217,normal,common,1,90801,3b4404a1-b1ab-4a11-98b0-fe3b6723fcb8,0.16,false,false,near_mint,en,EUR,2026-06-27T09:40:31.695Z
High Alert,RNA,Ravnica Allegiance,182,normal,uncommon,1,43683,ce124f6e-ef0c-4d01-a876-e34d3e445108,0.45,false,false,near_mint,en,EUR,2026-06-27T09:40:31.694Z
Justiciar's Portal,RNA,Ravnica Allegiance,13,normal,common,3,43851,1df611df-3490-4b07-8034-6da9a0122a81,0.1,false,false,near_mint,en,EUR,2026-06-27T09:40:31.693Z
Code of Constraint,CLU,Ravnica: Clue Edition,83,normal,uncommon,1,90672,14648a6c-49ee-48d3-a83e-a68225d843bf,0.18,false,false,near_mint,en,EUR,2026-06-27T09:40:31.689Z
Sentinel's Mark,RNA,Ravnica Allegiance,20,normal,uncommon,1,43844,e6f4f661-ee4b-4fa5-99c4-106731d117ce,0.12,false,false,near_mint,en,EUR,2026-06-27T09:40:31.686Z
Deputy of Detention,RNA,Ravnica Allegiance,165,normal,rare,1,43700,7e362055-78a1-48fa-a4ef-6cf7e0b21b14,0.22,false,false,near_mint,en,EUR,2026-06-27T09:40:31.685Z
Sphinx of Foresight,RNA,Ravnica Allegiance,55,normal,rare,1,43809,cf2386fd-edc0-4731-8f4e-7a7c45548bf3,0.25,false,false,near_mint,en,EUR,2026-06-27T09:40:31.684Z
Shimmer of Possibility,RNA,Ravnica Allegiance,51,normal,common,1,43813,76e3092d-2422-438c-b5dd-bf8eca33a76e,0.17,false,false,near_mint,en,EUR,2026-06-27T09:40:31.680Z
Arrester's Zeal,RVR,Ravnica Remastered,4,normal,common,2,89984,f501024b-79e8-48f8-8102-38d3e439dc64,0.11,false,false,near_mint,en,EUR,2026-06-27T09:40:31.679Z
Summary Judgment,RVR,Ravnica Remastered,27,normal,common,2,89775,84628a1e-17d4-4037-9b53-6ac123746ed7,0.02,false,false,near_mint,en,EUR,2026-06-27T09:40:31.682Z
"Kolodin, Triumph Caster",DFT,Aetherdrift,210,normal,rare,2,102981,36bcd476-a236-4434-b191-5c8b6fa7be7b,0.14,false,false,near_mint,en,EUR,2026-06-27T09:40:31.698Z
Thopter,TDFT,Aetherdrift Tokens,10,normal,common,3,103121,78e52380-13a1-44fe-b762-e71261cac3d0,0.13,false,false,near_mint,en,EUR,2026-06-27T09:45:23.713Z
Plains,DFT,Aetherdrift,272,foil,common,1,102961,2d2da8b9-797f-46e8-a15d-a86c7c56dc84,0.18,false,false,near_mint,en,EUR,2026-06-27T09:45:23.712Z
Rocky Roads,DFT,Aetherdrift,261,foil,uncommon,1,103095,6f0d4e8a-aab5-458e-bc0e-2b6b0054646a,0.2,false,false,near_mint,en,EUR,2026-06-27T09:45:23.711Z
Cryptcaller Chariot,DFT,Aetherdrift,80,normal,rare,1,103201,a0c8259c-055e-4bff-b945-c0ecb057a8f0,0.35,false,false,near_mint,en,EUR,2026-06-27T09:45:23.710Z
"Sita Varma, Masked Racer",DFT,Aetherdrift,223,normal,rare,1,103338,eb523c06-6f3e-4e19-b777-19aefc4a4e02,0.1,false,false,near_mint,en,EUR,2026-06-27T09:45:23.709Z
Apocalypse Runner,DFT,Aetherdrift,188,normal,uncommon,2,103185,971286f5-77ea-4824-91de-f0ac88c46238,0.09,false,false,near_mint,en,EUR,2026-06-27T09:45:23.707Z
Broadside Barrage,DFT,Aetherdrift,192,normal,uncommon,2,103637,d086e4e5-98fa-437e-85aa-d8849c94ce94,0.23,false,false,near_mint,en,EUR,2026-06-27T09:45:23.706Z
Engine Rat,DFT,Aetherdrift,84,normal,common,3,103579,949d6137-98d3-4f46-ab1e-08d7492af307,0.08,false,false,near_mint,en,EUR,2026-06-27T09:45:23.704Z
Streaking Oilgorger,DFT,Aetherdrift,107,normal,common,3,103097,6ff120a2-e2bb-42a2-bcb7-a48eb7a6d9b2,0.06,false,false,near_mint,en,EUR,2026-06-27T09:45:23.703Z
Lightshield Parry,DFT,Aetherdrift,19,normal,common,5,103302,dcf6a0e7-1fd4-425f-b634-c93236daea35,0.07,false,false,near_mint,en,EUR,2026-06-27T09:45:23.701Z
Hulldrifter,DFT,Aetherdrift,47,normal,common,3,103001,402666f8-c9cc-4e8f-abaa-6c38be90cdd2,0.09,false,false,near_mint,en,EUR,2026-06-27T09:45:23.699Z
Plains,DFT,Aetherdrift,278,normal,common,1,102373,4b97d2f5-498c-42db-95d9-f9002d4dfcc5,0.11,false,false,near_mint,en,EUR,2026-06-27T09:45:23.697Z
Riptide Gearhulk,DFT,Aetherdrift,219,normal,mythic,1,103487,44bfb0f7-18ca-4f6e-ba64-92120010456e,2.94,false,false,near_mint,en,EUR,2026-06-27T09:45:23.695Z
Country Roads,DFT,Aetherdrift,253,normal,uncommon,1,103154,897acd91-12ba-4fa8-a26e-c09f009167a8,0.1,false,false,near_mint,en,EUR,2026-06-27T09:45:23.694Z
Wickerfolk Indomitable,DFT,Aetherdrift,109,normal,uncommon,1,103245,ba78e076-8962-4b3f-b86f-04400b062951,0.13,false,false,near_mint,en,EUR,2026-06-27T09:45:23.693Z
Push the Limit,DFT,Aetherdrift,143,normal,uncommon,1,103443,21de84a2-2654-4e1a-a569-bf385bb43685,0.09,false,false,near_mint,en,EUR,2026-06-27T09:45:23.692Z
"Caelorna, Coral Tyrant",DFT,Aetherdrift,40,normal,uncommon,1,103657,e8654e38-4230-4094-b815-778bfb5d06f2,0.13,false,false,near_mint,en,EUR,2026-06-27T09:45:23.691Z
Aetherjacket,DFT,Aetherdrift,230,normal,common,4,103424,0a29c8a5-fd98-422c-9518-2db0993495e5,0.1,false,false,near_mint,en,EUR,2026-06-27T09:45:23.690Z
Guidelight Matrix,DFT,Aetherdrift,233,normal,common,3,103631,cccf7fb5-c043-4a1f-ad2f-edb280cb5037,0.09,false,false,near_mint,en,EUR,2026-06-27T09:45:23.689Z
Crash and Burn,DFT,Aetherdrift,119,normal,common,2,103467,339a41a1-b36f-4b81-b74c-220d279c0e26,0.05,false,false,near_mint,en,EUR,2026-06-27T09:45:23.687Z
Brightfield Glider,DFT,Aetherdrift,4,normal,common,2,103128,7eb819eb-ba5c-4449-87b5-3894380558bc,0.08,false,false,near_mint,en,EUR,2026-06-27T09:45:23.686Z
Alacrian Jaguar,DFT,Aetherdrift,152,normal,common,2,103456,2bd40bca-aa54-4e52-8d48-b3709a11e633,0.04,false,false,near_mint,en,EUR,2026-06-27T09:45:23.685Z
Skystreak Engineer,DFT,Aetherdrift,61,normal,common,2,103511,5bc9c501-098d-4560-9826-329b05689e0f,0.05,false,false,near_mint,en,EUR,2026-06-27T09:45:23.684Z
Rover Blades,DFT,Aetherdrift,241,normal,uncommon,2,103561,8855a999-83f6-4c0d-9444-3ff292f77d58,0.03,false,false,near_mint,en,EUR,2026-06-27T09:45:23.696Z
Forest,DFT,Aetherdrift,291,normal,common,1,102374,562b16ae-8ae7-4b2d-9098-bf3ff1429f7b,0.12,false,false,near_mint,en,EUR,2026-06-27T09:48:10.905Z
Thunderhead Gunner,DFT,Aetherdrift,148,foil,common,1,103669,ef537868-b2cb-4bbd-a935-b7f73f19bd06,0.07,false,false,near_mint,en,EUR,2026-06-27T09:48:10.904Z
"Ketramose, the New Dawn",DFT,Aetherdrift,209,normal,mythic,1,103279,cffae8d0-7b4e-42ed-8124-24a86b38f490,5.75,false,false,near_mint,en,EUR,2026-06-27T09:48:10.903Z
Waxen Shapethief,DFT,Aetherdrift,74,normal,rare,1,103483,412aaa30-b9cd-4cf8-beb8-1c1229667b31,0.26,false,false,near_mint,en,EUR,2026-06-27T09:48:10.902Z
Air Response Unit,DFT,Aetherdrift,1,normal,uncommon,1,103295,d77c8e29-de24-4664-baf8-959608dd99ca,0.05,false,false,near_mint,en,EUR,2026-06-27T09:48:10.901Z
"Kalakscion, Hunger Tyrant",DFT,Aetherdrift,93,normal,uncommon,1,103435,1214fc6d-ae47-418d-88cc-58633ec2ac7a,0.15,false,false,near_mint,en,EUR,2026-06-27T09:48:10.900Z
Greasewrench Goblin,DFT,Aetherdrift,132,normal,uncommon,1,103267,c8f0b123-fdb0-4f3e-ba78-fa155c227e20,0.12,false,false,near_mint,en,EUR,2026-06-27T09:48:10.899Z
Avishkar Raceway,DFT,Aetherdrift,249,normal,common,3,102894,08a6b378-c7fa-4226-a310-4ee7e550b4d6,0.13,false,false,near_mint,en,EUR,2026-06-27T09:48:10.898Z
Thunderhead Gunner,DFT,Aetherdrift,148,normal,common,3,103669,ef537868-b2cb-4bbd-a935-b7f73f19bd06,0.02,false,false,near_mint,en,EUR,2026-06-27T09:48:10.897Z
Lotusguard Disciple,DFT,Aetherdrift,21,normal,common,3,103553,80645651-3804-481f-8f8f-ade762a011e1,0.08,false,false,near_mint,en,EUR,2026-06-27T09:48:10.896Z
Jibbirik Omnivore,DFT,Aetherdrift,166,normal,common,2,103522,68a0569b-65c8-49ce-91ac-e639b8faf939,0.03,false,false,near_mint,en,EUR,2026-06-27T09:48:10.895Z
Risky Shortcut,DFT,Aetherdrift,103,normal,common,2,103625,c80aa587-4445-43d7-abc0-654d94ff4cda,0.13,false,false,near_mint,en,EUR,2026-06-27T09:48:10.893Z
Magmakin Artillerist,DFT,Aetherdrift,137,normal,common,2,103454,2ac26341-a100-424d-be84-33fbbf1b4078,0.18,false,false,near_mint,en,EUR,2026-06-27T09:48:10.892Z
Pilot,TDFT,Aetherdrift Tokens,1,normal,common,5,103557,8672d795-04f9-4089-9c92-6d6ff628da12,0.22,false,false,near_mint,en,EUR,2026-06-27T09:49:42.078Z
Swiftwater Cliffs,DFT,Aetherdrift,265,normal,common,2,103181,949bf6bb-1e97-48a3-8547-0a780664c275,0.07,false,false,near_mint,en,EUR,2026-06-27T09:49:42.077Z
Pedal to the Metal,DFT,Aetherdrift,141,foil,common,1,103110,75d07295-78b7-4f90-82c7-e7a639db9993,0.15,false,false,near_mint,en,EUR,2026-06-27T09:49:42.076Z
Cursecloth Wrappings,DFT,Aetherdrift,81,normal,rare,1,103287,d5803b32-4a81-46c2-9b10-3198a709611d,0.32,false,false,near_mint,en,EUR,2026-06-27T09:49:42.075Z
Muraganda Raceway,DFT,Aetherdrift,257,normal,rare,1,103042,5041ae16-29ff-4ad5-8a37-4736e9409294,0.7,false,false,near_mint,en,EUR,2026-06-27T09:49:42.074Z
Fang-Druid Summoner,DFT,Aetherdrift,163,normal,uncommon,1,103490,496442f6-48c7-464e-bcf3-4c14f49fa065,0.15,false,false,near_mint,en,EUR,2026-06-27T09:49:42.073Z
Haunted Hellride,DFT,Aetherdrift,208,normal,uncommon,1,103316,e2ce0d37-d5d7-49dd-885e-9998bb8abede,0.02,false,false,near_mint,en,EUR,2026-06-27T09:49:42.072Z
Spell Pierce,DFT,Aetherdrift,64,normal,uncommon,1,103568,8dd4374f-0301-4b2e-bc99-2cd19568cb3b,0.24,false,false,near_mint,en,EUR,2026-06-27T09:49:42.071Z
Interface Ace,DFT,Aetherdrift,17,normal,common,2,103385,fcfd487a-a9e6-44e3-80af-bc384316106f,0.13,false,false,near_mint,en,EUR,2026-06-27T09:49:42.069Z
Deathless Pilot,DFT,Aetherdrift,82,normal,common,2,103655,e704fb95-17b7-432a-831c-18abe7d9cc73,0.07,false,false,near_mint,en,EUR,2026-06-27T09:49:42.068Z
Gastal Blockbuster,DFT,Aetherdrift,128,normal,common,2,103650,dca41ec6-8f8f-42ef-abac-cc645c6440b7,0.05,false,false,near_mint,en,EUR,2026-06-27T09:49:42.067Z
Collision Course,DFT,Aetherdrift,10,normal,common,2,103526,6b60da34-b622-42de-a249-79545bcbf30d,0.08,false,false,near_mint,en,EUR,2026-06-27T09:49:42.066Z
Stampeding Scurryfoot,DFT,Aetherdrift,181,normal,common,2,103551,7fc713d7-4a7e-4f1f-b461-e89bb1457d7d,0.11,false,false,near_mint,en,EUR,2026-06-27T09:49:42.065Z
Trip Up,DFT,Aetherdrift,71,normal,common,3,103451,273061f3-7aa7-4cb0-afd6-616252b88948,0.04,false,false,near_mint,en,EUR,2026-06-27T09:49:42.064Z
Island,DFT,Aetherdrift,280,normal,common,1,102375,5a8e9b9e-4947-4b6a-b21b-6fe009760fc5,0.11,false,false,near_mint,en,EUR,2026-06-27T09:50:49.440Z
Bloodghast,DFT,Aetherdrift,77,foil,rare,1,103387,fdceefe6-f083-4955-b53a-8e6f8aeb2083,2.09,false,false,near_mint,en,EUR,2026-06-27T09:50:49.439Z
Possession Engine,DFT,Aetherdrift,54,normal,rare,1,103356,f206b0a1-50d8-4d53-850d-fb15fd328267,0.15,false,false,near_mint,en,EUR,2026-06-27T09:50:49.438Z
Autarch Mammoth,DFT,Aetherdrift,153,normal,uncommon,2,103033,4d313ea7-2456-48f3-8b12-97d8e8c2a5b3,0.06,false,false,near_mint,en,EUR,2026-06-27T09:50:49.437Z
Guidelight Synergist,DFT,Aetherdrift,16,normal,uncommon,1,103677,fdaeea2c-d8aa-416f-95d6-6af888591fdf,0.1,false,false,near_mint,en,EUR,2026-06-27T09:50:49.436Z
Sabotage Strategist,DFT,Aetherdrift,59,normal,uncommon,1,103627,c8bb15e2-e1ad-4645-aab0-df4a1a68563d,0.03,false,false,near_mint,en,EUR,2026-06-27T09:50:49.435Z
Rocky Roads,DFT,Aetherdrift,261,normal,uncommon,1,103095,6f0d4e8a-aab5-458e-bc0e-2b6b0054646a,0.12,false,false,near_mint,en,EUR,2026-06-27T09:50:49.434Z
Dynamite Diver,DFT,Aetherdrift,123,normal,common,3,103508,5a4f96f6-dd91-4357-ae19-1c35db2c2bcb,0.09,false,false,near_mint,en,EUR,2026-06-27T09:50:49.433Z
Silken Strength,DFT,Aetherdrift,180,normal,common,3,103634,ce0e1ded-9b00-4d7b-884c-70a429783b1f,0.09,false,false,near_mint,en,EUR,2026-06-27T09:50:49.432Z
Ripclaw Wrangler,DFT,Aetherdrift,101,normal,common,3,103642,d4981a4a-6eca-4f84-8715-8e2672507b59,0.07,false,false,near_mint,en,EUR,2026-06-27T09:50:49.431Z
Burner Rocket,DFT,Aetherdrift,114,normal,common,3,103665,ecee6509-1103-4ae5-a2e7-0441f5d4a872,0.05,false,false,near_mint,en,EUR,2026-06-27T09:50:49.430Z
Venomsac Lagac,DFT,Aetherdrift,185,normal,common,3,103171,9142b1c9-09d7-42e4-8138-6c15d31f2470,0.08,false,false,near_mint,en,EUR,2026-06-27T09:50:49.428Z
Midnight Mangler,DFT,Aetherdrift,50,normal,common,3,102951,237568e3-7331-4bbb-a091-a766723134fc,0.05,false,false,near_mint,en,EUR,2026-06-27T09:50:49.427Z
Wind-Scarred Crag,DFT,Aetherdrift,271,normal,common,1,103149,882969d8-7e3e-4f32-858a-00da20c67b83,0.06,false,false,near_mint,en,EUR,2026-06-27T09:53:46.843Z
District Mascot,DFT,Aetherdrift,158,normal,rare,1,102967,3171b16f-cd67-416d-be5e-5d9cccb8d0a0,0.31,false,false,near_mint,en,EUR,2026-06-27T09:53:46.842Z
Pactdoll Terror,DFT,Aetherdrift,99,foil,common,1,103535,70226354-47b7-4f9d-a5a8-559d17f07720,0.18,false,false,near_mint,en,EUR,2026-06-27T09:53:46.841Z
Molt Tender,DFT,Aetherdrift,171,normal,uncommon,1,103373,f800bf4e-4bfb-45b6-950b-c76952f52bb1,0.34,false,false,near_mint,en,EUR,2026-06-27T09:53:46.840Z
Risen Necroregent,DFT,Aetherdrift,102,normal,uncommon,1,103509,5a68482a-401d-48e7-854e-46e3db07ff35,0.09,false,false,near_mint,en,EUR,2026-06-27T09:53:46.839Z
Fuel the Flames,DFT,Aetherdrift,126,normal,uncommon,1,103517,624335fb-8a0b-4fa9-aefb-60ac641a7934,0.09,false,false,near_mint,en,EUR,2026-06-27T09:53:46.838Z
Aether Syphon,DFT,Aetherdrift,38,normal,uncommon,1,103294,d7033739-4cd8-4727-b9b5-099fb597006b,0.14,false,false,near_mint,en,EUR,2026-06-27T09:53:46.837Z
Stall Out,DFT,Aetherdrift,66,normal,common,2,103500,4ea0e0d3-833f-4353-b648-57b0b657cc1c,0.14,false,false,near_mint,en,EUR,2026-06-27T09:53:46.835Z
Lightning Strike,DFT,Aetherdrift,136,normal,common,2,103461,30077b49-b825-4dbb-a0c7-f3992f647df0,0.09,false,false,near_mint,en,EUR,2026-06-27T09:53:46.834Z
Daring Mechanic,DFT,Aetherdrift,11,normal,common,3,103466,3382552c-2740-409a-83a1-80b60627beb8,0.04,false,false,near_mint,en,EUR,2026-06-27T09:53:46.833Z
Veloheart Bike,DFT,Aetherdrift,184,normal,common,2,103144,85edde1a-f05c-4ce8-bedd-88359647aa0d,0.03,false,false,near_mint,en,EUR,2026-06-27T09:53:46.832Z
Nimble Thopterist,DFT,Aetherdrift,53,normal,common,2,103488,47717312-f6c6-4e86-ba6a-a30698962430,0.11,false,false,near_mint,en,EUR,2026-06-27T09:53:46.831Z
Island,DFT,Aetherdrift,282,foil,common,1,102379,7a3c4a9d-48db-474f-aeb6-8b4fa08ce6fa,0.14,false,false,near_mint,en,EUR,2026-06-27T09:55:55.791Z
Stall Out,DFT,Aetherdrift,66,foil,common,1,103500,4ea0e0d3-833f-4353-b648-57b0b657cc1c,0.08,false,false,near_mint,en,EUR,2026-06-27T09:55:55.790Z
"Mu Yanling, Wind Rider",DFT,Aetherdrift,52,normal,mythic,1,103111,76423446-d62f-4cc5-a23a-3175be88bd73,0.55,false,false,near_mint,en,EUR,2026-06-27T09:55:55.789Z
Momentum Breaker,DFT,Aetherdrift,97,normal,uncommon,1,102984,38513b53-384f-45e7-9905-80dd2c3c4918,0.67,false,false,near_mint,en,EUR,2026-06-27T09:55:55.788Z
Nesting Bot,DFT,Aetherdrift,22,normal,uncommon,1,103118,7829c0ae-f72f-4195-ad43-775d7218565c,0.11,false,false,near_mint,en,EUR,2026-06-27T09:55:55.787Z
Cloudspire Skycycle,DFT,Aetherdrift,197,normal,uncommon,1,103148,881f01a4-a923-4d56-bacb-984a389296fa,0.03,false,false,near_mint,en,EUR,2026-06-27T09:55:55.786Z
Broadcast Rambler,DFT,Aetherdrift,6,normal,common,2,103563,89ce2385-e33d-47b3-96c8-5a4672d9df7c,0.04,false,false,near_mint,en,EUR,2026-06-27T09:55:55.780Z
Hazard of the Dunes,DFT,Aetherdrift,165,normal,common,3,103621,c3fbee7a-7e73-43cf-bc39-ccb1c63bf837,0.07,false,false,near_mint,en,EUR,2026-06-27T09:55:55.779Z
Gearseeker Serpent,DFT,Aetherdrift,43,normal,common,2,103480,3dca0007-42d3-4ee2-8e88-361d80a7103c,0.05,false,false,near_mint,en,EUR,2026-06-27T09:55:55.778Z
Jungle Hollow,DFT,Aetherdrift,256,normal,common,2,103126,7dd24a1a-08db-4fa7-8939-f5541677327e,0.04,false,false,near_mint,en,EUR,2026-06-27T09:57:16.223Z
Jibbirik Omnivore,DFT,Aetherdrift,166,foil,common,1,103522,68a0569b-65c8-49ce-91ac-e639b8faf939,0.17,false,false,near_mint,en,EUR,2026-06-27T09:57:16.222Z
Regal Imperiosaur,DFT,Aetherdrift,177,normal,rare,1,103473,36f569cc-ed09-4c27-b753-18b22ad7f425,0.45,false,false,near_mint,en,EUR,2026-06-27T09:57:16.221Z
Cloudspire Captain,DFT,Aetherdrift,9,normal,uncommon,2,102971,3380d87a-c460-409c-8d47-9b2fc5ddd2ea,0.12,false,false,near_mint,en,EUR,2026-06-27T09:57:16.220Z
Hour of Victory,DFT,Aetherdrift,91,normal,uncommon,1,103173,9192abc8-05a3-4e72-a634-fc5acbe97b26,0.1,false,false,near_mint,en,EUR,2026-06-27T09:57:16.219Z
Rocketeer Boostbuggy,DFT,Aetherdrift,220,normal,uncommon,2,103030,4c80c91e-dd3d-4c7b-89e4-bfb253eeaee2,0.07,false,false,near_mint,en,EUR,2026-06-27T09:57:16.218Z
Hellish Sideswipe,DFT,Aetherdrift,90,normal,uncommon,2,103544,7a9db650-47f9-46d7-ac17-8d19fef6d6b0,0.07,false,false,near_mint,en,EUR,2026-06-27T09:57:16.217Z
Ticket Tortoise,DFT,Aetherdrift,245,normal,common,2,103674,fa178ed7-8f3a-45f0-817d-5fbc7993b04a,0.09,false,false,near_mint,en,EUR,2026-06-27T09:57:16.216Z
Spin Out,DFT,Aetherdrift,106,normal,common,3,103617,be722ac5-e8c4-4180-aed0-7c28895afc0d,0.05,false,false,near_mint,en,EUR,2026-06-27T09:57:16.214Z
Kickoff Celebrations,DFT,Aetherdrift,135,normal,common,3,103498,4e5590e1-0ac0-4bdd-815b-136bf24ced03,0.14,false,false,near_mint,en,EUR,2026-06-27T09:57:16.213Z
Broken Wings,DFT,Aetherdrift,156,normal,common,3,103441,1d7d5b71-7c1b-4fc2-a5ec-7285e17ffe0f,0.03,false,false,near_mint,en,EUR,2026-06-27T09:57:16.211Z
Guidelight Optimizer,DFT,Aetherdrift,45,normal,common,3,103658,e9fc07dd-05b1-49ed-a3ee-46c31b8e0a3d,0.08,false,false,near_mint,en,EUR,2026-06-27T09:57:16.210Z
Plains,DFT,Aetherdrift,272,normal,common,1,102961,2d2da8b9-797f-46e8-a15d-a86c7c56dc84,0.13,false,false,near_mint,en,EUR,2026-06-27T09:58:35.353Z
Full Throttle,DFT,Aetherdrift,127,foil,rare,1,103297,d91f7cad-89e8-45cb-a78e-b35b0ee64783,2.61,false,false,near_mint,en,EUR,2026-06-27T09:58:35.352Z
Full Throttle,DFT,Aetherdrift,127,normal,rare,1,103297,d91f7cad-89e8-45cb-a78e-b35b0ee64783,3.12,false,false,near_mint,en,EUR,2026-06-27T09:58:35.351Z
Wild Roads,DFT,Aetherdrift,269,normal,uncommon,1,103034,4d3d48d1-a98e-40af-b04c-c40b9d52e9ee,0.06,false,false,near_mint,en,EUR,2026-06-27T09:58:35.350Z
Detention Chariot,DFT,Aetherdrift,12,normal,uncommon,1,103541,75d5e64f-7af2-4cb4-abd1-23992e346bee,0.1,false,false,near_mint,en,EUR,2026-06-27T09:58:35.349Z
Memory Guardian,DFT,Aetherdrift,49,normal,uncommon,2,103524,6b199ce2-0ea0-47e5-a36c-36373be53fec,0.39,false,false,near_mint,en,EUR,2026-06-27T09:58:35.347Z
Prowcatcher Specialist,DFT,Aetherdrift,142,normal,common,3,103224,affbc8db-4ff7-4a86-954a-910493e5a2ef,0.04,false,false,near_mint,en,EUR,2026-06-27T09:58:35.344Z
Spotcycle Scouter,DFT,Aetherdrift,30,normal,common,3,103346,f0489108-75b7-441c-888d-12987c0c1080,0.05,false,false,near_mint,en,EUR,2026-06-27T09:58:35.343Z
Flood the Engine,DFT,Aetherdrift,42,normal,common,3,103506,57402f7c-5d4c-4f1e-8bce-a2328a297111,0.06,false,false,near_mint,en,EUR,2026-06-27T09:58:35.341Z
Syphon Fuel,DFT,Aetherdrift,108,normal,common,2,103493,4af17ae0-1035-4cb2-8974-98b377bfaa48,0.02,false,false,near_mint,en,EUR,2026-06-27T09:58:35.340Z
Island,DFT,Aetherdrift,273,normal,common,1,103368,f53ed206-8ec4-46a6-8603-c819682e1433,0.39,false,false,near_mint,en,EUR,2026-06-27T10:00:43.530Z
Air Response Unit,DFT,Aetherdrift,1,foil,uncommon,1,103295,d77c8e29-de24-4664-baf8-959608dd99ca,0.1,false,false,near_mint,en,EUR,2026-06-27T10:00:43.529Z
Willowrush Verge,DFT,Aetherdrift,270,normal,rare,1,103109,758d93d5-3f66-4395-a928-000485396c87,5.93,false,false,near_mint,en,EUR,2026-06-27T10:00:43.528Z
Rover Blades,DFT,Aetherdrift,331,normal,uncommon,1,103507,5a3b07b7-8d51-428e-a399-61da45529c8f,0.15,false,false,near_mint,en,EUR,2026-06-27T10:00:43.527Z
Alacrian Armory,DFT,Aetherdrift,2,normal,uncommon,2,103641,d39f7f98-ad5e-4e5e-9f7b-abe0984ffe17,0.11,false,false,near_mint,en,EUR,2026-06-27T10:00:43.526Z
Point the Way,DFT,Aetherdrift,175,normal,uncommon,2,103573,8fd4c73d-0e9a-4ffe-8062-f2f4d0e601fe,0.11,false,false,near_mint,en,EUR,2026-06-27T10:00:43.525Z
"Tyrox, Saurid Tyrant",DFT,Aetherdrift,149,normal,uncommon,1,103439,159dc5a8-5cba-4c20-8c07-28a3d86c8411,0.06,false,false,near_mint,en,EUR,2026-06-27T10:00:43.524Z
Spectral Interference,DFT,Aetherdrift,63,normal,common,2,103556,860cb8af-a5f6-47e7-a34b-7b9f11ddc8c6,0.08,false,false,near_mint,en,EUR,2026-06-27T10:00:43.522Z
Start Your Engines! // Max Speed,TDFT,Aetherdrift Tokens,14,normal,common,3,103135,82613de6-ed37-48c1-8d2f-d91a3f496794,0.16,false,false,near_mint,en,EUR,2026-06-27T10:04:57.996Z
Mountain,DFT,Aetherdrift,287,normal,common,1,102383,c872e70c-626f-4d2c-b26b-d94f815fceea,0.11,false,false,near_mint,en,EUR,2026-06-27T10:04:57.995Z
Spell Pierce,DFT,Aetherdrift,64,foil,uncommon,1,103568,8dd4374f-0301-4b2e-bc99-2cd19568cb3b,0.45,false,false,near_mint,en,EUR,2026-06-27T10:04:57.994Z
The Speed Demon,DFT,Aetherdrift,105,normal,mythic,1,103516,62242a80-0444-4a0e-a868-97eabcc77648,1.77,false,false,near_mint,en,EUR,2026-06-27T10:04:57.993Z
Greenbelt Guardian,DFT,Aetherdrift,164,normal,uncommon,2,103459,2f6b0000-5fd3-483b-bac5-f9b888d8755b,0.07,false,false,near_mint,en,EUR,2026-06-27T10:04:57.992Z
Endrider Spikespitter,DFT,Aetherdrift,125,normal,uncommon,1,103499,4e58cb18-f216-4248-8f0d-65b0263c5c28,0.08,false,false,near_mint,en,EUR,2026-06-27T10:04:57.991Z
Stock Up,DFT,Aetherdrift,67,normal,uncommon,1,102900,0a786855-6eb4-42c0-a528-4842db46809d,2.6,false,false,near_mint,en,EUR,2026-06-27T10:04:57.990Z
Thundering Broodwagon,DFT,Aetherdrift,225,normal,uncommon,1,103457,2d1576d4-15a3-4e91-84ef-e71e258185e7,0.08,false,false,near_mint,en,EUR,2026-06-27T10:04:57.989Z
Skybox Ferry,DFT,Aetherdrift,243,normal,common,3,103542,75d9ef34-ae95-4465-a30c-372e231bd733,0.05,false,false,near_mint,en,EUR,2026-06-27T10:04:57.988Z
Endrider Catalyzer,DFT,Aetherdrift,124,normal,common,3,103052,55a5a67b-d969-4ba4-9dcc-32d0c2e5c04a,0.11,false,false,near_mint,en,EUR,2026-06-27T10:04:57.987Z
Howler's Heavy,DFT,Aetherdrift,46,normal,common,3,103566,8bbd7758-59c7-4ae1-9af8-c3580f4aa958,0.03,false,false,near_mint,en,EUR,2026-06-27T10:04:57.986Z
Grim Javelineer,DFT,Aetherdrift,89,normal,common,3,103558,87154116-e306-4e15-bd5a-dcdb5ddbcd36,0.04,false,false,near_mint,en,EUR,2026-06-27T10:04:57.985Z
Leonin Surveyor,DFT,Aetherdrift,18,normal,common,3,103653,e08e4107-213f-491b-a032-8e3367009ba8,0.04,false,false,near_mint,en,EUR,2026-06-27T10:04:57.983Z
Pothole Mole,DFT,Aetherdrift,176,normal,common,4,103442,21c7b59f-fdae-4a11-9784-497a8165d75a,0.03,false,false,near_mint,en,EUR,2026-06-27T10:04:57.982Z
Vehicle,TDFT,Aetherdrift Tokens,12,normal,common,1,103594,a3803365-ed78-409f-8ca5-7aa3634faf76,0.24,false,false,near_mint,en,EUR,2026-06-27T10:04:57.981Z
Mountain,DFT,Aetherdrift,275,normal,common,1,103043,50748a4c-43a0-4274-9a84-046d76027166,0.18,false,false,near_mint,en,EUR,2026-06-27T10:04:57.980Z
"Gonti, Night Minister",DFT,Aetherdrift,87,normal,rare,1,103647,d79ca40a-e5c0-4956-8df0-ecbd2a25656f,0.5,false,false,near_mint,en,EUR,2026-06-27T10:04:57.978Z
Voyage Home,DFT,Aetherdrift,227,normal,uncommon,1,103495,4ba835da-0247-4716-9079-1b605297f6d5,0.26,false,false,near_mint,en,EUR,2026-06-27T10:04:57.977Z
Ooze Patrol,DFT,Aetherdrift,172,normal,uncommon,1,103431,101d22c6-830d-4908-9003-6b206f694eba,0.06,false,false,near_mint,en,EUR,2026-06-27T10:04:57.976Z
Road Rage,DFT,Aetherdrift,145,normal,uncommon,1,103676,fca022de-0c7b-48ea-b3b5-af28987a5070,0.11,false,false,near_mint,en,EUR,2026-06-27T10:04:57.975Z
Diversion Unit,DFT,Aetherdrift,41,normal,uncommon,1,103652,e04d4fa6-1fa3-4bfd-a462-47c23ccf9124,0.18,false,false,near_mint,en,EUR,2026-06-27T10:04:57.974Z
Maximum Overdrive,DFT,Aetherdrift,96,normal,common,2,103513,5f6e5bb2-cfe9-48e5-86f9-e21f3d328327,0.11,false,false,near_mint,en,EUR,2026-06-27T10:04:57.973Z
Keen Buccaneer,DFT,Aetherdrift,48,normal,common,3,103429,0ed90a63-5aca-470a-8e1e-518d8aeb6d91,0.07,false,false,near_mint,en,EUR,2026-06-27T10:04:57.972Z
Mutant Surveyor,DFT,Aetherdrift,98,normal,common,3,103547,7cec5105-3907-40d2-8e46-95acfaaaa0cc,0.04,false,false,near_mint,en,EUR,2026-06-27T10:04:57.971Z
Goblin Surveyor,DFT,Aetherdrift,131,normal,common,3,103313,e1efffe9-00f8-4177-a9e6-4ad62887d32f,0.08,false,false,near_mint,en,EUR,2026-06-27T10:04:57.970Z
Migrating Ketradon,DFT,Aetherdrift,170,normal,common,3,103597,a9ba2219-8184-4141-8708-845cb0957299,0.09,false,false,near_mint,en,EUR,2026-06-27T10:04:57.968Z
Island,DFT,Aetherdrift,282,normal,common,1,102379,7a3c4a9d-48db-474f-aeb6-8b4fa08ce6fa,0.1,false,false,near_mint,en,EUR,2026-06-27T10:06:51.912Z
Memory Guardian,DFT,Aetherdrift,49,foil,uncommon,1,103524,6b199ce2-0ea0-47e5-a36c-36373be53fec,0.76,false,false,near_mint,en,EUR,2026-06-27T10:06:51.911Z
Bloodghast,DFT,Aetherdrift,337,normal,rare,1,103010,4560bd1f-eb63-45bc-a8c7-b5de200facc9,1.6,false,false,near_mint,en,EUR,2026-06-27T10:06:51.910Z
Perilous Snare,DFT,Aetherdrift,23,normal,rare,2,103020,47f7e468-2196-4960-a612-37ab326e2a17,0.29,false,false,near_mint,en,EUR,2026-06-27T10:06:51.909Z
Embalmed Ascendant,DFT,Aetherdrift,201,normal,uncommon,1,103063,5cf181ae-daa7-42f9-b667-5e679d80cf34,0.11,false,false,near_mint,en,EUR,2026-06-27T10:06:51.908Z
Roadside Blowout,DFT,Aetherdrift,58,normal,uncommon,1,103289,d6153a76-56f7-46ee-bba5-b62c0143388a,0.07,false,false,near_mint,en,EUR,2026-06-27T10:06:51.907Z
Shefet Archfiend,DFT,Aetherdrift,104,normal,uncommon,1,103422,079dc8d2-0de3-415e-8af8-b8dec669368a,0.11,false,false,near_mint,en,EUR,2026-06-27T10:06:51.906Z
Camera Launcher,DFT,Aetherdrift,232,normal,common,3,103580,968651db-92fb-46cd-acda-9e097668b7c9,0.04,false,false,near_mint,en,EUR,2026-06-27T10:06:51.905Z
Walking Sarcophagus,DFT,Aetherdrift,246,normal,common,3,103562,89ccbd73-9414-48a3-bdcf-e838fcffc08f,0.07,false,false,near_mint,en,EUR,2026-06-27T10:06:51.904Z
Gilded Ghoda,DFT,Aetherdrift,130,normal,common,2,103050,55685602-a18c-43a4-ac60-13b039672fa4,0.16,false,false,near_mint,en,EUR,2026-06-27T10:06:51.903Z
Grim Bauble,DFT,Aetherdrift,88,normal,common,2,103585,9bfdf60a-6f67-4872-8961-d63776b192c3,0.29,false,false,near_mint,en,EUR,2026-06-27T10:06:51.899Z
Mountain,DFT,Aetherdrift,288,normal,common,1,102377,653e2393-30a7-4e0c-bd20-f05ca0ba3cb6,0.08,false,false,near_mint,en,EUR,2026-06-27T10:07:58.222Z
Riverchurn Monument,DFT,Aetherdrift,57,foil,rare,1,103654,e66ff696-fd39-49ad-9ee5-c0868167df37,0.97,false,false,near_mint,en,EUR,2026-06-27T10:07:58.221Z
Mindspring Merfolk,DFT,Aetherdrift,51,normal,rare,1,103232,b6250b8b-1943-445f-ada9-30b41eb6d29b,0.54,false,false,near_mint,en,EUR,2026-06-27T10:07:58.220Z
Dune Drifter,DFT,Aetherdrift,200,normal,uncommon,1,103471,36185de4-55c2-4e5d-9bcc-ea12b7052728,0.1,false,false,near_mint,en,EUR,2026-06-27T10:07:58.219Z
Rise from the Wreck,DFT,Aetherdrift,178,normal,uncommon,1,103486,43e6ac32-a7a4-4c15-81b0-8485d6a0e7ca,0.07,false,false,near_mint,en,EUR,2026-06-27T10:07:58.218Z
Wretched Doll,DFT,Aetherdrift,111,normal,uncommon,1,103491,4983177d-fbf4-47fa-997f-9d08294870f2,0.04,false,false,near_mint,en,EUR,2026-06-27T10:07:58.217Z
Amonkhet Raceway,DFT,Aetherdrift,248,normal,uncommon,1,103040,4f312807-ea2a-4385-8774-4e23b4a5d4a6,0.28,false,false,near_mint,en,EUR,2026-06-27T10:07:58.216Z
Elephant,TDFT,Aetherdrift Tokens,6,normal,common,2,103533,6ecb6655-2aa0-4622-ae9a-21dfffa7625e,0.21,false,false,near_mint,en,EUR,2026-06-27T10:09:11.406Z
Blossoming Sands,DFT,Aetherdrift,252,normal,common,2,103088,69949863-2510-4fe2-a815-0682beeb08a3,0.09,false,false,near_mint,en,EUR,2026-06-27T10:09:11.405Z
Debris Beetle,DFT,Aetherdrift,199,normal,rare,1,103482,405e7900-f6df-4033-b70b-b1d2a8b6d7c8,0.08,false,false,near_mint,en,EUR,2026-06-27T10:09:11.403Z
Roadside Assistance,DFT,Aetherdrift,26,normal,uncommon,1,103417,8f2a9154-7b43-4b8d-9d81-d11cfda5d597,0.1,false,false,near_mint,en,EUR,2026-06-27T10:09:11.402Z
Earthrumbler,DFT,Aetherdrift,160,normal,uncommon,1,100068,ee386cd0-934a-4b33-9db3-0a9033ab577e,0.07,false,false,near_mint,en,EUR,2026-06-27T10:09:11.401Z
Ancient Vendetta,DFT,Aetherdrift,75,normal,uncommon,1,103447,230301f2-f288-4b13-9f62-e649ad8357bb,0.21,false,false,near_mint,en,EUR,2026-06-27T10:09:11.400Z
Boom Scholar,DFT,Aetherdrift,189,normal,uncommon,1,103358,f2b84684-10c9-4635-a922-620f04809bb1,0.03,false,false,near_mint,en,EUR,2026-06-27T10:09:11.399Z
Pactdoll Terror,DFT,Aetherdrift,99,normal,common,3,103535,70226354-47b7-4f9d-a5a8-559d17f07720,0.25,false,false,near_mint,en,EUR,2026-06-27T10:09:11.397Z
Pedal to the Metal,DFT,Aetherdrift,141,normal,common,3,103110,75d07295-78b7-4f90-82c7-e7a639db9993,0.06,false,false,near_mint,en,EUR,2026-06-27T10:09:11.396Z
Voyager Quickwelder,DFT,Aetherdrift,37,normal,common,3,103673,f6dcdc8c-fba1-4ea1-bf93-65072d10f0da,0.13,false,false,near_mint,en,EUR,2026-06-27T10:09:11.395Z
Jungle Hollow,DFT,Aetherdrift,256,foil,common,1,103126,7dd24a1a-08db-4fa7-8939-f5541677327e,0.08,false,false,near_mint,en,EUR,2026-06-27T10:10:29.267Z
Clamorous Ironclad,DFT,Aetherdrift,117,foil,common,1,103013,4701da52-b9c8-4ce9-9d57-53e10899f19d,0.08,false,false,near_mint,en,EUR,2026-06-27T10:10:29.266Z
"Caradora, Heart of Alacria",DFT,Aetherdrift,195,normal,rare,1,102918,1256d22d-a2a9-41fb-b669-0661ba230bc7,0.13,false,false,near_mint,en,EUR,2026-06-27T10:10:29.265Z
Gastal Thrillseeker,DFT,Aetherdrift,205,normal,uncommon,1,103595,a8e5205d-d734-4292-a3c8-70cf5f131289,0.12,false,false,near_mint,en,EUR,2026-06-27T10:10:29.263Z
Rangers' Refueler,DFT,Aetherdrift,55,normal,uncommon,1,103086,67d2d713-8acb-4e3d-bd1d-0416fe9b9ef6,0.03,false,false,near_mint,en,EUR,2026-06-27T10:10:29.262Z
Outpace Oblivion,DFT,Aetherdrift,139,normal,uncommon,1,103619,c22e415f-636f-4394-9b21-600ab720ac98,0.1,false,false,near_mint,en,EUR,2026-06-27T10:10:29.261Z
Tranquil Cove,DFT,Aetherdrift,267,foil,common,1,103098,70688800-7675-4e75-bb3c-9e05b95a685c,0.12,false,false,near_mint,en,EUR,2026-06-27T10:11:45.905Z
Trip Up,DFT,Aetherdrift,71,foil,common,1,103451,273061f3-7aa7-4cb0-afd6-616252b88948,0.08,false,false,near_mint,en,EUR,2026-06-27T10:11:45.904Z
Valor's Flagship,DFT,Aetherdrift,35,normal,mythic,1,103157,8af1dddf-6c95-448b-acc8-df5a99202e9a,0.72,false,false,near_mint,en,EUR,2026-06-27T10:11:45.903Z
"Samut, the Driving Force",DFT,Aetherdrift,222,normal,rare,1,103165,8efd8222-5c37-46d8-a2ec-1d7aae25320b,0.15,false,false,near_mint,en,EUR,2026-06-27T10:11:45.902Z
Pacesetter Paragon,DFT,Aetherdrift,140,normal,uncommon,1,103103,7364b4dc-8cce-498d-a62e-eabc612b062a,0.04,false,false,near_mint,en,EUR,2026-06-27T10:11:45.900Z
Slick Imitator,DFT,Aetherdrift,62,normal,uncommon,2,103481,3e86ef50-4939-4e7c-853d-438f0f3e0411,0.12,false,false,near_mint,en,EUR,2026-06-27T10:11:45.899Z
Lightwheel Enhancements,DFT,Aetherdrift,20,normal,common,3,103583,9ab169c1-4e25-4a5d-8961-4f06298c3781,0.11,false,false,near_mint,en,EUR,2026-06-27T10:11:45.898Z
Chitin Gravestalker,DFT,Aetherdrift,79,normal,common,3,103575,903b4141-04a3-44c4-9d3e-aa2a773d9883,0.16,false,false,near_mint,en,EUR,2026-06-27T10:11:45.895Z
Run Over,DFT,Aetherdrift,179,normal,common,3,103519,642f8fdd-6c58-49a3-904c-27f717cae980,0.08,false,false,near_mint,en,EUR,2026-06-27T10:11:45.892Z
Bloodfell Caves,DFT,Aetherdrift,251,normal,common,1,103022,49195d90-de0c-4290-aa1c-9f4d948b5521,0.12,false,false,near_mint,en,EUR,2026-06-27T10:14:22.553Z
Night Market,DFT,Aetherdrift,258,foil,common,1,103214,a8c1dce3-6136-4294-9d2b-5ef8527d733b,0.12,false,false,near_mint,en,EUR,2026-06-27T10:14:22.552Z
Monument to Endurance,DFT,Aetherdrift,237,normal,rare,1,103640,d21433ba-0a14-42bc-ad0b-a4ef823a3295,16.42,false,false,near_mint,en,EUR,2026-06-27T10:14:22.551Z
Elvish Refueler,DFT,Aetherdrift,161,normal,uncommon,1,102954,25dfbcb6-9b67-4151-b10f-dde70c5fd16d,0.05,false,false,near_mint,en,EUR,2026-06-27T10:14:22.550Z
Marshals' Pathcruiser,DFT,Aetherdrift,236,normal,uncommon,1,103168,8f920f83-6380-4e4f-be68-6bf9df3110d8,0.02,false,false,near_mint,en,EUR,2026-06-27T10:14:22.548Z
Dracosaur Auxiliary,DFT,Aetherdrift,122,normal,uncommon,1,103636,cf800b8c-d08e-4644-8ed2-11b839153861,0.09,false,false,near_mint,en,EUR,2026-06-27T10:14:22.547Z
Starting Column,DFT,Aetherdrift,244,normal,common,1,102889,0530b343-98c2-440a-b32e-d1566d318c3b,0.12,false,false,near_mint,en,EUR,2026-06-27T10:14:22.544Z
Beastrider Vanguard,DFT,Aetherdrift,154,normal,common,4,103365,f4b99a61-49f1-46a2-9eb7-b6c88c236215,0.12,false,false,near_mint,en,EUR,2026-06-27T10:14:22.541Z
Glitch Ghost Surveyor,DFT,Aetherdrift,44,normal,common,3,103615,b9bb89b9-50dd-4b36-aa10-aba585e50246,0.03,false,false,near_mint,en,EUR,2026-06-27T10:14:22.540Z
Insect,TDFT,Aetherdrift Tokens,7,normal,common,1,103587,9d3d855d-93a1-4ec4-af19-e544f271ae10,0.21,false,false,near_mint,en,EUR,2026-06-27T10:16:27.512Z
Veloheart Bike,DFT,Aetherdrift,184,foil,common,1,103144,85edde1a-f05c-4ce8-bedd-88359647aa0d,0.07,false,false,near_mint,en,EUR,2026-06-27T10:16:27.510Z
Boosted Sloop,DFT,Aetherdrift,190,normal,uncommon,1,102977,3563cb48-9dcb-4b92-af3a-4793adf03125,0.09,false,false,near_mint,en,EUR,2026-06-27T10:16:27.507Z
Foul Roads,DFT,Aetherdrift,255,normal,uncommon,1,103205,a37c026a-c89f-41f3-8812-424124dd3760,0.08,false,false,near_mint,en,EUR,2026-06-27T10:16:27.506Z
Night Market,DFT,Aetherdrift,258,normal,common,2,103214,a8c1dce3-6136-4294-9d2b-5ef8527d733b,0.05,false,false,near_mint,en,EUR,2026-06-27T10:16:27.504Z
Walking Sarcophagus,DFT,Aetherdrift,246,foil,common,1,103562,89ccbd73-9414-48a3-bdcf-e838fcffc08f,0.14,false,false,near_mint,en,EUR,2026-06-27T10:18:00.211Z
"Captain Howler, Sea Scourge",DFT,Aetherdrift,194,normal,rare,1,102896,0957c90f-e10d-40f8-a4be-9e9ef623dd43,0.25,false,false,near_mint,en,EUR,2026-06-27T10:18:00.210Z
"Daretti, Rocketeer Engineer",DFT,Aetherdrift,120,normal,rare,1,100067,be626e2f-1075-4497-bd5b-bd805777afd3,0.3,false,false,near_mint,en,EUR,2026-06-27T10:18:00.209Z
Pride of the Road,DFT,Aetherdrift,24,normal,uncommon,1,103484,4172222f-d871-4354-9a02-7af0001d8956,0.1,false,false,near_mint,en,EUR,2026-06-27T10:18:00.208Z
Reckless Velocitaur,DFT,Aetherdrift,144,normal,uncommon,1,103570,8edd18be-3861-4510-ba6d-38ccba60bb5b,0.09,false,false,near_mint,en,EUR,2026-06-27T10:18:00.207Z
Transit Mage,DFT,Aetherdrift,70,normal,uncommon,1,103521,6727169f-c33a-4ca5-889d-a63bcfc5a3f0,0.19,false,false,near_mint,en,EUR,2026-06-27T10:18:00.206Z
Swamp,DFT,Aetherdrift,284,normal,common,1,102378,73e124b6-3af7-41c0-b829-ff85aa0c3782,0.12,false,false,near_mint,en,EUR,2026-06-27T10:20:49.022Z
Kickoff Celebrations,DFT,Aetherdrift,135,foil,common,1,103498,4e5590e1-0ac0-4bdd-815b-136bf24ced03,0.21,false,false,near_mint,en,EUR,2026-06-27T10:20:49.021Z
Lumbering Worldwagon,DFT,Aetherdrift,168,normal,rare,1,103589,9f989c59-7b2a-4036-9ea2-cd0c7e85c15b,0.54,false,false,near_mint,en,EUR,2026-06-27T10:20:49.020Z
"Sundial, Dawn Tyrant",DFT,Aetherdrift,31,normal,uncommon,1,103604,b2e5435c-52f3-42d7-bcee-5aa13afd6626,0.13,false,false,near_mint,en,EUR,2026-06-27T10:20:49.019Z
Dredger's Insight,DFT,Aetherdrift,159,normal,uncommon,1,102925,148400a0-7819-4551-9815-9357eed1db4d,0.54,false,false,near_mint,en,EUR,2026-06-27T10:20:49.018Z
Carrion Cruiser,DFT,Aetherdrift,78,normal,uncommon,1,103301,dc00fdee-3d24-4360-a4d2-ffd3c08a462d,0.07,false,false,near_mint,en,EUR,2026-06-27T10:20:49.017Z
Trade the Helm,DFT,Aetherdrift,69,normal,uncommon,1,103659,eb0b5c09-6c21-4080-81c4-a8376deb729f,0.11,false,false,near_mint,en,EUR,2026-06-27T10:20:49.016Z
Scrap Compactor,DFT,Aetherdrift,242,normal,common,3,103436,12ccd555-60d4-49a1-b022-1e119344172a,0.08,false,false,near_mint,en,EUR,2026-06-27T10:20:49.015Z
Ride's End,DFT,Aetherdrift,25,normal,common,2,103460,2f96b33b-c952-45ac-9626-40169b2bd4ef,0.16,false,false,near_mint,en,EUR,2026-06-27T10:20:49.013Z
Thornwood Falls,DFT,Aetherdrift,266,normal,common,1,103015,4723a303-7f20-4399-8bc6-6a27a61a3532,0.04,false,false,near_mint,en,EUR,2026-06-27T10:20:49.007Z
Autarch Mammoth,DFT,Aetherdrift,153,foil,uncommon,1,103033,4d313ea7-2456-48f3-8b12-97d8e8c2a5b3,0.15,false,false,near_mint,en,EUR,2026-06-27T10:20:49.006Z
Voyager Glidecar,DFT,Aetherdrift,36,normal,rare,1,102922,13eb445a-dd41-4760-8299-9ba5d6de6aaf,0.62,false,false,near_mint,en,EUR,2026-06-27T10:20:49.005Z
Gloryheath Lynx,DFT,Aetherdrift,14,normal,uncommon,1,103332,ea3ac678-8b74-4865-a896-c42692c02341,0.16,false,false,near_mint,en,EUR,2026-06-27T10:20:49.004Z
Veteran Beastrider,DFT,Aetherdrift,226,normal,uncommon,1,103629,cab38f35-b60c-464c-a0b5-9d5f2dc6de7f,0.21,false,false,near_mint,en,EUR,2026-06-27T10:20:49.003Z
Adrenaline Jockey,DFT,Aetherdrift,112,normal,uncommon,2,103626,c8655373-320d-440d-b700-d03413f743fd,0.15,false,false,near_mint,en,EUR,2026-06-27T10:20:49.002Z
Intimidation Tactics,DFT,Aetherdrift,92,normal,uncommon,1,103193,9b4e6022-44d2-4dfe-8f7a-51581e298f23,0.27,false,false,near_mint,en,EUR,2026-06-27T10:20:49.001Z
Swiftwing Assailant,DFT,Aetherdrift,32,normal,common,3,103538,72db9bb9-d930-40e5-b144-01ebfd377996,0.04,false,false,near_mint,en,EUR,2026-06-27T10:20:48.994Z
Swamp,DFT,Aetherdrift,285,normal,common,1,102380,85288987-6f3f-4b7b-9ecc-9393dd37f115,0.13,false,false,near_mint,en,EUR,2026-06-27T10:22:57.632Z
Goblin Surveyor,DFT,Aetherdrift,131,foil,common,1,103313,e1efffe9-00f8-4177-a9e6-4ad62887d32f,0.03,false,false,near_mint,en,EUR,2026-06-27T10:22:57.631Z
Guardian Sunmare,DFT,Aetherdrift,15,normal,rare,1,103546,7c274595-94e2-4587-9cef-b38639d6429a,0.22,false,false,near_mint,en,EUR,2026-06-27T10:22:57.630Z
Gallant Strike,DFT,Aetherdrift,13,normal,uncommon,1,103584,9bdb58b7-e1ef-496b-b8dd-d1fabf3d2e7a,0.13,false,false,near_mint,en,EUR,2026-06-27T10:22:57.629Z
Fang Guardian,DFT,Aetherdrift,162,normal,uncommon,1,103531,6db483a7-c9f0-449d-be97-77dbd6d3a27a,0.13,false,false,near_mint,en,EUR,2026-06-27T10:22:57.628Z
Reef Roads,DFT,Aetherdrift,259,normal,uncommon,1,103105,73a8171a-2629-4356-ae86-b4d03aa14bd3,0.06,false,false,near_mint,en,EUR,2026-06-27T10:22:57.627Z
Boommobile,DFT,Aetherdrift,113,normal,rare,1,103174,930c8289-4043-401a-8a7f-22349b7148b4,0.1,false,false,near_mint,en,EUR,2026-06-27T10:22:57.615Z
Tune Up,DFT,Aetherdrift,33,normal,uncommon,1,103377,f8bddc5f-8f25-4313-b5bb-e5eae2923878,0.09,false,false,near_mint,en,EUR,2026-06-27T10:22:57.614Z
"Lagorin, Soul of Alacria",DFT,Aetherdrift,211,normal,uncommon,1,103124,7b04e3f4-103b-4845-b3f0-5417971c7666,0.12,false,false,near_mint,en,EUR,2026-06-27T10:22:57.613Z
Spikeshell Harrier,DFT,Aetherdrift,65,normal,uncommon,1,103572,8f1ece22-ca32-45bb-b5f4-480f9b366cb5,0.06,false,false,near_mint,en,EUR,2026-06-27T10:22:57.612Z
Cloudspire Coordinator,DFT,Aetherdrift,196,normal,uncommon,1,103344,eef16cda-9150-4e7d-8490-d9f287b81b62,0.2,false,false,near_mint,en,EUR,2026-06-27T10:22:57.611Z
Scoured Barrens,DFT,Aetherdrift,263,normal,common,1,103221,ac52be0c-49f4-4956-820e-bdd7d2744d2f,0.05,false,false,near_mint,en,EUR,2026-06-27T10:24:02.602Z
Flood the Engine,DFT,Aetherdrift,42,foil,common,1,103506,57402f7c-5d4c-4f1e-8bce-a2328a297111,0.1,false,false,near_mint,en,EUR,2026-06-27T10:24:02.601Z
"Mendicant Core, Guidelight",DFT,Aetherdrift,213,normal,rare,1,103363,f434b103-490f-424e-a0a1-efb1b931c8e6,0.62,false,false,near_mint,en,EUR,2026-06-27T10:24:02.600Z
Racers' Scoreboard,DFT,Aetherdrift,239,normal,uncommon,1,103502,50bae2ba-a6a0-4a6a-96e9-0e0372e55108,0.14,false,false,near_mint,en,EUR,2026-06-27T10:24:02.599Z
Skyserpent Seeker,DFT,Aetherdrift,224,normal,uncommon,1,103567,8dbd9fc0-c0df-4119-a0d3-2e1790998c21,0.22,false,false,near_mint,en,EUR,2026-06-27T10:24:02.598Z
Locust Spray,DFT,Aetherdrift,95,normal,uncommon,1,103504,54b3a547-6f74-4cb4-ad98-7e1b75f1a120,0.04,false,false,near_mint,en,EUR,2026-06-27T10:24:02.597Z
Spire Mechcycle,DFT,Aetherdrift,147,normal,uncommon,1,103671,f483debe-9c54-4323-aec5-226587ece2c9,0.07,false,false,near_mint,en,EUR,2026-06-27T10:24:02.596Z
Lord of the Undead,SPG,Special Guests,88,normal,mythic,1,103391,ffd745cc-330e-4476-b4f2-fcb3d202826f,7.52,false,false,near_mint,en,EUR,2026-06-27T10:26:12.672Z
Dismal Backwater,DFT,Aetherdrift,254,normal,common,1,103357,f20aef3f-79f6-4357-8631-1d141f437def,0.04,false,false,near_mint,en,EUR,2026-06-27T10:27:42.083Z
Rise from the Wreck,DFT,Aetherdrift,178,foil,uncommon,1,103486,43e6ac32-a7a4-4c15-81b0-8485d6a0e7ca,0.11,false,false,near_mint,en,EUR,2026-06-27T10:27:42.082Z
Oildeep Gearhulk,DFT,Aetherdrift,215,normal,mythic,1,103208,a5e2d09e-b9f5-4a0d-96d3-984b5c2c387d,1.38,false,false,near_mint,en,EUR,2026-06-27T10:27:42.081Z
Plow Through,DFT,Aetherdrift,174,normal,uncommon,1,103593,a311d4b3-ab2a-43c2-8480-6c5daac41178,0.06,false,false,near_mint,en,EUR,2026-06-27T10:27:42.080Z
Broodheart Engine,DFT,Aetherdrift,193,normal,uncommon,1,103667,ed09139b-a66e-4cd1-b45a-23a4648d3401,0.14,false,false,near_mint,en,EUR,2026-06-27T10:27:42.078Z
Rugged Highlands,DFT,Aetherdrift,262,normal,common,1,103106,73b7484f-923c-46c5-95bf-c2c6706c0d48,0.05,false,false,near_mint,en,EUR,2026-06-27T10:27:42.068Z
Gas Guzzler,DFT,Aetherdrift,85,normal,rare,1,103496,4db3a28c-e4b4-4b18-8d56-e3842184d105,0.24,false,false,near_mint,en,EUR,2026-06-27T10:27:42.067Z
Fuel the Flames,DFT,Aetherdrift,126,foil,uncommon,1,103517,624335fb-8a0b-4fa9-aefb-60ac641a7934,0.16,false,false,near_mint,en,EUR,2026-06-27T10:27:42.066Z
Guidelight Pathmaker,DFT,Aetherdrift,206,normal,uncommon,1,103228,b2e00cd7-925e-4bab-b064-c96aa2935f8c,0.07,false,false,near_mint,en,EUR,2026-06-27T10:27:42.065Z
Scrounging Skyray,DFT,Aetherdrift,60,normal,uncommon,1,103645,d60bece3-6f63-4d9e-bca0-cef2d38f1472,0.22,false,false,near_mint,en,EUR,2026-06-27T10:27:42.064Z
Skycrash,DFT,Aetherdrift,146,normal,uncommon,1,103560,87e82be6-d2b4-4c95-8466-477e8c6832e9,0.1,false,false,near_mint,en,EUR,2026-06-27T10:27:42.063Z
Gastal Raider,DFT,Aetherdrift,86,normal,uncommon,1,103532,6e4877b5-4ce5-466a-810f-6501f2a0f217,0.08,false,false,near_mint,en,EUR,2026-06-27T10:27:42.062Z
Forest,DFT,Aetherdrift,289,normal,common,1,102382,b69adddd-3626-45d6-8100-26cf1f314d00,0.13,false,false,near_mint,en,EUR,2026-06-27T10:28:52.298Z
Nimble Thopterist,DFT,Aetherdrift,53,foil,common,1,103488,47717312-f6c6-4e86-ba6a-a30698962430,0.04,false,false,near_mint,en,EUR,2026-06-27T10:28:52.297Z
Bleachbone Verge,DFT,Aetherdrift,250,normal,rare,1,103045,52dcdabd-a186-45fe-9fee-6c0f1afeaf16,9.59,false,false,near_mint,en,EUR,2026-06-27T10:28:52.296Z
Unswerving Sloth,DFT,Aetherdrift,34,normal,uncommon,1,102917,12296a74-5d60-4ee3-aa53-2289f84da776,0.08,false,false,near_mint,en,EUR,2026-06-27T10:28:52.295Z
"Terrian, World Tyrant",DFT,Aetherdrift,182,normal,uncommon,1,103606,b44255cf-5264-4ead-9de0-20cc0f7cac6f,0.17,false,false,near_mint,en,EUR,2026-06-27T10:28:52.294Z
Forest,DFT,Aetherdrift,289,foil,common,1,102382,b69adddd-3626-45d6-8100-26cf1f314d00,0.14,false,false,near_mint,en,EUR,2026-06-27T10:29:57.941Z
Scrap Compactor,DFT,Aetherdrift,242,foil,common,1,103436,12ccd555-60d4-49a1-b022-1e119344172a,0.08,false,false,near_mint,en,EUR,2026-06-27T10:29:57.940Z
Spectacular Pileup,DFT,Aetherdrift,29,normal,rare,1,103591,a24a6309-0e69-45f0-a9ff-44d4997e7e4d,0.23,false,false,near_mint,en,EUR,2026-06-27T10:29:57.939Z
Inkling,TSOS,Secrets of Strixhaven Tokens,7,normal,common,1,112603,43e9f729-abaf-4000-8df5-fa46d59eff9e,,false,false,near_mint,en,EUR,2026-07-01T11:45:37.548Z
Glimpse of Nature,SOA,Secrets of Strixhaven Mystical Archive,53,normal,rare,1,112466,7cb6fd05-0bd9-4f2f-b159-280aba98d3a5,1.25,false,false,near_mint,en,EUR,2026-07-01T11:45:37.546Z
"Quintorius, History Chaser",SOC,Secrets of Strixhaven Commander,7,normal,mythic,1,110964,0742f19d-179c-43c4-ab95-4160c56b4384,0.77,false,false,near_mint,en,EUR,2026-07-01T11:45:37.544Z
"Ral Zarek, Guest Lecturer",SOS,Secrets of Strixhaven,97,foil,mythic,1,111724,8fbad757-4081-42f7-a460-68ac03e77510,4.69,false,false,near_mint,en,EUR,2026-07-01T11:45:37.543Z
Mountain,SOS,Secrets of Strixhaven,270,foil,common,11,111710,6af1f1db-eb91-4297-83f6-9318b87fd220,0.75,false,false,near_mint,en,EUR,2026-07-01T11:45:37.542Z
Hop to It,SOA,Secrets of Strixhaven Mystical Archive,6,foil,uncommon,2,112422,16fabbbf-e35b-468c-9aea-09aa6a388dee,0.26,false,false,near_mint,en,EUR,2026-07-01T11:45:37.541Z
Pick Your Poison,SOA,Secrets of Strixhaven Mystical Archive,55,normal,uncommon,1,112489,a11f1013-d747-4cf2-bbf5-0bd68a949ddf,0.14,false,false,near_mint,en,EUR,2026-07-01T11:45:37.540Z
Chelonian Tackle,SOS,Secrets of Strixhaven,142,foil,uncommon,1,112659,a82a4d8c-4105-4923-85a2-ef58241f725c,0.13,false,false,near_mint,en,EUR,2026-07-01T11:45:37.539Z
Growth Curve,SOS,Secrets of Strixhaven,193,foil,uncommon,2,112325,1675a445-86ae-413b-b95a-a1c254a7f252,0.14,false,false,near_mint,en,EUR,2026-07-01T11:45:37.538Z
Mind Roots,SOS,Secrets of Strixhaven,203,foil,uncommon,1,112655,9d5fdbda-ebbe-45d6-a668-5ddee057a063,0.18,false,false,near_mint,en,EUR,2026-07-01T11:45:37.537Z
Spectacle Summit,SOS,Secrets of Strixhaven,262,foil,common,1,112055,a0a66f7b-eab4-45da-8895-c2c2c7eb05f8,0.06,false,false,near_mint,en,EUR,2026-07-01T11:45:37.536Z
Chase Inspiration,SOS,Secrets of Strixhaven,41,foil,common,1,112562,06f9f257-c7ef-44b7-8b2b-f038fba900af,0.06,false,false,near_mint,en,EUR,2026-07-01T11:45:37.535Z
Rancorous Archaic,SOS,Secrets of Strixhaven,2,foil,common,1,111695,2565e16a-ed31-4867-adb8-f1633d580397,0.07,false,false,near_mint,en,EUR,2026-07-01T11:45:37.534Z
Stadium Tidalmage,SOS,Secrets of Strixhaven,232,foil,common,1,112658,a689289e-7141-4950-8a87-82e9bd6846fe,0.02,false,false,near_mint,en,EUR,2026-07-01T11:45:37.533Z
Culling the Weak,SOA,Secrets of Strixhaven Mystical Archive,27,foil,rare,1,112455,6c84aa77-bcb0-4a59-b94c-8cb9cbf6af76,9.05,false,false,near_mint,en,EUR,2026-07-01T11:47:44.622Z
Shattered Sanctum,SOS,Secrets of Strixhaven,303,normal,rare,1,111746,cfc3f81d-333f-4ac9-8374-082675e07ac1,2.03,false,false,near_mint,en,EUR,2026-07-01T11:47:44.621Z
Plains,SOS,Secrets of Strixhaven,267,foil,common,12,111731,a845de50-4af0-4f4a-9c2a-db587973571c,0.82,false,false,near_mint,en,EUR,2026-07-01T11:47:44.618Z
Hop to It,SOA,Secrets of Strixhaven Mystical Archive,71,normal,uncommon,2,112553,dc7b153e-e036-42ef-8479-f9deebb6a2d6,0.43,false,false,near_mint,en,EUR,2026-07-01T11:47:44.617Z
Zombify,SOA,Secrets of Strixhaven Mystical Archive,101,normal,uncommon,1,112414,02c3c983-85d5-47b8-8043-5c996c773865,0.42,false,false,near_mint,en,EUR,2026-07-01T11:47:44.616Z
Harsh Annotation,SOS,Secrets of Strixhaven,18,foil,uncommon,1,112706,e07a8fc7-c11c-4469-a31d-0abf40e57bbf,0.18,false,false,near_mint,en,EUR,2026-07-01T11:47:44.615Z
Zimone's Experiment,SOS,Secrets of Strixhaven,169,foil,uncommon,1,112376,a6597852-4267-4ea6-a391-f927e4833be2,0.17,false,false,near_mint,en,EUR,2026-07-01T11:47:44.614Z
Prismari Charm,SOS,Secrets of Strixhaven,211,foil,uncommon,1,111723,8f6c2a5e-fe13-407c-aadd-c9caf2884ff1,0.41,false,false,near_mint,en,EUR,2026-07-01T11:47:44.613Z
Spellbook Seeker // Careful Study,SOS,Secrets of Strixhaven,68,foil,common,1,112691,cc44eaa4-59a4-419e-b1d1-d92f354ff588,0.04,false,false,near_mint,en,EUR,2026-07-01T11:47:44.612Z
Inkling Mascot,SOS,Secrets of Strixhaven,196,foil,common,2,111711,6d4a2f39-0e1e-4076-815a-2676a09a1aab,0.06,false,false,near_mint,en,EUR,2026-07-01T11:47:44.611Z
Seize the Spoils,SOS,Secrets of Strixhaven,129,foil,common,2,111928,4ddf4e34-a1f9-4636-942d-0a08e9f94320,0.18,false,false,near_mint,en,EUR,2026-07-01T11:47:44.610Z
Cheerful Osteomancer // Raise Dead,SOS,Secrets of Strixhaven,76,foil,common,2,112596,3c34660c-25e3-4ff5-9b2b-5554ded2bcc3,0.11,false,false,near_mint,en,EUR,2026-07-01T11:47:44.609Z
Great Hall of the Biblioplex,SOS,Secrets of Strixhaven,257,foil,rare,1,111794,42d92674-2664-411c-b9c5-b04da7c845f4,0.48,false,false,near_mint,en,EUR,2026-07-01T11:47:44.619Z
Elemental,TSOS,Secrets of Strixhaven Tokens,3,foil,common,1,112669,b5b2df9c-228f-4441-a962-46b335bb356e,,false,false,near_mint,en,EUR,2026-07-01T11:51:10.694Z
Echocasting Symposium,SOS,Secrets of Strixhaven,291,foil,mythic,1,112362,72a21e89-5988-4b8b-8e67-a915e74a54e2,4.77,false,false,near_mint,en,EUR,2026-07-01T11:51:10.693Z
Culling the Weak,SOA,Secrets of Strixhaven Mystical Archive,92,normal,rare,1,112492,a4db7d4c-eb99-41e3-bdf1-4ecd4b877f07,8.74,false,false,near_mint,en,EUR,2026-07-01T11:51:10.692Z
Moment of Reckoning,SOS,Secrets of Strixhaven,205,foil,rare,1,112345,577d9dc8-7720-4dc9-b650-64b4729b309b,0.18,false,false,near_mint,en,EUR,2026-07-01T11:51:10.689Z
Swamp,SOS,Secrets of Strixhaven,269,foil,common,11,111786,1797d5c7-d3fa-4184-85ae-46db14ddf523,0.85,false,false,near_mint,en,EUR,2026-07-01T11:51:10.688Z
Giant Growth,SOA,Secrets of Strixhaven Mystical Archive,52,normal,uncommon,2,111801,62652aa9-57e7-42a7-8f2f-62e9a6aefb16,0.11,false,false,near_mint,en,EUR,2026-07-01T11:51:10.686Z
Aberrant Manawurm,SOS,Secrets of Strixhaven,138,foil,uncommon,1,112632,797131cf-d80d-4050-bebd-2ce1d7fae5d0,0.07,false,false,near_mint,en,EUR,2026-07-01T11:51:10.685Z
Archaic's Agony,SOS,Secrets of Strixhaven,107,foil,uncommon,1,111653,8d99f8b2-5c1c-4059-bf68-c6b2e9e5b275,0.09,false,false,near_mint,en,EUR,2026-07-01T11:51:10.684Z
Summoned Dromedary,SOS,Secrets of Strixhaven,37,foil,uncommon,1,112340,44d0277c-ca82-4334-a15a-cd67a9db0d02,0.06,false,false,near_mint,en,EUR,2026-07-01T11:51:10.683Z
Imperious Inkmage,SOS,Secrets of Strixhaven,195,foil,common,1,112695,d5df1c3f-2536-4476-b8cd-34b026c38366,0.02,false,false,near_mint,en,EUR,2026-07-01T11:51:10.682Z
Muse's Encouragement,SOS,Secrets of Strixhaven,61,foil,common,1,112301,c59e0004-1d6a-42a1-8ce4-31da2af2e1bf,0.03,false,false,near_mint,en,EUR,2026-07-01T11:51:10.681Z
Pull from the Grave,SOS,Secrets of Strixhaven,95,foil,common,2,111658,d73612fe-8992-4650-a7e3-c7b662da6a03,0.09,false,false,near_mint,en,EUR,2026-07-01T11:51:10.680Z
Strife Scholar // Awaken the Ages,SOS,Secrets of Strixhaven,131,foil,common,1,112644,8de79312-2046-425e-9919-49afe19be81b,0.03,false,false,near_mint,en,EUR,2026-07-01T11:51:10.679Z
Culling Ritual,SOA,Secrets of Strixhaven Mystical Archive,62,foil,rare,1,112581,2bcd7858-7ae6-4419-bc58-a5c133c97577,2.26,false,false,near_mint,en,EUR,2026-07-01T11:53:08.870Z
Molten-Core Maestro,SOS,Secrets of Strixhaven,125,foil,rare,1,111697,326dfe32-3674-4a11-acd8-5ba62371235a,1.02,false,false,near_mint,en,EUR,2026-07-01T11:53:08.867Z
Bitter Triumph,SOA,Secrets of Strixhaven Mystical Archive,26,foil,uncommon,2,112527,db465858-0593-4850-8f1d-400fe230a18d,0.66,false,false,near_mint,en,EUR,2026-07-01T11:53:08.866Z
Spell Pierce,SOA,Secrets of Strixhaven Mystical Archive,23,normal,uncommon,1,112504,bc8f80e2-dd9d-4abc-b44c-fbef4d403e6f,0.23,false,false,near_mint,en,EUR,2026-07-01T11:53:08.865Z
Graduation Day,SOS,Secrets of Strixhaven,16,normal,uncommon,1,111755,db1cea01-123e-4b23-8b98-f94cabce3912,0.13,false,false,near_mint,en,EUR,2026-07-01T11:53:08.864Z
Transcendent Archaic,SOS,Secrets of Strixhaven,5,normal,uncommon,1,112324,1624c680-502b-474a-b9b2-888fe3ca008c,0.09,false,false,near_mint,en,EUR,2026-07-01T11:53:08.863Z
Charging Strifeknight,SOS,Secrets of Strixhaven,110,normal,uncommon,1,112652,9940d992-1ba1-40ec-9b93-17d773452c4b,0.08,false,false,near_mint,en,EUR,2026-07-01T11:53:08.862Z
Pterafractyl,SOS,Secrets of Strixhaven,215,normal,common,1,112402,ecd33152-e290-4505-addd-a8d08cefdddd,0.07,false,false,near_mint,en,EUR,2026-07-01T11:53:08.861Z
Wilt in the Heat,SOS,Secrets of Strixhaven,243,normal,common,1,112715,f63f7209-fc0f-400c-8076-125f3131cb32,0.07,false,false,near_mint,en,EUR,2026-07-01T11:53:08.860Z
Rehearsed Debater,SOS,Secrets of Strixhaven,29,normal,common,1,112724,fc6a1425-6733-42a2-94d9-605966398092,0.02,false,false,near_mint,en,EUR,2026-07-01T11:53:08.859Z
Tackle Artist,SOS,Secrets of Strixhaven,133,normal,common,1,112672,b87e2474-98c1-4c1a-91ed-340b72d31653,0.07,false,false,near_mint,en,EUR,2026-07-01T11:53:08.858Z
Fractal,TSOS,Secrets of Strixhaven Tokens,5,foil,common,1,112640,8b5f1fdb-04df-4224-acb4-7819c37565f5,,false,false,near_mint,en,EUR,2026-07-01T11:55:40.593Z
Pongify,SOA,Secrets of Strixhaven Mystical Archive,85,normal,rare,1,112410,89d595e6-3629-4f9b-8f55-8a91ff1d6f36,5.08,false,false,near_mint,en,EUR,2026-07-01T11:55:40.591Z
Colorstorm Stallion,SOS,Secrets of Strixhaven,299,normal,rare,1,111759,e8800c58-574f-4a77-bed9-2d99e8f5813c,0.97,false,false,near_mint,en,EUR,2026-07-01T11:55:40.590Z
Skycoach Conductor // All Aboard,SOS,Secrets of Strixhaven,67,foil,rare,1,112441,4ecbca71-9a1d-44c5-b709-d6f565941d5e,0.41,false,false,near_mint,en,EUR,2026-07-01T11:55:40.588Z
Sleight of Hand,SOA,Secrets of Strixhaven Mystical Archive,87,normal,uncommon,2,112729,11a91b7a-108e-43b6-a08d-56f824e807dd,1.23,false,false,near_mint,en,EUR,2026-07-01T11:55:40.586Z
Abrade,SOA,Secrets of Strixhaven Mystical Archive,37,normal,uncommon,1,112513,c5bb5307-e874-42c4-b85d-06b9f6c474c8,0.12,false,false,near_mint,en,EUR,2026-07-01T11:55:40.585Z
"Tam, Observant Sequencer // Deep Sight",SOS,Secrets of Strixhaven,237,normal,uncommon,1,111713,7120e71b-2976-451b-89a7-a1665dc6fb6b,0.11,false,false,near_mint,en,EUR,2026-07-01T11:55:40.584Z
Leech Collector // Bloodletting,SOS,Secrets of Strixhaven,88,foil,uncommon,2,112684,c715fe4c-c0e7-4342-811f-b74687851097,0.24,false,false,near_mint,en,EUR,2026-07-01T11:55:40.583Z
Duel Tactics,SOS,Secrets of Strixhaven,112,foil,uncommon,2,111722,8f3a1675-0cc7-4dfd-a12e-4740a2cf81e8,0.04,false,false,near_mint,en,EUR,2026-07-01T11:55:40.582Z
Paradox Gardens,SOS,Secrets of Strixhaven,258,foil,common,1,112152,dbc3447e-1329-4ea1-b4ca-b321b0ffec8f,0.03,false,false,near_mint,en,EUR,2026-07-01T11:55:40.581Z
Oracle's Restoration,SOS,Secrets of Strixhaven,156,foil,common,1,111670,0863a19d-4511-4a78-98dd-d194afd1c39b,0.1,false,false,near_mint,en,EUR,2026-07-01T11:55:40.580Z
Terramorphic Expanse,SOS,Secrets of Strixhaven,265,foil,common,1,112047,9a4c5629-fadd-42b9-850f-9f8586a2ca50,0.12,false,false,near_mint,en,EUR,2026-07-01T11:55:40.579Z
Honorbound Page // Forum's Favor,SOS,Secrets of Strixhaven,19,foil,common,1,112633,79a70863-860f-4a7b-9cb2-d3546b689d44,0.04,false,false,near_mint,en,EUR,2026-07-01T11:55:40.578Z
"Quandrix, the Proof",SOS,Secrets of Strixhaven,286,foil,mythic,1,111687,17dff19f-e732-44a3-907d-fa2982389653,7.69,false,false,near_mint,en,EUR,2026-07-01T11:58:25.207Z
Daze,SOA,Secrets of Strixhaven Mystical Archive,15,normal,rare,1,112487,9d9a5654-6795-4799-ae3b-5827bfdf7a97,2.13,false,false,near_mint,en,EUR,2026-07-01T11:58:25.206Z
"Silverquill, the Disputant",SOS,Secrets of Strixhaven,226,foil,mythic,1,111686,1742c9cd-5ba0-4335-9999-acc7f9d4f73c,3.76,false,false,near_mint,en,EUR,2026-07-01T11:58:25.203Z
Forest,SOS,Secrets of Strixhaven,271,foil,common,10,111795,46196e8f-9339-4f00-b9cf-cab8f9abc80e,0.71,false,false,near_mint,en,EUR,2026-07-01T11:58:25.202Z
Monstrous Rage,SOA,Secrets of Strixhaven Mystical Archive,45,foil,uncommon,2,112439,4b2e000b-a147-443b-9138-9ff2d16c0422,0.25,false,false,near_mint,en,EUR,2026-07-01T11:58:25.201Z
Stock Up,SOA,Secrets of Strixhaven Mystical Archive,24,normal,uncommon,2,110977,ad048b7c-588f-4c34-906f-4224f1aaaeb6,1.24,false,false,near_mint,en,EUR,2026-07-01T11:58:25.200Z
Fractalize,SOS,Secrets of Strixhaven,51,foil,uncommon,1,112399,e3c3b19b-01b6-4f5a-b428-513b778c5d89,0.12,false,false,near_mint,en,EUR,2026-07-01T11:58:25.199Z
"Arnyn, Deathbloom Botanist",SOS,Secrets of Strixhaven,74,foil,uncommon,1,112621,6168b472-0930-4db5-9920-407340b99050,0.42,false,false,near_mint,en,EUR,2026-07-01T11:58:25.198Z
Additive Evolution,SOS,Secrets of Strixhaven,139,foil,uncommon,1,112313,b44ec684-d558-45eb-bcd6-8119428634c2,0.1,false,false,near_mint,en,EUR,2026-07-01T11:58:25.197Z
Ancestral Anger,SOS,Secrets of Strixhaven,106,foil,common,1,112627,6c5a93d6-d4ab-4062-bb3c-1b5330bf15ad,0.12,false,false,near_mint,en,EUR,2026-07-01T11:58:25.196Z
Noxious Newt,SOS,Secrets of Strixhaven,155,foil,common,1,112593,3a028306-c5d7-4f8f-b6f4-0d103fd47000,0.09,false,false,near_mint,en,EUR,2026-07-01T11:58:25.195Z
Cost of Brilliance,SOS,Secrets of Strixhaven,77,foil,common,1,112594,3a46816b-9f75-4c72-9ec6-cded6a4a0d01,0.08,false,false,near_mint,en,EUR,2026-07-01T11:58:25.194Z
Glorious Decay,SOS,Secrets of Strixhaven,150,foil,common,1,112657,a335f396-1004-4fee-842a-a35ff6ba17f2,0.16,false,false,near_mint,en,EUR,2026-07-01T11:58:25.193Z
Inkling,TSOC,Secrets of Strixhaven Commander Tokens,22,foil,common,1,112667,b2ef67fc-b544-4fb3-8362-a29d4533fdd7,,false,false,near_mint,en,EUR,2026-07-01T12:01:11.473Z
Vampiric Tutor,SOA,Secrets of Strixhaven Mystical Archive,35,normal,mythic,1,111816,db68c546-aca8-45d0-bf45-15b951ce66e5,42.06,false,false,near_mint,en,EUR,2026-07-01T12:01:11.471Z
Joined Researchers // Secret Rendezvous,SOS,Secrets of Strixhaven,23,foil,rare,1,111690,1ebaafe0-3a9a-424c-8698-d26e7be45343,0.28,false,false,near_mint,en,EUR,2026-07-01T12:01:11.468Z
Giant Growth,SOA,Secrets of Strixhaven Mystical Archive,52,foil,uncommon,2,111801,62652aa9-57e7-42a7-8f2f-62e9a6aefb16,0.24,false,false,near_mint,en,EUR,2026-07-01T12:01:11.466Z
Helping Hand,SOA,Secrets of Strixhaven Mystical Archive,70,normal,uncommon,1,112556,f8c32407-5a49-4eec-a3ce-cfe72797a9c9,0.57,false,false,near_mint,en,EUR,2026-07-01T12:01:11.465Z
"Abigale, Poet Laureate // Heroic Stanza",SOS,Secrets of Strixhaven,170,foil,uncommon,1,111717,77285d12-e658-4eb3-ba13-ff202afab9c8,0.08,false,false,near_mint,en,EUR,2026-07-01T12:01:11.464Z
Homesickness,SOS,Secrets of Strixhaven,53,foil,uncommon,1,112358,6e4a1f82-b0b1-4608-91f8-130bee731435,0.08,false,false,near_mint,en,EUR,2026-07-01T12:01:11.463Z
Stress Dream,SOS,Secrets of Strixhaven,235,foil,uncommon,1,111691,1ec40a1b-51e7-4a35-966c-ab2a10f21a80,0.08,false,false,near_mint,en,EUR,2026-07-01T12:01:11.462Z
Burrog Banemaker,SOS,Secrets of Strixhaven,75,foil,common,1,112599,3e4f9d23-1a17-4188-ac91-f8ddea46a1c4,0.1,false,false,near_mint,en,EUR,2026-07-01T12:01:11.461Z
Owlin Historian,SOS,Secrets of Strixhaven,24,foil,common,1,112620,5fe99be0-e1ec-485e-82f8-02eba7b82441,0.02,false,false,near_mint,en,EUR,2026-07-01T12:01:11.460Z
Procrastinate,SOS,Secrets of Strixhaven,64,foil,common,1,111692,1edb449d-620f-4e21-9d76-2c840635eb9d,0.06,false,false,near_mint,en,EUR,2026-07-01T12:01:11.459Z
Elemental Mascot,SOS,Secrets of Strixhaven,185,foil,common,1,111741,c507eb1c-48e9-4d28-bb2d-71f2a9df9ab0,0.04,false,false,near_mint,en,EUR,2026-07-01T12:01:11.458Z
Joined Researchers // Secret Rendezvous,SOS,Secrets of Strixhaven,312,normal,rare,2,111684,15d99a75-939e-4584-9b4a-8afd115bab2c,0.37,false,false,near_mint,en,EUR,2026-07-01T13:26:03.740Z
Renegade Bull,SOC,Secrets of Strixhaven Commander,84,normal,rare,1,112268,d4560128-2480-4fa1-92bd-c75ea47906c6,0.16,false,false,near_mint,en,EUR,2026-07-01T13:26:48.883Z
Pest,TSOS,Secrets of Strixhaven Tokens,8,foil,common,1,112674,ba854032-6ad2-4654-990a-64006e7f92fd,,false,false,near_mint,en,EUR,2026-07-01T13:27:47.196Z
Return to the Ranks,SOA,Secrets of Strixhaven Mystical Archive,11,foil,rare,1,112515,cba93c84-3468-4c03-8198-87fb6c4b0968,0.72,false,false,near_mint,en,EUR,2026-07-01T13:27:47.194Z
Choreographed Sparks,SOS,Secrets of Strixhaven,111,foil,rare,1,112564,0cda4235-4dce-48fe-a8a5-2a952dedbe25,0.33,false,false,near_mint,en,EUR,2026-07-01T13:27:47.193Z
Pick Your Poison,SOA,Secrets of Strixhaven Mystical Archive,55,foil,uncommon,1,112489,a11f1013-d747-4cf2-bbf5-0bd68a949ddf,0.45,false,false,near_mint,en,EUR,2026-07-01T13:27:47.191Z
Duty Beyond Death,SOA,Secrets of Strixhaven Mystical Archive,69,normal,uncommon,1,111813,c841be3a-bcfe-4ce5-9580-26b56a675df7,0.25,false,false,near_mint,en,EUR,2026-07-01T13:27:47.190Z
Strixhaven Skycoach,SOS,Secrets of Strixhaven,252,foil,uncommon,1,112469,87741fbb-b426-4f83-a358-587b0907f081,0.02,false,false,near_mint,en,EUR,2026-07-01T13:27:47.189Z
Scathing Shadelock // Venomous Words,SOS,Secrets of Strixhaven,98,foil,uncommon,1,112558,03e664cd-c3a6-4263-b2d8-dd99058fb8ec,0.13,false,false,near_mint,en,EUR,2026-07-01T13:27:47.188Z
Practiced Scrollsmith,SOS,Secrets of Strixhaven,210,foil,uncommon,1,112289,40075e3f-58b3-47fd-8fbe-4b301e9ce7a1,0.41,false,false,near_mint,en,EUR,2026-07-01T13:27:47.187Z
Forum of Amity,SOS,Secrets of Strixhaven,256,foil,common,1,111863,1de6c6cc-0c55-4997-8623-d7f796bd9ab8,0.04,false,false,near_mint,en,EUR,2026-07-01T13:27:47.186Z
Rubble Rouser,SOS,Secrets of Strixhaven,128,foil,common,1,112664,afe61957-a9bb-42b0-98e8-b5fa418cbaff,0.06,false,false,near_mint,en,EUR,2026-07-01T13:27:47.185Z
Wander Off,SOS,Secrets of Strixhaven,104,foil,common,1,112597,3d409512-50b9-4a38-91b0-19ba25227992,0.06,false,false,near_mint,en,EUR,2026-07-01T13:27:47.184Z
Landscape Painter // Vibrant Idea,SOS,Secrets of Strixhaven,56,foil,common,1,112264,c0bd30c4-3cdf-4eda-8be5-0fb5e5ddddbf,0.05,false,false,near_mint,en,EUR,2026-07-01T13:27:47.183Z
Angel's Grace,SOA,Secrets of Strixhaven Mystical Archive,67,normal,rare,1,112744,dcc07492-9eea-4aec-be42-a0adb9a5ff50,5.28,false,false,near_mint,en,EUR,2026-07-01T13:32:21.355Z
Stormcarved Coast,SOS,Secrets of Strixhaven,263,foil,rare,1,111738,bd3ae4fa-4c97-410a-8c0a-bd203342595d,1.63,false,false,near_mint,en,EUR,2026-07-01T13:32:21.352Z
Feed the Swarm,SOA,Secrets of Strixhaven Mystical Archive,29,foil,uncommon,1,112488,a041cfe3-a02d-41e2-aea3-76bc2bacc10e,0.52,false,false,near_mint,en,EUR,2026-07-01T13:32:21.350Z
Elite Interceptor // Rejoinder,SOS,Secrets of Strixhaven,12,foil,common,1,112577,2970683e-e69c-42cb-a067-34abd56fb42b,0.14,false,false,near_mint,en,EUR,2026-07-01T13:32:21.342Z
Return the Favor,SOA,Secrets of Strixhaven Mystical Archive,47,normal,uncommon,1,112535,e968efff-635b-4780-9bbe-099e75a1841b,0.29,false,false,near_mint,en,EUR,2026-07-01T13:35:22.417Z
"Augusta, Order Returned",SOC,Secrets of Strixhaven Commander,61,normal,rare,1,112216,11dee8bb-a19a-44a7-aa19-55cdd3a0bcf6,0.24,false,false,near_mint,en,EUR,2026-07-01T13:38:27.822Z
Fractal,TSOS,Secrets of Strixhaven Tokens,4,normal,common,1,112703,de564776-9d88-4533-8717-842eecdd0594,,false,false,near_mint,en,EUR,2026-07-01T13:39:02.524Z
Ad Nauseam,SOA,Secrets of Strixhaven Mystical Archive,25,foil,mythic,1,112463,763fb195-6fd1-428a-b129-ec688f7b0066,9.34,false,false,near_mint,en,EUR,2026-07-01T13:39:02.522Z
Wildgrowth Archaic,SOS,Secrets of Strixhaven,168,normal,rare,1,112417,0e6e2188-7203-4d10-a838-27233f283cd5,0.3,false,false,near_mint,en,EUR,2026-07-01T13:39:02.520Z
Island,SOS,Secrets of Strixhaven,268,foil,common,10,111726,937250fe-bcad-4ff8-9406-286a69db7e0a,0.77,false,false,near_mint,en,EUR,2026-07-01T13:39:02.519Z
Requisition Raid,SOA,Secrets of Strixhaven Mystical Archive,10,normal,uncommon,1,112457,6d9efae9-365d-46c8-be92-d4a3038f0414,0.14,false,false,near_mint,en,EUR,2026-07-01T13:39:02.518Z
Eternal Student,SOS,Secrets of Strixhaven,82,foil,uncommon,1,112720,f97fac69-3e77-4150-9702-cc726daa6d21,0.12,false,false,near_mint,en,EUR,2026-07-01T13:39:02.517Z
"Lluwen, Exchange Student // Pest Friend",SOS,Secrets of Strixhaven,199,foil,uncommon,1,111729,a0bcb638-c3c8-4973-9537-5c471f43f34f,0.14,false,false,near_mint,en,EUR,2026-07-01T13:39:02.516Z
Essence Scatter,SOS,Secrets of Strixhaven,47,foil,common,1,112586,32840097-0531-4c43-b6a8-e76c17420b04,0.03,false,false,near_mint,en,EUR,2026-07-01T13:39:02.515Z
Impractical Joke,SOS,Secrets of Strixhaven,119,foil,uncommon,1,112334,39a816b4-39b8-421c-b828-68db901d34b7,0.42,false,false,near_mint,en,EUR,2026-07-01T13:39:02.514Z
Burrog Barrage,SOS,Secrets of Strixhaven,141,foil,common,1,112647,95d5b0a8-2b66-418e-9e5e-ecf7b304c31e,0.03,false,false,near_mint,en,EUR,2026-07-01T13:39:02.513Z
Goblin Glasswright // Craft with Pride,SOS,Secrets of Strixhaven,117,foil,common,1,112687,c85c5f06-dd31-4e2c-97be-2f64d65069ea,0.13,false,false,near_mint,en,EUR,2026-07-01T13:39:02.512Z
Grapple with Death,SOS,Secrets of Strixhaven,192,foil,common,1,111657,62842fb4-8bd3-4d80-b4f9-5bc3c5cebd3a,0.14,false,false,near_mint,en,EUR,2026-07-01T13:39:02.511Z
Pest,TSOC,Secrets of Strixhaven Commander Tokens,23,foil,common,1,112685,c72ceae7-72d6-41dc-82cc-b86e845d7aa6,,false,false,near_mint,en,EUR,2026-07-01T13:41:17.816Z
Shattered Sanctum,SOS,Secrets of Strixhaven,303,foil,rare,1,111746,cfc3f81d-333f-4ac9-8374-082675e07ac1,2.72,false,false,near_mint,en,EUR,2026-07-01T13:41:17.815Z
Brain Freeze,SOA,Secrets of Strixhaven Mystical Archive,13,normal,rare,1,112712,f403af12-6114-4121-b421-3448e084864c,2.51,false,false,near_mint,en,EUR,2026-07-01T13:41:17.814Z
Conciliator's Duelist,SOS,Secrets of Strixhaven,182,foil,rare,1,111758,e225929b-6197-4550-969e-3c4a97206a68,0.17,false,false,near_mint,en,EUR,2026-07-01T13:41:17.811Z
Royal Treatment,SOA,Secrets of Strixhaven Mystical Archive,56,foil,uncommon,1,112412,009bad41-5e96-4bb3-9f5e-66500fb8af29,0.32,false,false,near_mint,en,EUR,2026-07-01T13:41:17.809Z
Disdainful Stroke,SOA,Secrets of Strixhaven Mystical Archive,82,normal,uncommon,1,111796,47927ea9-19b1-46e9-a501-12ac37715071,0.45,false,false,near_mint,en,EUR,2026-07-01T13:41:17.808Z
Rabid Attack,SOS,Secrets of Strixhaven,96,foil,uncommon,1,112714,f5e67560-3135-4b27-a344-5859edf8bcd9,0.18,false,false,near_mint,en,EUR,2026-07-01T13:41:17.807Z
Muse Seeker,SOS,Secrets of Strixhaven,60,foil,uncommon,1,112243,71cb4a6b-b500-4b28-bcdb-ec4188242f39,0.18,false,false,near_mint,en,EUR,2026-07-01T13:41:17.806Z
Killian's Confidence,SOS,Secrets of Strixhaven,197,foil,uncommon,1,112443,55ff776a-fc3b-4338-8864-d57a85b3f123,0.15,false,false,near_mint,en,EUR,2026-07-01T13:41:17.805Z
Run Behind,SOS,Secrets of Strixhaven,66,foil,common,1,112601,40ecc34b-4cd0-4998-bbf4-7faa6fd3d7e0,0.06,false,false,near_mint,en,EUR,2026-07-01T13:41:17.804Z
Render Speechless,SOS,Secrets of Strixhaven,220,foil,common,1,112573,25bbb1c7-14e8-444f-ab98-e95f50927460,0.02,false,false,near_mint,en,EUR,2026-07-01T13:41:17.803Z
Follow the Lumarets,SOS,Secrets of Strixhaven,148,foil,common,1,112719,f9488480-2b6c-40bc-a93e-29fb1292a2e4,0.12,false,false,near_mint,en,EUR,2026-07-01T13:41:17.802Z
Tome Blast,SOS,Secrets of Strixhaven,135,foil,common,1,112630,72a3b17d-1e00-48e9-8402-c81bacd595a7,0.03,false,false,near_mint,en,EUR,2026-07-01T13:41:17.801Z
Elemental,TSOS,Secrets of Strixhaven Tokens,2,foil,common,1,112617,57b98846-85e3-47c7-a903-29953d0b0e8a,,false,false,near_mint,en,EUR,2026-07-01T13:46:18.812Z
Shamanic Revelation,SOA,Secrets of Strixhaven Mystical Archive,122,normal,rare,1,112420,11347d20-2b14-41cb-a930-92e37fcd1b87,1.37,false,false,near_mint,en,EUR,2026-07-01T13:46:18.810Z
"Zimone, Infinite Analyst",SOC,Secrets of Strixhaven Commander,10,normal,mythic,2,110968,605afac4-d2e5-4e68-97d2-3ac2ead5f3a9,0.46,false,false,near_mint,en,EUR,2026-07-01T13:46:18.808Z
Grave Researcher // Reanimate,SOS,Secrets of Strixhaven,85,foil,rare,1,111721,8b1e10e8-ea14-4761-910b-4072e2a18456,3.14,false,false,near_mint,en,EUR,2026-07-01T13:46:18.807Z
Giant Growth,SOA,Secrets of Strixhaven Mystical Archive,182,foil,uncommon,1,111818,fe6060f5-d06c-4ff2-91e8-f1d836254fa6,7.11,false,false,near_mint,en,EUR,2026-07-01T13:46:18.805Z
Stargaze,SOA,Secrets of Strixhaven Mystical Archive,99,normal,uncommon,1,112500,b62a8648-7f34-454d-b9e2-cc0d0d976c82,0.38,false,false,near_mint,en,EUR,2026-07-01T13:46:18.804Z
End of the Hunt,SOS,Secrets of Strixhaven,81,foil,uncommon,1,112320,0809b51a-6a05-4f18-9bf4-1b8382da648f,0.21,false,false,near_mint,en,EUR,2026-07-01T13:46:18.803Z
Soaring Stoneglider,SOS,Secrets of Strixhaven,32,foil,uncommon,1,112584,2fbe446b-60fd-43da-8358-985392293af8,0.04,false,false,near_mint,en,EUR,2026-07-01T13:46:18.802Z
Lorehold Charm,SOS,Secrets of Strixhaven,200,foil,uncommon,1,111656,5fe70295-e550-4577-a341-dab6c25aabfd,0.29,false,false,near_mint,en,EUR,2026-07-01T13:46:18.801Z
Titan's Grave,SOS,Secrets of Strixhaven,266,foil,common,1,112068,a9ab41c8-3ee2-4676-9b8b-20c34d9f5f21,0.05,false,false,near_mint,en,EUR,2026-07-01T13:46:18.800Z
Embrace the Paradox,SOS,Secrets of Strixhaven,186,foil,common,1,112679,c0cf5e0f-3668-46f2-850d-d91a538e8ead,0.13,false,false,near_mint,en,EUR,2026-07-01T13:46:18.798Z
Shattered Acolyte,SOS,Secrets of Strixhaven,31,foil,common,1,111659,dc0517ca-b271-49a1-a286-c20f4e5b9309,0.29,false,false,near_mint,en,EUR,2026-07-01T13:46:18.797Z
Emeritus of Woe // Demonic Tutor,SOS,Secrets of Strixhaven,324,normal,mythic,2,112574,26156da4-1ec3-4702-bded-9868af3026b5,18.01,false,false,near_mint,en,EUR,2026-07-01T13:59:38.187Z
Flashback,SOS,Secrets of Strixhaven,333,foil,rare,1,112292,6b7eb857-6617-4672-85e4-f1f5e661db50,10.94,false,false,near_mint,en,EUR,2026-07-01T14:01:00.420Z
Cauldron of Essence,SOS,Secrets of Strixhaven,347,foil,rare,1,112649,96c53f07-b34c-4cc7-a054-f0bdfa48b975,5.48,false,false,near_mint,en,EUR,2026-07-01T14:02:13.950Z
Traumatic Critique,SOS,Secrets of Strixhaven,358,normal,rare,1,112215,0b79a6ac-85e7-4941-b7d6-e8a6fbbdded8,1.87,false,false,near_mint,en,EUR,2026-07-01T14:03:49.451Z
"Moseo, Vein's New Dean",SOS,Secrets of Strixhaven,326,foil,rare,1,112670,b5f7cc28-ab95-4880-ade6-b28245cf12af,2.02,false,false,near_mint,en,EUR,2026-07-01T14:04:25.631Z
Mana Sculpt,SOS,Secrets of Strixhaven,319,normal,rare,2,112278,fc6f7f7b-8a1e-4fe0-8a56-22c1c537aad9,1.24,false,false,near_mint,en,EUR,2026-07-01T14:05:18.569Z
Practiced Offense,SOS,Secrets of Strixhaven,313,normal,rare,1,112398,e22c20cf-69c2-4225-8011-00cd27ac4103,0.81,false,false,near_mint,en,EUR,2026-07-01T14:06:30.560Z
Great Hall of the Biblioplex,SOS,Secrets of Strixhaven,361,foil,rare,1,112258,a4344235-8598-4a3b-89fe-bd68372b3b2b,1.12,false,false,near_mint,en,EUR,2026-07-01T14:07:11.284Z
Vastlands Scavenger // Bind to Life,SOS,Secrets of Strixhaven,342,foil,rare,1,112646,91db5c3d-45ab-440f-8568-a2837aee1fca,0.79,false,false,near_mint,en,EUR,2026-07-01T14:07:49.765Z
Harmonized Trio // Brainstorm,SOS,Secrets of Strixhaven,317,normal,rare,1,112392,c8f1baae-dd81-4e10-841e-15531ea1ffaa,0.92,false,false,near_mint,en,EUR,2026-07-01T14:08:19.238Z
"Berta, Wise Extrapolator",SOS,Secrets of Strixhaven,346,normal,rare,2,111704,5bead52e-862e-47aa-916c-79585eb2e7ab,0.55,false,false,near_mint,en,EUR,2026-07-01T14:09:54.068Z
Maelstrom Artisan // Rocket Volley,SOS,Secrets of Strixhaven,334,normal,rare,1,112295,8463c38a-0441-404e-b183-1f871f61f250,0.35,false,false,near_mint,en,EUR,2026-07-01T14:10:19.897Z
Moment of Reckoning,SOS,Secrets of Strixhaven,353,normal,rare,1,112677,bf7fd85e-efdf-4627-997e-02c073683bac,0.4,false,false,near_mint,en,EUR,2026-07-01T14:10:49.004Z
Zaffai and the Tempests,SOS,Secrets of Strixhaven,360,foil,rare,1,112226,3f0fff0a-51be-4c3e-b9f5-6bc6999475d1,0.46,false,false,near_mint,en,EUR,2026-07-01T14:11:50.136Z
"Nita, Forum Conciliator",SOS,Secrets of Strixhaven,354,foil,rare,1,112598,3e0c2dec-7649-495c-b2a7-2465c9e7fedb,0.39,false,false,near_mint,en,EUR,2026-07-01T14:12:44.938Z
"Nita, Forum Conciliator",SOS,Secrets of Strixhaven,354,normal,rare,1,112598,3e0c2dec-7649-495c-b2a7-2465c9e7fedb,0.25,false,false,near_mint,en,EUR,2026-07-01T14:12:51.293Z
Brotherhood's End,SOA,Secrets of Strixhaven Mystical Archive,169,foil,rare,1,112461,75712beb-f8b9-4f77-8d57-5276a12149cf,10.43,false,false,near_mint,en,EUR,2026-07-01T14:17:50.370Z
Abrade,SOA,Secrets of Strixhaven Mystical Archive,102,normal,uncommon,1,112520,d1ed5b20-94f6-455f-80a5-e4ed360167be,0.9,false,false,near_mint,en,EUR,2026-07-01T14:21:19.607Z
Turbulent Moor,SOC,Secrets of Strixhaven Commander,104,normal,rare,1,112247,7e96f1dd-71e7-48c0-80aa-c7f49588af9c,5.8,false,false,near_mint,en,EUR,2026-07-01T14:23:03.045Z
Changing Loyalty,SOC,Secrets of Strixhaven Commander,73,normal,rare,1,112227,4260fab8-5597-45d8-8a1c-22ef96939071,2.09,false,false,near_mint,en,EUR,2026-07-01T14:23:28.724Z
Yavimaya Bloomsage // Channel,SOC,Secrets of Strixhaven Commander,92,normal,rare,1,112265,c243c2c4-f227-42a8-8b78-5f4b761106c2,1.35,false,false,near_mint,en,EUR,2026-07-01T14:23:54.390Z
Relic Retriever,SOC,Secrets of Strixhaven Commander,83,normal,rare,1,112219,2866da1d-62e9-4a0d-9e6c-793d2d38c884,0.37,false,false,near_mint,en,EUR,2026-07-01T14:24:28.868Z
Vanguard of the Restless,SOC,Secrets of Strixhaven Commander,66,normal,rare,1,112263,c0ae86e9-d1c5-4e89-aceb-d48ace0adfea,0.4,false,false,near_mint,en,EUR,2026-07-01T14:25:01.808Z
Owlin Spiralmancer,SOC,Secrets of Strixhaven Commander,72,normal,rare,1,112217,176d16bf-22a9-4b5d-8e86-b23fcf822efe,0.23,false,false,near_mint,en,EUR,2026-07-01T14:25:19.388Z
Lattice Library,SOC,Secrets of Strixhaven Commander,88,normal,rare,1,112273,f291612f-fe70-486e-907f-950a35d23727,0.22,false,false,near_mint,en,EUR,2026-07-01T14:25:40.567Z
Inspired Skypainter // Maestro's Gift,SOC,Secrets of Strixhaven Commander,96,normal,rare,1,112220,29d2186c-c5fb-4439-95c6-ffe46b6dded9,0.3,false,false,near_mint,en,EUR,2026-07-01T14:26:02.818Z
Repel Calamity,SOA,Secrets of Strixhaven Mystical Archive,138,foil,uncommon,1,112423,1c282a95-9396-4b99-8eb0-d2af55fa6828,4.33,false,false,near_mint,en,EUR,2026-07-01T14:32:31.895Z
Prismatic Ending,SOA,Secrets of Strixhaven Mystical Archive,137,foil,rare,1,112479,94ba4cdd-ae38-4d42-a11b-98482fc67280,15.16,false,false,near_mint,en,EUR,2026-07-01T14:59:39.510Z
Bulk Up,SOA,Secrets of Strixhaven Mystical Archive,40,normal,uncommon,1,112533,e86fcad5-8150-4a76-b27e-47a9f05745c1,0.16,false,false,near_mint,en,EUR,2026-07-01T15:10:25.812Z
Sleight of Hand,SOA,Secrets of Strixhaven Mystical Archive,22,foil,uncommon,1,112686,c837c418-2fe9-4ce8-b76d-c37241579a93,0.47,false,false,near_mint,en,EUR,2026-07-01T15:10:25.811Z
Spell Pierce,SOA,Secrets of Strixhaven Mystical Archive,88,normal,uncommon,1,112545,4b22792d-8113-4fc3-9b09-90988dc52feb,2.22,false,false,near_mint,en,EUR,2026-07-01T15:10:25.810Z
Helping Hand,SOA,Secrets of Strixhaven Mystical Archive,5,foil,uncommon,1,112526,da5e29a8-a8fb-452b-9973-61ad613f9907,0.22,false,false,near_mint,en,EUR,2026-07-01T15:10:25.809Z
Hop to It,SOA,Secrets of Strixhaven Mystical Archive,6,normal,uncommon,1,112422,16fabbbf-e35b-468c-9aea-09aa6a388dee,0.09,false,false,near_mint,en,EUR,2026-07-01T15:10:25.808Z
Duty Beyond Death,SOA,Secrets of Strixhaven Mystical Archive,4,foil,uncommon,1,111803,6f8f8183-d17a-41b8-b3b5-914f193fd964,0.3,false,false,near_mint,en,EUR,2026-07-01T15:10:25.807Z
Shared Roots,SOA,Secrets of Strixhaven Mystical Archive,58,normal,uncommon,1,112432,3aeb1fe1-3ff3-466c-9eda-b8747702734c,0.28,false,false,near_mint,en,EUR,2026-07-01T15:10:25.806Z
Knockout Maneuver,SOA,Secrets of Strixhaven Mystical Archive,119,normal,uncommon,1,112471,8ae6ecb2-d062-400d-b0ee-67b54746e7fc,0.19,false,false,near_mint,en,EUR,2026-07-01T15:10:25.805Z
Bulk Up,SOA,Secrets of Strixhaven Mystical Archive,105,normal,uncommon,1,112431,39d337d2-d8c9-4e9a-9531-cfe4db769cb3,0.5,false,false,near_mint,en,EUR,2026-07-01T15:10:25.804Z
Burst Lightning,SOA,Secrets of Strixhaven Mystical Archive,41,normal,uncommon,1,112539,f98b402a-ecdb-432f-a050-65945c8c415d,0.13,false,false,near_mint,en,EUR,2026-07-01T15:10:25.803Z
Disdainful Stroke,SOA,Secrets of Strixhaven Mystical Archive,17,normal,uncommon,1,111792,3a057032-6ece-4aa7-8e99-df2a07359b2b,0.07,false,false,near_mint,en,EUR,2026-07-01T15:10:25.801Z
Deduce,SOA,Secrets of Strixhaven Mystical Archive,81,normal,uncommon,1,111799,5a8c7ae4-186b-45c5-a7b0-4b7eaf5b0f42,0.4,false,false,near_mint,en,EUR,2026-07-01T15:10:25.799Z
Locust Spray,SOA,Secrets of Strixhaven Mystical Archive,31,foil,uncommon,1,112497,b221e1e9-7b14-4444-ac1c-3d5174c711e9,0.22,false,false,near_mint,en,EUR,2026-07-01T15:10:25.798Z
Monstrous Rage,SOA,Secrets of Strixhaven Mystical Archive,45,normal,uncommon,1,112439,4b2e000b-a147-443b-9138-9ff2d16c0422,0.16,false,false,near_mint,en,EUR,2026-07-01T15:10:25.795Z
Locust Spray,SOA,Secrets of Strixhaven Mystical Archive,96,normal,uncommon,1,112532,e779e783-e8e1-4e17-9e2f-35f0cb9b8e31,0.4,false,false,near_mint,en,EUR,2026-07-01T15:10:25.793Z
Shared Roots,SOA,Secrets of Strixhaven Mystical Archive,188,foil,uncommon,1,112474,8f815e07-0091-4eb4-ac62-1700dfebc56d,8.31,false,false,near_mint,en,EUR,2026-07-01T15:15:16.765Z
Eiganjo Dynastorian // Replenish,SOC,Secrets of Strixhaven Commander,63,normal,rare,1,111769,f6a504a6-2501-4384-9db9-da6abe1cf81d,2.95,false,false,near_mint,en,EUR,2026-07-01T15:30:54.664Z
Defiling Daemogoth,SOC,Secrets of Strixhaven Commander,75,normal,rare,1,112229,4952c511-c4ca-42e6-a2b5-bd6dae8549be,1.31,false,false,near_mint,en,EUR,2026-07-01T15:30:54.663Z
Leitmotif Composer,SOC,Secrets of Strixhaven Commander,70,normal,rare,1,112280,04c9c969-4f63-4c16-a1e9-c9a9e05488b1,0.29,false,false,near_mint,en,EUR,2026-07-01T15:30:54.662Z
Ribtruss Roaster,SOC,Secrets of Strixhaven Commander,91,normal,rare,1,112255,9c67874d-ddb3-41a3-8262-8edf70c6b517,0.26,false,false,near_mint,en,EUR,2026-07-01T15:30:54.661Z
Defacing Duskmage // Vandal's Edit,SOC,Secrets of Strixhaven Commander,93,normal,rare,1,112248,91493530-bc0a-4ed1-8a4a-9a732fcb3752,0.79,false,false,near_mint,en,EUR,2026-07-01T15:30:54.659Z
Brass Infiniscope,SOC,Secrets of Strixhaven Commander,99,normal,rare,1,112232,549f89a5-1558-4ce5-a579-329e89eeb8aa,0.31,false,false,near_mint,en,EUR,2026-07-01T15:30:54.658Z
Turbulent Springs,SOC,Secrets of Strixhaven Commander,105,normal,rare,1,112230,526d3add-b87f-42ba-957b-879fb8fea792,5.57,false,false,near_mint,en,EUR,2026-07-01T15:30:54.657Z
Naktamun Lorespinner // Wheel of Fortune,SOC,Secrets of Strixhaven Commander,81,normal,rare,1,112274,f562fbca-9446-4074-bf00-faf581a18c72,2.24,false,false,near_mint,en,EUR,2026-07-01T15:30:54.656Z
"Nev, the Practical Dean",SOC,Secrets of Strixhaven Commander,89,normal,rare,1,112250,93341675-0ab1-43da-b0ce-c994d8d8bbb4,0.23,false,false,near_mint,en,EUR,2026-07-01T15:30:54.655Z
Lorehold Archivist // Restore Relic,SOC,Secrets of Strixhaven Commander,97,normal,rare,1,112270,e6498b64-7178-43e1-b317-0ad03f894db3,0.13,false,false,near_mint,en,EUR,2026-07-01T15:30:54.654Z
Herald of Amity,SOC,Secrets of Strixhaven Commander,65,normal,rare,1,112224,340d2dc1-645e-4574-a5dd-1306833c744f,0.36,false,false,near_mint,en,EUR,2026-07-01T15:30:54.653Z
Scheming Silvertongue // Sign in Blood,SOS,Secrets of Strixhaven,99,foil,rare,1,112541,fe85a124-0d8b-4a29-8df1-65888a39147f,1.19,false,false,near_mint,en,EUR,2026-07-01T15:30:54.652Z
"Lorehold, the Historian",SOS,Secrets of Strixhaven,284,foil,mythic,1,110967,44fe9413-99a6-40e9-85b6-f9ba9bd4de86,13.64,false,false,near_mint,en,EUR,2026-07-01T15:30:54.650Z
Informed Inkwright,SOS,Secrets of Strixhaven,20,foil,rare,1,112447,5defb2d1-d0fb-4e7f-a5c7-3df99fe675d6,0.3,false,false,near_mint,en,EUR,2026-07-01T15:30:54.649Z
Sundown Pass,SOS,Secrets of Strixhaven,305,normal,rare,1,111733,ac70c9ae-5115-46db-9ef8-05c475c88154,1.95,false,false,near_mint,en,EUR,2026-07-01T15:30:54.648Z
Withering Curse,SOS,Secrets of Strixhaven,105,foil,mythic,1,111702,50aaf618-dddb-4cbe-8231-d634b4498563,3.23,false,false,near_mint,en,EUR,2026-07-01T15:30:54.647Z
The Dawning Archaic,SOS,Secrets of Strixhaven,289,foil,mythic,1,111748,d3605e6f-ea75-4c86-9ffa-79355a4695e5,6.17,false,false,near_mint,en,EUR,2026-07-01T15:30:54.646Z
Grave Researcher // Reanimate,SOS,Secrets of Strixhaven,325,normal,rare,1,111689,1d12804c-dda0-4dae-9eb8-f670e72c17e7,4.01,false,false,near_mint,en,EUR,2026-07-01T15:30:54.645Z
"Berta, Wise Extrapolator",SOS,Secrets of Strixhaven,346,foil,rare,1,111704,5bead52e-862e-47aa-916c-79585eb2e7ab,0.66,false,false,near_mint,en,EUR,2026-07-01T15:30:54.644Z
Dreamroot Cascade,SOS,Secrets of Strixhaven,254,foil,rare,1,111765,ef662b92-5a7f-48c9-bcc1-14b55e091aef,0.75,false,false,near_mint,en,EUR,2026-07-01T15:30:54.643Z
Ambitious Augmenter,SOS,Secrets of Strixhaven,337,foil,rare,1,112317,0319c982-e257-42fc-bb85-79da3a6dd6c1,0.57,false,false,near_mint,en,EUR,2026-07-01T15:30:54.642Z
Suspend Aggression,SOS,Secrets of Strixhaven,357,normal,rare,1,112316,004fdcbe-6dc9-40ad-9467-b89b72a4a8ca,0.3,false,false,near_mint,en,EUR,2026-07-01T15:30:54.641Z
Slumbering Trudge,SOS,Secrets of Strixhaven,160,foil,rare,1,112335,3a925370-58ac-4181-9acc-db7b0e0abf17,0.47,false,false,near_mint,en,EUR,2026-07-01T15:30:54.640Z
Tragedy Feaster,SOS,Secrets of Strixhaven,293,normal,rare,1,112494,ae9009fa-4b52-422d-8ff3-f699089249d8,0.61,false,false,near_mint,en,EUR,2026-07-01T15:30:54.639Z
Improvisation Capstone,SOS,Secrets of Strixhaven,120,foil,mythic,1,111747,d01fe6e9-49ee-4708-833e-75cd5a9f167c,12.11,false,false,near_mint,en,EUR,2026-07-01T15:30:54.638Z
Hardened Academic,SOS,Secrets of Strixhaven,351,normal,rare,1,111753,da72de84-ba2d-4f75-adcd-241d9751c8e4,0.87,false,false,near_mint,en,EUR,2026-07-01T15:30:54.637Z
Antiquities on the Loose,SOS,Secrets of Strixhaven,308,foil,rare,1,112408,fbeda63a-ce34-4d84-8306-cb48353a52f8,0.24,false,false,near_mint,en,EUR,2026-07-01T15:30:54.636Z
Emeritus of Conflict // Lightning Bolt,SOS,Secrets of Strixhaven,332,foil,mythic,1,112307,f11b8d24-375d-40dc-8497-c1ee779e156a,3.08,false,false,near_mint,en,EUR,2026-07-01T15:30:54.635Z
"Moseo, Vein's New Dean",SOS,Secrets of Strixhaven,326,normal,rare,1,112670,b5f7cc28-ab95-4880-ade6-b28245cf12af,1.6,false,false,near_mint,en,EUR,2026-07-01T15:30:54.634Z
Erode,SOS,Secrets of Strixhaven,15,foil,rare,1,112288,32e670da-7563-4f6a-a7db-4c126a440eb8,9.91,false,false,near_mint,en,EUR,2026-07-01T15:30:54.633Z
Resonating Lute,SOS,Secrets of Strixhaven,355,foil,rare,1,112242,7151c183-24e4-4748-a513-0f2652fdd6ef,3.69,false,false,near_mint,en,EUR,2026-07-01T15:30:54.632Z
"Jadzi, Steward of Fate // Oracle's Gift",SOS,Secrets of Strixhaven,318,foil,rare,1,112368,92fcf155-41ae-4275-8791-27ee95a2f7c0,0.28,false,false,near_mint,en,EUR,2026-07-01T15:30:54.630Z
Tragedy Feaster,SOS,Secrets of Strixhaven,102,foil,rare,1,112502,b93cbaad-8ed8-4a1d-b95a-20a616dfedc9,0.33,false,false,near_mint,en,EUR,2026-07-01T15:30:54.629Z
Vastlands Scavenger // Bind to Life,SOS,Secrets of Strixhaven,166,foil,rare,1,112607,476b6a4d-cc05-4e98-8a45-a5c6582ec514,0.48,false,false,near_mint,en,EUR,2026-07-01T15:30:54.627Z
Informed Inkwright,SOS,Secrets of Strixhaven,311,foil,rare,1,112726,fe5d2001-0c56-44fc-92cb-dd250669f3b9,0.26,false,false,near_mint,en,EUR,2026-07-01T15:30:54.626Z
Ambitious Augmenter,SOS,Secrets of Strixhaven,140,foil,rare,1,112312,85629088-2007-4db5-9397-bac12a3d7498,0.28,false,false,near_mint,en,EUR,2026-07-01T15:30:54.624Z
Wisdom of Ages,SOS,Secrets of Strixhaven,323,foil,rare,1,111725,8fcd092c-c317-4b17-8d72-5232b4802b96,0.35,false,false,near_mint,en,EUR,2026-07-01T15:30:54.623Z
Great Hall of the Biblioplex,SOS,Secrets of Strixhaven,361,normal,rare,1,112258,a4344235-8598-4a3b-89fe-bd68372b3b2b,0.92,false,false,near_mint,en,EUR,2026-07-01T15:30:54.622Z
Traumatic Critique,SOS,Secrets of Strixhaven,358,foil,rare,1,112215,0b79a6ac-85e7-4941-b7d6-e8a6fbbdded8,2.69,false,false,near_mint,en,EUR,2026-07-01T15:30:54.621Z
Germination Practicum,SOS,Secrets of Strixhaven,296,normal,mythic,1,112704,df144bff-cdc8-46df-bbd2-6fdc93f04f04,6.49,false,false,near_mint,en,EUR,2026-07-01T15:30:54.620Z
Colorstorm Stallion,SOS,Secrets of Strixhaven,299,foil,rare,1,111759,e8800c58-574f-4a77-bed9-2d99e8f5813c,1.44,false,false,near_mint,en,EUR,2026-07-01T15:30:54.619Z
Maelstrom Artisan // Rocket Volley,SOS,Secrets of Strixhaven,122,foil,rare,1,112237,5c88391d-271f-4021-a5d9-158ebc1e6357,0.25,false,false,near_mint,en,EUR,2026-07-01T15:30:54.618Z
Triumph of the Hordes,SOA,Secrets of Strixhaven Mystical Archive,124,normal,mythic,1,112254,9907e7de-62f1-4596-a242-d811f72e9f63,10.36,false,false,near_mint,en,EUR,2026-07-01T15:30:54.617Z
Empty the Warrens,SOA,Secrets of Strixhaven Mystical Archive,43,normal,rare,1,112449,622daabf-987d-4311-b3d3-b27d62cd5e6e,0.43,false,false,near_mint,en,EUR,2026-07-01T15:30:54.616Z
Pyretic Ritual,SOA,Secrets of Strixhaven Mystical Archive,111,normal,rare,1,112426,21b14fb0-aeeb-4c9f-9458-ef0e2b4b604e,7.92,false,false,near_mint,en,EUR,2026-07-01T15:30:54.615Z
Subterranean Tremors,SOA,Secrets of Strixhaven Mystical Archive,113,normal,mythic,1,111784,155f9008-2edb-4115-84e8-237257fc4a08,3.69,false,false,near_mint,en,EUR,2026-07-01T15:30:54.614Z
Smallpox,SOA,Secrets of Strixhaven Mystical Archive,33,normal,rare,1,111782,0f6f64b9-145c-4ed2-b90c-cbcf021b353d,1.08,false,false,near_mint,en,EUR,2026-07-01T15:30:54.613Z
Reprieve,SOA,Secrets of Strixhaven Mystical Archive,9,foil,rare,1,111793,426038f3-f21e-43a5-bea8-0cfd8658c009,1.82,false,false,near_mint,en,EUR,2026-07-01T15:30:54.612Z
Winds of Abandon,SOA,Secrets of Strixhaven Mystical Archive,12,normal,mythic,1,112529,ddf7fa6e-e38c-4f3d-8d8b-6ecbccdbb8f9,3.61,false,false,near_mint,en,EUR,2026-07-01T15:30:54.611Z
Fracture,SOA,Secrets of Strixhaven Mystical Archive,65,foil,rare,1,112588,34005b2e-6270-4ac3-9d35-021d916125ee,1.08,false,false,near_mint,en,EUR,2026-07-01T15:30:54.610Z
Prismatic Ending,SOA,Secrets of Strixhaven Mystical Archive,72,normal,rare,1,112542,0ecd4e81-65a9-4ffc-98f3-a2c84d84b573,2.87,false,false,near_mint,en,EUR,2026-07-01T15:30:54.609Z
Preordain,SOA,Secrets of Strixhaven Mystical Archive,21,normal,rare,1,112467,8221b564-acf0-4d82-94f5-2ba1337ff5e1,2.87,false,false,near_mint,en,EUR,2026-07-01T15:30:54.608Z
Sheoldred's Edict,SOA,Secrets of Strixhaven Mystical Archive,32,foil,rare,1,112699,dca66a1b-0acd-4b79-b5fe-16f2930f9c1b,3.38,false,false,near_mint,en,EUR,2026-07-01T15:30:54.607Z
Crop Rotation,SOA,Secrets of Strixhaven Mystical Archive,116,normal,rare,1,112524,d62222aa-2f38-4692-b359-0c7cfc6416a9,11.95,false,false,near_mint,en,EUR,2026-07-01T15:30:54.606Z
Vedalken Orrery,PLST,The List,5DN-163,normal,rare,1,63857,92bbd753-e0e7-4b9e-ba08-b5b971fa5722,9.83,false,false,near_mint,en,EUR,2026-07-02T06:59:52.173Z
Ninja's Kunai,NEO,Kamigawa: Neon Dynasty,252,foil,common,1,66901,af6ae567-c77a-416a-b609-4df3d0dd2e18,0.17,false,false,near_mint,en,EUR,2026-07-02T06:59:52.172Z
"Kotose, the Silent Spider",NEO,Kamigawa: Neon Dynasty,228,normal,rare,1,66669,314e97b5-cd43-4f5e-acdd-a107208e061c,0.16,false,false,near_mint,en,EUR,2026-07-02T06:59:52.171Z
Myojin of Grim Betrayal,NEC,Neon Dynasty Commander,34,normal,rare,1,66682,3fa18695-e10f-4dd5-b116-8a9891e58c20,0.17,false,false,near_mint,en,EUR,2026-07-02T06:59:52.170Z
Behold the Unspeakable // Vision of the Unspeakable,NEO,Kamigawa: Neon Dynasty,48,normal,uncommon,1,66468,e4d52701-e0dc-474e-b08f-88147200d210,0.06,false,false,near_mint,en,EUR,2026-07-02T06:59:52.169Z
Boon of Boseiju,NEO,Kamigawa: Neon Dynasty,176,normal,uncommon,1,66633,06771591-0480-4232-bc67-216b2e0fe738,0.19,false,false,near_mint,en,EUR,2026-07-02T06:59:52.168Z
Walking Skyscraper,NEO,Kamigawa: Neon Dynasty,263,normal,uncommon,1,66577,958af4ba-f29e-47ef-995e-3985982c75ad,0.1,false,false,near_mint,en,EUR,2026-07-02T06:59:52.167Z
Armguard Familiar,NEO,Kamigawa: Neon Dynasty,46,normal,common,1,66388,7497f147-146d-4a76-b670-bd84e07352b3,0.08,false,false,near_mint,en,EUR,2026-07-02T06:59:52.166Z
Mirrorshell Crab,NEO,Kamigawa: Neon Dynasty,63,normal,common,1,66630,0394c8df-2e8a-4477-93b7-569934d7b936,0.17,false,false,near_mint,en,EUR,2026-07-02T06:59:52.165Z
Skyswimmer Koi,NEO,Kamigawa: Neon Dynasty,79,normal,common,1,66819,db50259b-8ca8-4fbe-8ae3-6b0312d70980,0.08,false,false,near_mint,en,EUR,2026-07-02T06:59:52.164Z
Fang of Shigeki,NEO,Kamigawa: Neon Dynasty,347,normal,common,3,66576,94c8e2d5-2706-4137-bfdc-d65f1cd33bda,0.13,false,false,near_mint,en,EUR,2026-07-02T06:59:52.162Z
Island,NEO,Kamigawa: Neon Dynasty,295,normal,common,2,66494,f0578f26-1396-4e1d-9986-8fc6c55aeb66,1.56,false,false,near_mint,en,EUR,2026-07-02T06:59:52.161Z
Tamiyo's Notebook,TNEO,Kamigawa: Neon Dynasty Tokens,16,normal,common,1,67118,992cb1e0-e846-4710-b49e-a748e4ebffa5,0.35,false,false,near_mint,en,EUR,2026-07-02T06:59:52.160Z
Peerless Samurai,NEO,Kamigawa: Neon Dynasty,156,foil,common,1,66616,e5b2176d-8925-4474-9d3e-1c97192715fb,0.18,false,false,near_mint,en,EUR,2026-07-02T06:59:52.159Z
Fable of the Mirror-Breaker // Reflection of Kiki-Jiki,NEO,Kamigawa: Neon Dynasty,141,normal,rare,1,66508,24c0d87b-0049-4beb-b9cb-6f813b7aa7dc,8.76,false,false,near_mint,en,EUR,2026-07-02T06:59:52.158Z
Acquisition Octopus,NEO,Kamigawa: Neon Dynasty,44,normal,uncommon,1,66750,8e971a72-31db-4b7e-b9b9-9f45e8c3f87e,0.05,false,false,near_mint,en,EUR,2026-07-02T06:59:52.156Z
Leech Gauntlet,NEO,Kamigawa: Neon Dynasty,106,normal,uncommon,1,66417,97986b67-5ae4-492f-a9e0-81f57a829d86,0.06,false,false,near_mint,en,EUR,2026-07-02T06:59:52.155Z
Twinshot Sniper,NEO,Kamigawa: Neon Dynasty,168,normal,uncommon,1,66322,08a86009-4637-4b6c-9d36-367151583668,0.12,false,false,near_mint,en,EUR,2026-07-02T06:59:52.154Z
Mukotai Ambusher,NEO,Kamigawa: Neon Dynasty,112,normal,common,1,66639,0adf3293-c1e0-447c-8231-26fa9476a262,0.14,false,false,near_mint,en,EUR,2026-07-02T06:59:52.153Z
Intercessor's Arrest,NEO,Kamigawa: Neon Dynasty,20,normal,common,2,66832,e83f2148-bb5d-4236-8d12-150deed0577e,0.08,false,false,near_mint,en,EUR,2026-07-02T06:59:52.152Z
Repel the Vile,NEO,Kamigawa: Neon Dynasty,33,normal,common,2,66763,9a37d5b4-af3a-48b0-895f-91b652108ef6,0.05,false,false,near_mint,en,EUR,2026-07-02T06:59:52.151Z
Geothermal Kami,NEO,Kamigawa: Neon Dynasty,186,normal,common,2,66370,559d7162-39fc-4d99-8c5f-b40a765b883a,0.06,false,false,near_mint,en,EUR,2026-07-02T06:59:52.150Z
"Heiko Yamazaki, the General",NEO,Kamigawa: Neon Dynasty,321,normal,uncommon,2,66603,c91040c0-f025-4843-8c0e-3ac1b76c8582,0.14,false,false,near_mint,en,EUR,2026-07-02T06:59:52.149Z
Silence,PLST,The List,TSR-302,normal,special,1,60803,93da2d78-db29-40dd-8ba2-e7bd89628aac,6.81,false,false,near_mint,en,EUR,2026-07-02T06:59:52.148Z
Plains,NEO,Kamigawa: Neon Dynasty,283,foil,common,1,66546,5fc26aa1-58b9-41b5-95b4-7e9bf2309b54,0.23,false,false,near_mint,en,EUR,2026-07-02T06:59:52.147Z
Reckoner's Bargain,NEO,Kamigawa: Neon Dynasty,120,foil,common,1,66883,6338942d-d650-4571-8ec6-4d658792c53e,2.67,false,false,near_mint,en,EUR,2026-07-02T06:59:52.146Z
"Tezzeret, Betrayer of Flesh",NEO,Kamigawa: Neon Dynasty,84,normal,mythic,1,66333,2174d16e-4a78-4d27-b220-1086c40db83e,0.82,false,false,near_mint,en,EUR,2026-07-02T06:59:52.145Z
Life of Toshiro Umezawa // Memory of Toshiro,NEO,Kamigawa: Neon Dynasty,108,normal,uncommon,1,66481,f7f4adf7-b871-417b-8904-7f024ca21486,0.08,false,false,near_mint,en,EUR,2026-07-02T06:59:52.144Z
Go-Shintai of Hidden Cruelty,NEO,Kamigawa: Neon Dynasty,97,normal,uncommon,1,66526,45e1ff1e-916b-4455-84cb-4125a79d76de,0.16,false,false,near_mint,en,EUR,2026-07-02T06:59:52.143Z
Imperial Recovery Unit,NEO,Kamigawa: Neon Dynasty,18,normal,uncommon,1,66779,ac9b2c7b-c93b-4b97-999e-86faed8a26ee,0.13,false,false,near_mint,en,EUR,2026-07-02T06:59:52.142Z
Selfless Samurai,NEO,Kamigawa: Neon Dynasty,35,normal,uncommon,1,66555,76c27ec5-5a9b-4080-9a53-00630335a915,0.12,false,false,near_mint,en,EUR,2026-07-02T06:59:52.141Z
Saiba Trespassers,NEO,Kamigawa: Neon Dynasty,77,normal,common,1,66598,c3dd7f1a-5d43-4218-a9d8-7cc4f6a18ecd,0.05,false,false,near_mint,en,EUR,2026-07-02T06:59:52.140Z
Moon-Circuit Hacker,NEO,Kamigawa: Neon Dynasty,67,normal,common,1,66600,c6e466d1-943d-41e6-a47d-c9d951ca4262,0.38,false,false,near_mint,en,EUR,2026-07-02T06:59:52.139Z
Network Disruptor,NEO,Kamigawa: Neon Dynasty,71,normal,common,1,66542,5a37719a-2a87-4870-8f25-12544ca2f2cf,0.06,false,false,near_mint,en,EUR,2026-07-02T06:59:52.138Z
Simian Sling,NEO,Kamigawa: Neon Dynasty,163,normal,common,1,66351,37a00f95-d563-4d51-a5f2-af139261921a,0.09,false,false,near_mint,en,EUR,2026-07-02T06:59:52.137Z
Reinforced Ronin,NEO,Kamigawa: Neon Dynasty,323,normal,uncommon,1,66775,a69eec2f-eec0-491f-944c-ca944d9d320b,0.14,false,false,near_mint,en,EUR,2026-07-02T06:59:52.136Z
Plains,NEO,Kamigawa: Neon Dynasty,294,foil,common,1,66488,7a76d8ee-28fc-49ac-951c-a4d29822f91e,2.12,false,false,near_mint,en,EUR,2026-07-02T06:59:52.135Z
Construct,TNEO,Kamigawa: Neon Dynasty Tokens,15,normal,common,1,67107,2770f887-7e96-44d1-864a-8c0504a39785,0.09,false,false,near_mint,en,EUR,2026-07-02T06:59:52.134Z
Behold the Unspeakable // Vision of the Unspeakable,NEO,Kamigawa: Neon Dynasty,48,foil,uncommon,1,66468,e4d52701-e0dc-474e-b08f-88147200d210,0.06,false,false,near_mint,en,EUR,2026-07-02T06:59:52.133Z
Blade of the Oni,NEO,Kamigawa: Neon Dynasty,377,normal,mythic,1,66688,46f5c2f4-1690-4392-80d6-d99148bc8b13,2.42,false,false,near_mint,en,EUR,2026-07-02T06:59:52.131Z
Myojin of Roaring Blades,NEC,Neon Dynasty Commander,36,normal,rare,2,66649,1b948181-4688-455c-97ae-990d0ec50f1d,0.3,false,false,near_mint,en,EUR,2026-07-02T06:59:52.130Z
Michiko's Reign of Truth // Portrait of Michiko,NEO,Kamigawa: Neon Dynasty,29,normal,uncommon,2,66389,74f12c23-5c15-4ae6-8f4d-c5e6c1878817,0.14,false,false,near_mint,en,EUR,2026-07-02T06:59:52.129Z
Dragonspark Reactor,NEO,Kamigawa: Neon Dynasty,137,normal,uncommon,1,66715,5cf531dd-0a93-43e3-880b-f705fa5f533d,0.14,false,false,near_mint,en,EUR,2026-07-02T06:59:52.128Z
Patchwork Automaton,NEO,Kamigawa: Neon Dynasty,254,normal,uncommon,1,66734,7a4e1580-dd26-4f4b-ac98-3e6fa7b879d5,0.35,false,false,near_mint,en,EUR,2026-07-02T06:59:52.127Z
Careful Cultivation,NEO,Kamigawa: Neon Dynasty,178,normal,common,2,66898,9e2ebad5-0a56-4166-80af-7ebd20ae565a,0.08,false,false,near_mint,en,EUR,2026-07-02T06:59:52.126Z
Season of Renewal,NEO,Kamigawa: Neon Dynasty,205,normal,common,2,66894,841f0ec2-94c7-4cec-94bb-b365084ca45f,0.11,false,false,near_mint,en,EUR,2026-07-02T06:59:52.125Z
Bamboo Grove Archer,NEO,Kamigawa: Neon Dynasty,173,normal,common,2,66407,8b43bb9f-1b84-41cc-a4f9-5875ae6d207c,0.11,false,false,near_mint,en,EUR,2026-07-02T06:59:52.124Z
Island,NEO,Kamigawa: Neon Dynasty,296,normal,common,2,66487,7132999f-6e2d-4689-8131-7b12076a348d,1.59,false,false,near_mint,en,EUR,2026-07-02T06:59:52.122Z
Rat Rogue,TNEO,Kamigawa: Neon Dynasty Tokens,5,normal,common,1,67114,695f72ea-13e6-40ab-afc7-55657701c82d,0.21,false,false,near_mint,en,EUR,2026-07-02T06:59:52.121Z
Moon-Circuit Hacker,NEO,Kamigawa: Neon Dynasty,67,foil,common,1,66600,c6e466d1-943d-41e6-a47d-c9d951ca4262,0.53,false,false,near_mint,en,EUR,2026-07-02T06:59:52.120Z
Thundering Raiju,NEO,Kamigawa: Neon Dynasty,166,normal,rare,1,66834,ec1a2920-6d39-4276-921c-65cc16a45f17,0.34,false,false,near_mint,en,EUR,2026-07-02T06:59:52.119Z
Tempered in Solitude,NEO,Kamigawa: Neon Dynasty,165,normal,uncommon,1,66340,2cfd0693-6dba-4c0d-8c42-859d7bf38c40,0.09,false,false,near_mint,en,EUR,2026-07-02T06:59:52.117Z
Asari Captain,NEO,Kamigawa: Neon Dynasty,215,normal,uncommon,1,66400,834b4e6a-1812-4399-8fe4-bb1686ba49ef,0.04,false,false,near_mint,en,EUR,2026-07-02T06:59:52.116Z
Reinforced Ronin,NEO,Kamigawa: Neon Dynasty,158,normal,uncommon,1,66747,89a18961-8f0b-4e98-9de4-aba97e91ad9a,0.13,false,false,near_mint,en,EUR,2026-07-02T06:59:52.115Z
Moonsnare Specialist,NEO,Kamigawa: Neon Dynasty,70,normal,common,1,66655,1e8b209f-f577-45cc-9d18-03c1d67d391e,0.11,false,false,near_mint,en,EUR,2026-07-02T06:59:52.114Z
Searchlight Companion,NEO,Kamigawa: Neon Dynasty,258,normal,common,1,66850,0b79b30e-e7aa-490e-b130-de7533e6e13b,0.03,false,false,near_mint,en,EUR,2026-07-02T06:59:52.113Z
Coiling Stalker,NEO,Kamigawa: Neon Dynasty,179,normal,common,1,66549,6eba24f6-8a9c-4398-b2ab-3924b107c7b7,0.08,false,false,near_mint,en,EUR,2026-07-02T06:59:52.112Z
Heir of the Ancient Fang,NEO,Kamigawa: Neon Dynasty,191,normal,common,1,66611,d45daa56-6ad8-4df7-9d81-3193fd32e574,0.09,false,false,near_mint,en,EUR,2026-07-02T06:59:52.111Z
Guardians of Oboro,NEO,Kamigawa: Neon Dynasty,317,normal,common,2,66578,95dbd59e-a2f0-4031-b6c6-1b59fb7cb067,0.05,false,false,near_mint,en,EUR,2026-07-02T06:59:52.110Z
Island,NEO,Kamigawa: Neon Dynasty,285,normal,common,1,66503,0f66d573-5da4-4b3c-ab06-bb330cff2c9a,0.14,false,false,near_mint,en,EUR,2026-07-02T06:59:52.109Z
"Sokenzan, Crucible of Defiance",NEO,Kamigawa: Neon Dynasty,276,foil,rare,1,66430,aa548dcd-c1dd-492d-a69f-c65dfeef0633,2.63,false,false,near_mint,en,EUR,2026-07-02T06:59:52.108Z
Invoke Justice,NEO,Kamigawa: Neon Dynasty,21,normal,rare,1,66523,3a598ab6-3254-49fe-b69f-e7c759129599,0.18,false,false,near_mint,en,EUR,2026-07-02T06:59:52.107Z
Hidetsugu Consumes All // Vessel of the All-Consuming,NEO,Kamigawa: Neon Dynasty,361,normal,mythic,1,66566,887e6d1e-cb53-4964-ba0b-c15dffa5eb32,1.81,false,false,near_mint,en,EUR,2026-07-02T06:59:52.106Z
Tales of Master Seshiro // Seshiro's Living Legacy,NEO,Kamigawa: Neon Dynasty,210,normal,common,3,66697,512bc867-3a86-4da2-93f0-dd76d6a6f30d,0.04,false,false,near_mint,en,EUR,2026-07-02T06:59:52.105Z
Dockside Chef,NEO,Kamigawa: Neon Dynasty,93,normal,uncommon,1,66814,d80100c3-c81e-4084-8dfe-f8610637fd91,0.28,false,false,near_mint,en,EUR,2026-07-02T06:59:52.104Z
Oni-Cult Anvil,NEO,Kamigawa: Neon Dynasty,230,normal,uncommon,1,66601,c84db1e2-855c-4169-a9cc-a54c73c14e0c,0.18,false,false,near_mint,en,EUR,2026-07-02T06:59:52.103Z
Sokenzan Smelter,NEO,Kamigawa: Neon Dynasty,164,normal,uncommon,1,66392,758724f9-93c9-4178-ae40-3fefc75a010e,0.13,false,false,near_mint,en,EUR,2026-07-02T06:59:52.102Z
Commune with Spirits,NEO,Kamigawa: Neon Dynasty,180,normal,common,2,66899,a35ff4dd-bad3-4496-82b3-8253f48af06d,0.07,false,false,near_mint,en,EUR,2026-07-02T06:59:52.101Z
Greater Tanuki,NEO,Kamigawa: Neon Dynasty,189,normal,common,2,66440,b4fbaee3-a10f-4b2d-b07e-d041a96a7e27,0.14,false,false,near_mint,en,EUR,2026-07-02T06:59:52.100Z
Grafted Growth,NEO,Kamigawa: Neon Dynasty,188,normal,common,2,66925,e7a15010-1b70-4b4f-8b5d-cb2d764a1799,0.09,false,false,near_mint,en,EUR,2026-07-02T06:59:52.099Z
Coiling Stalker,NEO,Kamigawa: Neon Dynasty,346,normal,common,2,66563,8297592c-3036-434a-9dbb-5f0af804dd13,0.05,false,false,near_mint,en,EUR,2026-07-02T06:59:52.098Z
Forest,NEO,Kamigawa: Neon Dynasty,301,normal,common,3,66490,acc778ae-a2d0-493f-963d-e946bd7cacd9,1.42,false,false,near_mint,en,EUR,2026-07-02T06:59:52.097Z
Befriending the Moths // Imperial Moth,NEO,Kamigawa: Neon Dynasty,4,normal,common,4,66406,8ad44884-ae0d-40ae-87a9-bad043d4e9ad,0.04,false,false,near_mint,en,EUR,2026-07-02T06:59:52.118Z
Eiganjo Exemplar,NEO,Kamigawa: Neon Dynasty,309,normal,common,2,66724,6c85917c-60ea-44d3-8483-fa639564e881,0.11,false,false,near_mint,en,EUR,2026-07-02T06:59:52.123Z
Sorin Markov,PLST,The List,ZEN-111,normal,mythic,1,48576,f24b8afc-020f-4d20-a749-cc87d55d674c,6.17,false,false,near_mint,en,EUR,2026-07-02T07:44:55.957Z
Roaring Earth,NEO,Kamigawa: Neon Dynasty,204,foil,uncommon,1,66749,8cbdd88e-c532-4fc0-a1fe-8aa0c26d1092,0.39,false,false,near_mint,en,EUR,2026-07-02T07:44:55.956Z
March of Reckless Joy,NEO,Kamigawa: Neon Dynasty,154,normal,rare,1,66394,780e1bf1-e392-40f2-9e84-764dedc5fcd4,0.35,false,false,near_mint,en,EUR,2026-07-02T07:44:55.955Z
Thousand-Faced Shadow,NEO,Kamigawa: Neon Dynasty,337,normal,rare,1,66427,a48c2751-fd12-42f2-b8c1-eaf78c5e29eb,2.93,false,false,near_mint,en,EUR,2026-07-02T07:44:55.954Z
Gloomshrieker,NEO,Kamigawa: Neon Dynasty,219,normal,uncommon,1,66424,a2b50751-7f65-4321-86da-eef735bf8b67,0.18,false,false,near_mint,en,EUR,2026-07-02T07:44:55.952Z
Gravelighter,NEO,Kamigawa: Neon Dynasty,98,normal,uncommon,1,66703,532c5b14-75cf-4e4c-9b80-2d56a86e2844,0.15,false,false,near_mint,en,EUR,2026-07-02T07:44:55.951Z
Undercity Scrounger,NEO,Kamigawa: Neon Dynasty,126,normal,common,1,66882,6319b84b-8a3d-4bc8-af48-8b500f124be1,0.09,false,false,near_mint,en,EUR,2026-07-02T07:44:55.950Z
Scrapyard Steelbreaker,NEO,Kamigawa: Neon Dynasty,160,normal,common,1,66875,5776e576-5562-45ea-a29b-185410317e17,0.04,false,false,near_mint,en,EUR,2026-07-02T07:44:55.949Z
Mnemonic Sphere,NEO,Kamigawa: Neon Dynasty,64,normal,common,1,66648,1a15d8d9-0575-4add-ae8d-4576e8ed2cbe,0.07,false,false,near_mint,en,EUR,2026-07-02T07:44:55.948Z
Inkrise Infiltrator,NEO,Kamigawa: Neon Dynasty,341,normal,common,2,66625,f66aaba3-4a28-4fcf-926a-34bbbf0dbeb4,0.11,false,false,near_mint,en,EUR,2026-07-02T07:44:55.947Z
Upriser Renegade,NEO,Kamigawa: Neon Dynasty,324,normal,uncommon,2,66366,52af0f2d-de2e-4554-ae32-c88bc7ba7c71,0.09,false,false,near_mint,en,EUR,2026-07-02T07:44:55.946Z
Bloodfell Caves,NEO,Kamigawa: Neon Dynasty,264,normal,common,1,66906,ba06fcda-7ab8-48d4-8656-2a911e73dc44,0.08,false,false,near_mint,en,EUR,2026-07-02T07:44:55.945Z
Asari Captain,NEO,Kamigawa: Neon Dynasty,327,foil,uncommon,1,66414,94158fdf-c794-4ce9-a04e-cb6922604d19,0.22,false,false,near_mint,en,EUR,2026-07-02T07:48:04.295Z
Kodama of the West Tree,NEO,Kamigawa: Neon Dynasty,199,normal,mythic,1,66476,ef1e1dff-b559-441d-8df3-b6a418066aca,15.23,false,false,near_mint,en,EUR,2026-07-02T07:48:04.294Z
Boseiju Reaches Skyward // Branch of Boseiju,NEO,Kamigawa: Neon Dynasty,177,normal,uncommon,2,66325,1144014b-f13b-4397-97ed-a8de46371a2c,0.08,false,false,near_mint,en,EUR,2026-07-02T07:48:04.293Z
Mobilizer Mech,NEO,Kamigawa: Neon Dynasty,65,normal,uncommon,1,66608,cf4bb9de-ba7c-4916-b8ed-e2e644c06b58,0.14,false,false,near_mint,en,EUR,2026-07-02T07:48:04.292Z
Prodigy's Prototype,NEO,Kamigawa: Neon Dynasty,231,normal,uncommon,1,66595,be046e0a-6509-450b-b34f-29d5a5e3472e,0.09,false,false,near_mint,en,EUR,2026-07-02T07:48:04.291Z
Bearer of Memory,NEO,Kamigawa: Neon Dynasty,174,normal,common,1,66873,540ba70a-bea8-4512-83ba-92dab6d25b52,0.02,false,false,near_mint,en,EUR,2026-07-02T07:48:04.290Z
Dramatist's Puppet,NEO,Kamigawa: Neon Dynasty,244,normal,common,1,66903,b490e065-b54a-4015-9768-d0e62f0e2e84,0.08,false,false,near_mint,en,EUR,2026-07-02T07:48:04.289Z
Iron Apprentice,NEO,Kamigawa: Neon Dynasty,248,normal,common,1,66852,13d6d9fc-509b-42db-8ac1-85066eb6e9c4,0.12,false,false,near_mint,en,EUR,2026-07-02T07:48:04.288Z
Silver-Fur Master,NEO,Kamigawa: Neon Dynasty,353,normal,uncommon,2,66377,5d9a0771-072c-4b0c-afcb-15a6406473c6,0.13,false,false,near_mint,en,EUR,2026-07-02T07:48:04.287Z
Imperial Subduer,NEO,Kamigawa: Neon Dynasty,310,normal,common,3,66356,41e7420e-55d0-4f4b-84bb-e5b86616cbb3,0.11,false,false,near_mint,en,EUR,2026-07-02T07:48:04.285Z
Plains,NEO,Kamigawa: Neon Dynasty,283,normal,common,1,66546,5fc26aa1-58b9-41b5-95b4-7e9bf2309b54,0.16,false,false,near_mint,en,EUR,2026-07-02T07:48:04.284Z
Invoke the Ancients,NEO,Kamigawa: Neon Dynasty,193,foil,rare,1,66786,b5c02102-3be7-462f-ab9c-ff404255002d,0.26,false,false,near_mint,en,EUR,2026-07-02T07:58:34.567Z
Farewell,NEO,Kamigawa: Neon Dynasty,13,normal,rare,1,66822,e1068723-d1ef-4007-97d9-b10dccdbade4,4.31,false,false,near_mint,en,EUR,2026-07-02T07:58:34.566Z
Era of Enlightenment // Hand of Enlightenment,NEO,Kamigawa: Neon Dynasty,11,normal,common,3,66390,74f43827-2b9b-4fc9-a6e2-c682dfbf14f7,0.05,false,false,near_mint,en,EUR,2026-07-02T07:58:34.565Z
Roadside Reliquary,NEO,Kamigawa: Neon Dynasty,272,normal,uncommon,1,66741,8002de90-93fb-48ea-a849-40fdad0aef5a,0.11,false,false,near_mint,en,EUR,2026-07-02T07:58:34.564Z
Touch the Spirit Realm,NEO,Kamigawa: Neon Dynasty,40,normal,uncommon,1,66823,e16ab44e-4257-4c0c-b705-8ac1e9c1d835,0.6,false,false,near_mint,en,EUR,2026-07-02T07:58:34.563Z
Mothrider Patrol,NEO,Kamigawa: Neon Dynasty,30,normal,common,1,66845,f657f2dc-adc8-4a66-b081-a71b3a127389,0.07,false,false,near_mint,en,EUR,2026-07-02T07:58:34.562Z
Lucky Offering,NEO,Kamigawa: Neon Dynasty,27,normal,common,1,66660,24bbdeb0-9165-4874-a853-d19c20c250ef,0.05,false,false,near_mint,en,EUR,2026-07-02T07:58:34.561Z
Kami's Flare,NEO,Kamigawa: Neon Dynasty,150,normal,common,1,66907,bef5d58e-b490-4682-9a44-12cd61a94c0f,0.11,false,false,near_mint,en,EUR,2026-07-02T07:58:34.560Z
Kami of Industry,NEO,Kamigawa: Neon Dynasty,149,normal,common,1,66809,d3d00e61-3007-43da-960b-823e9ead2acf,0.09,false,false,near_mint,en,EUR,2026-07-02T07:58:34.559Z
Peerless Samurai,NEO,Kamigawa: Neon Dynasty,322,normal,common,2,66507,247c362c-bf21-4bca-89d4-54eb60806f10,0.06,false,false,near_mint,en,EUR,2026-07-02T07:58:34.558Z
Dismal Backwater,NEO,Kamigawa: Neon Dynasty,267,normal,common,2,66929,fab0660b-81f8-40ca-8098-5f8d51219a40,0.11,false,false,near_mint,en,EUR,2026-07-02T07:58:34.556Z
Samurai,TNEO,Kamigawa: Neon Dynasty Tokens,3,normal,common,1,67130,f68e5337-6e44-4f8f-a102-2f97b433beea,0.14,false,false,near_mint,en,EUR,2026-07-02T08:05:29.344Z
Akki Ember-Keeper,NEO,Kamigawa: Neon Dynasty,130,foil,common,1,66363,4d83e837-fcd1-4833-9117-e6f1bb53caad,0.16,false,false,near_mint,en,EUR,2026-07-02T08:05:29.343Z
Inventive Iteration // Living Breakthrough,NEO,Kamigawa: Neon Dynasty,57,normal,rare,1,66619,ea6d3242-8059-4203-aa06-58a6a3925eda,0.11,false,false,near_mint,en,EUR,2026-07-02T08:05:29.342Z
Myojin of Towering Might,NEC,Neon Dynasty Commander,38,normal,rare,1,66706,54803ba5-a2d7-4997-8e76-298aff6e1aff,0.34,false,false,near_mint,en,EUR,2026-07-02T08:05:29.341Z
Go-Shintai of Boundless Vigor,NEO,Kamigawa: Neon Dynasty,187,normal,uncommon,1,66722,691016a1-8630-423c-9a57-061593d170fd,0.14,false,false,near_mint,en,EUR,2026-07-02T08:05:29.339Z
Spell Pierce,NEO,Kamigawa: Neon Dynasty,80,normal,common,1,66596,beb42273-935b-4bda-849e-c163606cf89e,0.2,false,false,near_mint,en,EUR,2026-07-02T08:05:29.338Z
Go-Shintai of Ancient Wars,NEO,Kamigawa: Neon Dynasty,144,normal,uncommon,1,66543,5b915e8d-b972-4ae1-a1c3-74d6623963c8,0.17,false,false,near_mint,en,EUR,2026-07-02T08:05:29.337Z
Explosive Entry,NEO,Kamigawa: Neon Dynasty,139,normal,common,1,66890,7ba639ff-fe82-4ac3-9fb4-eac168bef053,0.07,false,false,near_mint,en,EUR,2026-07-02T08:05:29.336Z
Planar Incision,NEO,Kamigawa: Neon Dynasty,72,normal,common,1,66752,9163cb04-ee28-4127-b53a-89c546996d7d,0.23,false,false,near_mint,en,EUR,2026-07-02T08:05:29.335Z
Akki Ember-Keeper,NEO,Kamigawa: Neon Dynasty,130,normal,common,1,66363,4d83e837-fcd1-4833-9117-e6f1bb53caad,0.08,false,false,near_mint,en,EUR,2026-07-02T08:05:29.334Z
Jukai Trainee,NEO,Kamigawa: Neon Dynasty,326,normal,common,2,66853,164e663f-6a67-4a10-a737-33ea533a9316,0.05,false,false,near_mint,en,EUR,2026-07-02T08:05:29.333Z
Jungle Hollow,NEO,Kamigawa: Neon Dynasty,269,normal,common,1,66921,deadca61-0be9-4eeb-ba12-bc73a49bae74,0.09,false,false,near_mint,en,EUR,2026-07-02T08:05:29.332Z
Kumano Faces Kakkazan // Etching of Kumano,NEO,Kamigawa: Neon Dynasty,152,foil,uncommon,1,66663,28d92cad-45b0-479d-97fc-c175f3a3f259,0.22,false,false,near_mint,en,EUR,2026-07-02T08:54:28.435Z
"Raiyuu, Storm's Edge",NEO,Kamigawa: Neon Dynasty,232,normal,rare,1,66520,37748b74-0eda-4b20-a08f-faa418adb9ff,0.26,false,false,near_mint,en,EUR,2026-07-02T08:54:28.434Z
Reality Heist,NEO,Kamigawa: Neon Dynasty,75,normal,uncommon,1,66544,5bc954d7-322a-45b8-9e25-6e9a97fbde61,0.1,false,false,near_mint,en,EUR,2026-07-02T08:54:28.432Z
High-Speed Hoverbike,NEO,Kamigawa: Neon Dynasty,247,normal,uncommon,1,66397,7c619116-1eae-439d-9b1f-639643458a23,0.14,false,false,near_mint,en,EUR,2026-07-02T08:54:28.431Z
Born to Drive,NEO,Kamigawa: Neon Dynasty,6,normal,uncommon,1,66627,ffdfad1f-d316-4023-9c79-8c24f1cd31d0,0.11,false,false,near_mint,en,EUR,2026-07-02T08:54:28.430Z
Wanderer's Intervention,NEO,Kamigawa: Neon Dynasty,41,normal,common,1,66684,43708ec9-a85a-4244-86b4-67b30b41d854,0.12,false,false,near_mint,en,EUR,2026-07-02T08:54:28.429Z
Fade into Antiquity,NEO,Kamigawa: Neon Dynasty,182,normal,common,1,66874,55174ab7-9f2e-42e5-a61b-57458cfd33f3,0.06,false,false,near_mint,en,EUR,2026-07-02T08:54:28.428Z
Harmonious Emergence,NEO,Kamigawa: Neon Dynasty,190,normal,common,1,66910,c92ff968-b436-4313-8375-8a3bb41f9892,0.05,false,false,near_mint,en,EUR,2026-07-02T08:54:28.427Z
Crackling Emergence,NEO,Kamigawa: Neon Dynasty,136,normal,common,1,66886,6f77f987-ebb7-4105-a67c-0987f50fc676,0.11,false,false,near_mint,en,EUR,2026-07-02T08:54:28.426Z
Unwinding Clock,PLST,The List,NPH-164,normal,rare,1,64772,1682f8f2-dcd7-4322-a95f-f84c1c85df7d,17.58,false,false,near_mint,en,EUR,2026-07-02T08:54:28.423Z
Light the Way,NEO,Kamigawa: Neon Dynasty,24,normal,common,2,66522,3a2fd960-c4ec-4dfa-a61d-f8577b9d3519,0.08,false,false,near_mint,en,EUR,2026-07-02T08:54:28.422Z
"Tatsunari, Toad Rider",NEO,Kamigawa: Neon Dynasty,123,normal,rare,1,66433,abf42833-43d0-4b05-b499-d13b2c577ee8,0.21,false,false,near_mint,en,EUR,2026-07-02T08:54:28.421Z
The Shattered States Era // Nameless Conqueror,NEO,Kamigawa: Neon Dynasty,162,normal,common,4,66365,517392f6-d3fd-4c59-8317-2a3595ab7562,0.03,false,false,near_mint,en,EUR,2026-07-02T08:54:28.420Z
Hotshot Mechanic,NEO,Kamigawa: Neon Dynasty,16,normal,uncommon,1,66373,5a70e8fa-b71d-441e-b049-dacb09a9a7af,0.13,false,false,near_mint,en,EUR,2026-07-02T08:54:28.419Z
Mech Hangar,NEO,Kamigawa: Neon Dynasty,270,normal,uncommon,1,66797,c093984d-38cd-4b49-b179-1e289ab442d1,0.21,false,false,near_mint,en,EUR,2026-07-02T08:54:28.418Z
Ambitious Assault,NEO,Kamigawa: Neon Dynasty,133,normal,common,1,66913,d00d618d-abad-475b-b938-e111282ea1c3,0.04,false,false,near_mint,en,EUR,2026-07-02T08:54:28.417Z
Kindled Fury,NEO,Kamigawa: Neon Dynasty,151,normal,common,1,66876,58c8bdce-73a3-4266-b3d6-61dbf4534ea3,0.03,false,false,near_mint,en,EUR,2026-07-02T08:54:28.416Z
Akki War Paint,NEO,Kamigawa: Neon Dynasty,132,normal,common,1,66478,f110698e-a343-4eff-ba23-ed7ac5a3f87b,0.18,false,false,near_mint,en,EUR,2026-07-02T08:54:28.415Z
Dokuchi Shadow-Walker,NEO,Kamigawa: Neon Dynasty,339,normal,common,2,66382,6d35bcc7-2280-4061-9a6c-e67038cfb114,0.08,false,false,near_mint,en,EUR,2026-07-02T08:54:28.414Z
Moonsnare Specialist,NEO,Kamigawa: Neon Dynasty,335,normal,common,3,66844,f5e2fdd4-b953-4e9a-b511-52199a34214e,0.16,false,false,near_mint,en,EUR,2026-07-02T08:54:28.413Z
Mountain,NEO,Kamigawa: Neon Dynasty,289,normal,common,1,66513,2fe601b0-0398-47f0-9e4f-9f841ad79b9b,0.15,false,false,near_mint,en,EUR,2026-07-02T08:54:28.412Z
Mountain,NEO,Kamigawa: Neon Dynasty,300,normal,common,2,66489,7d75969d-c932-4b4e-8135-61968228bc32,1.32,false,false,near_mint,en,EUR,2026-07-02T08:54:28.411Z
Spirit,TNEO,Kamigawa: Neon Dynasty Tokens,2,normal,common,3,67123,ca20548f-6324-4858-adbe-87303ff1ca52,0.14,false,false,near_mint,en,EUR,2026-07-02T08:57:20.416Z
Geothermal Kami,NEO,Kamigawa: Neon Dynasty,186,foil,common,1,66370,559d7162-39fc-4d99-8c5f-b40a765b883a,0.1,false,false,near_mint,en,EUR,2026-07-02T08:57:20.415Z
"Takenuma, Abandoned Mire",NEO,Kamigawa: Neon Dynasty,278,normal,rare,2,66530,499037cc-a577-41cb-8ca2-5e117945634f,9.73,false,false,near_mint,en,EUR,2026-07-02T08:57:20.414Z
Soul Transfer,NEO,Kamigawa: Neon Dynasty,382,normal,rare,1,66607,ce12642d-85b5-4b40-b1c0-2c08feae2f0a,0.38,false,false,near_mint,en,EUR,2026-07-02T08:57:20.413Z
The Modern Age // Vector Glider,NEO,Kamigawa: Neon Dynasty,66,normal,common,3,66475,ee60a8e9-3201-4a7e-8aa4-2c5e1042c8a5,0.18,false,false,near_mint,en,EUR,2026-07-02T08:57:20.412Z
Silver-Fur Master,NEO,Kamigawa: Neon Dynasty,236,normal,uncommon,1,66452,cacc36d9-4c4b-43b2-a8b4-d265deb1e6b2,0.15,false,false,near_mint,en,EUR,2026-07-02T08:57:20.411Z
Prosperous Thief,NEO,Kamigawa: Neon Dynasty,73,normal,uncommon,1,66613,da3f683e-5a28-4ae7-b53b-851b957123ba,0.16,false,false,near_mint,en,EUR,2026-07-02T08:57:20.410Z
Uncharted Haven,NEO,Kamigawa: Neon Dynasty,281,normal,common,1,66854,1d4ad89a-3a00-4bf4-a357-4a8a089d4a82,0.09,false,false,near_mint,en,EUR,2026-07-02T08:57:20.407Z
Mukotai Ambusher,NEO,Kamigawa: Neon Dynasty,342,normal,common,3,66673,357594c7-a9a6-468d-b262-e5f7d5e35f54,0.19,false,false,near_mint,en,EUR,2026-07-02T08:57:20.406Z
Sunblade Samurai,NEO,Kamigawa: Neon Dynasty,315,normal,common,2,66588,a32e2ad3-c5fb-4072-aabf-6cb9538db3ca,0.09,false,false,near_mint,en,EUR,2026-07-02T08:57:20.405Z
Shrine,TNEC,Neon Dynasty Commander Tokens,1,normal,common,2,66751,900340a5-7517-4ec4-a51e-762e15a29470,2.3,false,false,near_mint,en,EUR,2026-07-02T09:06:00.809Z
Dokuchi Silencer,NEO,Kamigawa: Neon Dynasty,95,foil,uncommon,1,66770,a24d5664-e214-466d-bb53-4e8f6f75a009,0.28,false,false,near_mint,en,EUR,2026-07-02T09:06:00.808Z
Brilliant Restoration,NEO,Kamigawa: Neon Dynasty,7,normal,rare,1,66547,64f7a506-0aa1-4c2d-b322-e0e9179d05fb,0.97,false,false,near_mint,en,EUR,2026-07-02T09:06:00.807Z
Okiba Reckoner Raid // Nezumi Road Captain,NEO,Kamigawa: Neon Dynasty,117,normal,common,4,66534,4f0582b4-d951-4450-b158-4a34109e48cd,0.09,false,false,near_mint,en,EUR,2026-07-02T09:06:00.806Z
The Long Reach of Night // Animus of Night's Reach,NEO,Kamigawa: Neon Dynasty,109,normal,uncommon,2,66694,4ec18bf7-bd80-408d-acc4-ffaaf7ef6b5b,0.11,false,false,near_mint,en,EUR,2026-07-02T09:06:00.804Z
Invigorating Hot Spring,NEO,Kamigawa: Neon Dynasty,223,normal,uncommon,1,66713,59a118d1-30b8-42c0-ac42-6fba0778200a,0.23,false,false,near_mint,en,EUR,2026-07-02T09:06:00.803Z
Generous Visitor,NEO,Kamigawa: Neon Dynasty,185,normal,uncommon,1,66609,d1066ccd-a932-4d05-98da-11ae4675364e,0.22,false,false,near_mint,en,EUR,2026-07-02T09:06:00.802Z
Swamp,NEO,Kamigawa: Neon Dynasty,297,normal,common,1,66491,c50b3d79-2361-4858-98b0-64d83c4f7f70,2.82,false,false,near_mint,en,EUR,2026-07-02T09:06:00.797Z
Brute Suit,NEO,Kamigawa: Neon Dynasty,241,foil,common,1,66866,363cb43a-e358-4380-a42f-9b095ca522c6,0.16,false,false,near_mint,en,EUR,2026-07-02T09:09:23.399Z
"Kyodai, Soul of Kamigawa",NEO,Kamigawa: Neon Dynasty,23,normal,rare,1,66454,cbbfd21e-96f1-4e5b-8546-73bb5a887b98,0.14,false,false,near_mint,en,EUR,2026-07-02T09:09:23.398Z
Kappa Tech-Wrecker,NEO,Kamigawa: Neon Dynasty,198,normal,uncommon,1,66459,d3a7bc69-4500-4e7e-94e4-67b85597bd82,0.08,false,false,near_mint,en,EUR,2026-07-02T09:09:23.396Z
Spinning Wheel Kick,NEO,Kamigawa: Neon Dynasty,207,normal,uncommon,1,66545,5f36ddd7-82c1-45ef-a966-ae2a34c540e1,0.13,false,false,near_mint,en,EUR,2026-07-02T09:09:23.395Z
Kaito's Pursuit,NEO,Kamigawa: Neon Dynasty,103,normal,common,1,66920,dd73fa5a-be0f-49a4-a921-afefbc8fa9c5,0.04,false,false,near_mint,en,EUR,2026-07-02T09:09:23.394Z
Tamiyo's Compleation,NEO,Kamigawa: Neon Dynasty,83,normal,common,1,66436,aee62e43-6a82-4749-972b-e21802642abf,0.04,false,false,near_mint,en,EUR,2026-07-02T09:09:23.393Z
Tamiyo's Safekeeping,NEO,Kamigawa: Neon Dynasty,211,normal,common,1,66930,fd4b7ee2-de65-4288-872d-486065a4f226,3.48,false,false,near_mint,en,EUR,2026-07-02T09:09:23.392Z
Pilot,TNEO,Kamigawa: Neon Dynasty Tokens,1,normal,common,1,67121,be84f259-2809-48c9-9c70-861437f08c23,0.21,false,false,near_mint,en,EUR,2026-07-02T09:11:41.768Z
Simian Sling,NEO,Kamigawa: Neon Dynasty,163,foil,common,1,66351,37a00f95-d563-4d51-a5f2-af139261921a,0.18,false,false,near_mint,en,EUR,2026-07-02T09:11:41.767Z
The Reality Chip,NEO,Kamigawa: Neon Dynasty,74,normal,rare,1,66461,d859de3a-0be1-4e66-b438-1c3d4ee756cd,2.26,false,false,near_mint,en,EUR,2026-07-02T09:11:41.766Z
"Yoshimaru, Ever Faithful",NEC,Neon Dynasty Commander,32,normal,mythic,1,66778,aa409269-3698-42a2-8c51-75557b27a6f6,8.0,false,false,near_mint,en,EUR,2026-07-02T09:11:41.765Z
Dokuchi Silencer,NEO,Kamigawa: Neon Dynasty,95,normal,uncommon,1,66770,a24d5664-e214-466d-bb53-4e8f6f75a009,0.17,false,false,near_mint,en,EUR,2026-07-02T09:11:41.763Z
Nezumi Prowler,NEO,Kamigawa: Neon Dynasty,116,normal,uncommon,1,66451,ca911e9a-bd04-4531-a81e-3485e9cbe89e,0.11,false,false,near_mint,en,EUR,2026-07-02T09:11:41.762Z
Dokuchi Shadow-Walker,NEO,Kamigawa: Neon Dynasty,94,normal,common,1,66399,81496a81-c986-4749-a28c-45341764e28f,0.03,false,false,near_mint,en,EUR,2026-07-02T09:11:41.761Z
Covert Technician,NEO,Kamigawa: Neon Dynasty,332,normal,uncommon,1,66343,2f268152-304a-4db8-a3f9-dd9d0f3319a1,0.11,false,false,near_mint,en,EUR,2026-07-02T09:11:41.757Z
Thornwood Falls,NEO,Kamigawa: Neon Dynasty,279,normal,common,1,66916,d5af3569-3e66-4a50-aca0-c17c799dca28,0.07,false,false,near_mint,en,EUR,2026-07-02T09:11:41.756Z
Goblin Shaman,TNEO,Kamigawa: Neon Dynasty Tokens,8,normal,common,1,67103,0d9461c3-f545-4efb-926e-759961db0495,4.15,false,false,near_mint,en,EUR,2026-07-02T09:16:51.324Z
Peerless Samurai,NEO,Kamigawa: Neon Dynasty,322,foil,common,1,66507,247c362c-bf21-4bca-89d4-54eb60806f10,0.13,false,false,near_mint,en,EUR,2026-07-02T09:16:51.323Z
Mindlink Mech,NEO,Kamigawa: Neon Dynasty,62,normal,rare,1,66661,28273a5b-57b3-4b7a-b017-5886c171c9c9,0.16,false,false,near_mint,en,EUR,2026-07-02T09:16:51.322Z
Azusa's Many Journeys // Likeness of the Seeker,NEO,Kamigawa: Neon Dynasty,172,normal,uncommon,1,66470,e8a51d2a-1582-4bad-995c-e7fe9f810149,0.12,false,false,near_mint,en,EUR,2026-07-02T09:16:51.321Z
Unforgiving One,NEO,Kamigawa: Neon Dynasty,127,normal,uncommon,1,66806,cfb20c08-a84a-4773-a90c-fb007b94644b,0.15,false,false,near_mint,en,EUR,2026-07-02T09:16:51.320Z
Enormous Energy Blade,NEO,Kamigawa: Neon Dynasty,96,normal,uncommon,1,66579,991370bd-a96a-4ed0-bdf9-f03b98191abf,0.07,false,false,near_mint,en,EUR,2026-07-02T09:16:51.319Z
Bronze Cudgels,NEO,Kamigawa: Neon Dynasty,240,normal,uncommon,1,66686,45fa226c-cc31-4c22-a167-40985706557b,0.05,false,false,near_mint,en,EUR,2026-07-02T09:16:51.318Z
Akki Ronin,NEO,Kamigawa: Neon Dynasty,131,normal,common,1,66759,96f15754-1ca6-45b0-a7de-2fe507df2a1a,0.02,false,false,near_mint,en,EUR,2026-07-02T09:16:51.317Z
Papercraft Decoy,NEO,Kamigawa: Neon Dynasty,253,normal,common,1,66863,3453084c-42cc-4241-b244-c79e704f96c8,0.08,false,false,near_mint,en,EUR,2026-07-02T09:16:51.316Z
Towashi Songshaper,NEO,Kamigawa: Neon Dynasty,167,normal,common,1,66928,f7ff9be1-765f-4001-a0ac-39c8099924eb,0.03,false,false,near_mint,en,EUR,2026-07-02T09:16:51.315Z
Chainflail Centipede,NEO,Kamigawa: Neon Dynasty,90,normal,common,1,66857,24b8efe0-2f7b-4ada-a1b9-9c5f9e6a114d,0.04,false,false,near_mint,en,EUR,2026-07-02T09:16:51.314Z
Dokuchi Silencer,NEO,Kamigawa: Neon Dynasty,340,normal,uncommon,1,66843,f5103a49-806f-48de-ba44-e252bb6dd035,0.09,false,false,near_mint,en,EUR,2026-07-02T09:16:51.313Z
Wind-Scarred Crag,NEO,Kamigawa: Neon Dynasty,282,foil,common,1,66912,cf9b1d47-11ef-4f06-94b2-94b6727de3bd,0.22,false,false,near_mint,en,EUR,2026-07-02T09:16:51.312Z
Spirit,TNEO,Kamigawa: Neon Dynasty Tokens,11,normal,common,1,67105,0f48aaab-dd6e-4bcc-a8fb-d31dd4a098ba,,false,false,near_mint,en,EUR,2026-07-02T09:16:51.311Z
Fang of Shigeki,NEO,Kamigawa: Neon Dynasty,183,foil,common,1,66512,2dd0fef1-209f-4de5-a736-8f9bca2faa0a,0.35,false,false,near_mint,en,EUR,2026-07-02T09:16:51.310Z
Explosive Singularity,NEO,Kamigawa: Neon Dynasty,140,normal,mythic,1,66829,e6cdd822-44a1-4d58-9de4-69fc56eae255,0.43,false,false,near_mint,en,EUR,2026-07-02T09:16:51.309Z
The Fall of Lord Konda // Fragment of Konda,NEO,Kamigawa: Neon Dynasty,12,normal,uncommon,1,66532,4d784409-df6d-45d4-8f8b-6e3fd57a8fde,0.1,false,false,near_mint,en,EUR,2026-07-02T09:16:51.308Z
Orochi Merge-Keeper,NEO,Kamigawa: Neon Dynasty,203,normal,uncommon,1,66729,736c3278-6ee2-47f9-aab0-1457e90137b1,0.14,false,false,near_mint,en,EUR,2026-07-02T09:16:51.307Z
Reito Sentinel,NEO,Kamigawa: Neon Dynasty,256,normal,uncommon,1,66629,0218923a-b685-4492-8fdd-2d2d22ef532e,0.09,false,false,near_mint,en,EUR,2026-07-02T09:16:51.306Z
Secluded Courtyard,NEO,Kamigawa: Neon Dynasty,275,normal,uncommon,1,66321,0539b1a5-8704-476f-ba1f-2fe01190e157,0.38,false,false,near_mint,en,EUR,2026-07-02T09:16:51.305Z
Reckoner Shakedown,NEO,Kamigawa: Neon Dynasty,119,normal,common,1,66911,cf57666f-366b-43bf-95c7-39c1f7f061e2,0.04,false,false,near_mint,en,EUR,2026-07-02T09:16:51.304Z
Reckoner's Bargain,NEO,Kamigawa: Neon Dynasty,120,normal,common,1,66883,6338942d-d650-4571-8ec6-4d658792c53e,1.75,false,false,near_mint,en,EUR,2026-07-02T09:16:51.303Z
Return to Action,NEO,Kamigawa: Neon Dynasty,121,normal,common,1,66862,342ec072-e581-490c-b5ae-a625bd35a153,0.2,false,false,near_mint,en,EUR,2026-07-02T09:16:51.302Z
Moon-Circuit Hacker,NEO,Kamigawa: Neon Dynasty,334,normal,common,1,66552,75c43923-7280-4ccb-810b-e8c38dd8a26f,0.33,false,false,near_mint,en,EUR,2026-07-02T09:16:51.301Z
Rugged Highlands,NEO,Kamigawa: Neon Dynasty,273,normal,common,1,66877,58d511be-60e0-4755-abec-18eebb530605,0.09,false,false,near_mint,en,EUR,2026-07-02T09:16:51.299Z
Doubling Cube,10E,Tenth Edition,321,normal,rare,1,25716,3d946df5-f206-4241-bb55-97db67dc793c,11.26,false,false,near_mint,en,EUR,2026-07-02T09:19:11.619Z
Patchwork Automaton,NEO,Kamigawa: Neon Dynasty,254,foil,uncommon,1,66734,7a4e1580-dd26-4f4b-ac98-3e6fa7b879d5,0.86,false,false,near_mint,en,EUR,2026-07-02T09:19:11.618Z
"Eiganjo, Seat of the Empire",NEO,Kamigawa: Neon Dynasty,268,normal,rare,1,66798,c375a022-5b57-496d-a802-e4ea8376e9e4,6.52,false,false,near_mint,en,EUR,2026-07-02T09:19:11.617Z
Kumano Faces Kakkazan // Etching of Kumano,NEO,Kamigawa: Neon Dynasty,152,normal,uncommon,2,66663,28d92cad-45b0-479d-97fc-c175f3a3f259,0.26,false,false,near_mint,en,EUR,2026-07-02T09:19:11.616Z
Awakened Awareness,NEO,Kamigawa: Neon Dynasty,47,normal,uncommon,1,66537,51378e10-2f17-445b-97e9-5c373234ba52,0.04,false,false,near_mint,en,EUR,2026-07-02T09:19:11.615Z
Storyweave,NEO,Kamigawa: Neon Dynasty,209,normal,uncommon,1,66536,50a77eed-aa03-43b7-b3c8-6aee4c96c648,0.12,false,false,near_mint,en,EUR,2026-07-02T09:19:11.614Z
Historian's Wisdom,NEO,Kamigawa: Neon Dynasty,192,normal,uncommon,1,66574,941f91bb-f5a3-4cca-85b5-b610502460bb,0.03,false,false,near_mint,en,EUR,2026-07-02T09:19:11.613Z
Sunblade Samurai,NEO,Kamigawa: Neon Dynasty,39,normal,common,1,66617,e6c577bb-5e21-4a3e-b0a7-713a4ff7dce6,0.07,false,false,near_mint,en,EUR,2026-07-02T09:19:11.612Z
Imperial Oath,NEO,Kamigawa: Neon Dynasty,17,normal,common,1,66681,3d6750dd-2303-493b-885d-1bfb5787b16c,0.07,false,false,near_mint,en,EUR,2026-07-02T09:19:11.611Z
Experimental Synthesizer,NEO,Kamigawa: Neon Dynasty,138,normal,common,1,66909,c47931c9-685d-4b83-8299-bc347224b4e8,0.75,false,false,near_mint,en,EUR,2026-07-02T09:19:11.610Z
Voltage Surge,NEO,Kamigawa: Neon Dynasty,171,normal,common,1,66879,5a9b7141-45b9-4629-a4e4-b50f93929717,0.21,false,false,near_mint,en,EUR,2026-07-02T09:19:11.609Z
Seven-Tail Mentor,NEO,Kamigawa: Neon Dynasty,313,normal,common,1,66509,267efff1-cbe6-40b0-959e-72b81cbda1d0,0.06,false,false,near_mint,en,EUR,2026-07-02T09:19:11.608Z
Wind-Scarred Crag,NEO,Kamigawa: Neon Dynasty,282,normal,common,1,66912,cf9b1d47-11ef-4f06-94b2-94b6727de3bd,0.12,false,false,near_mint,en,EUR,2026-07-02T09:19:11.607Z
Kindled Fury,NEO,Kamigawa: Neon Dynasty,151,foil,common,1,66876,58c8bdce-73a3-4266-b3d6-61dbf4534ea3,0.1,false,false,near_mint,en,EUR,2026-07-02T09:21:22.038Z
"Isshin, Two Heavens as One",NEO,Kamigawa: Neon Dynasty,224,normal,rare,1,66767,a062a004-984e-4b62-960c-af7288f7a3e9,2.9,false,false,near_mint,en,EUR,2026-07-02T09:21:22.037Z
Blossom Prancer,NEO,Kamigawa: Neon Dynasty,175,normal,uncommon,1,66808,d26abdf2-efd7-40e5-bfc6-d75fcadd26f8,0.03,false,false,near_mint,en,EUR,2026-07-02T09:21:22.035Z
Roaring Earth,NEO,Kamigawa: Neon Dynasty,204,normal,uncommon,1,66749,8cbdd88e-c532-4fc0-a1fe-8aa0c26d1092,0.19,false,false,near_mint,en,EUR,2026-07-02T09:21:22.034Z
Eiganjo Exemplar,NEO,Kamigawa: Neon Dynasty,10,normal,common,1,66680,3b0a9cc0-bb6d-47f7-b0d5-3956c46a1b3a,0.09,false,false,near_mint,en,EUR,2026-07-02T09:21:22.033Z
Imperial Subduer,NEO,Kamigawa: Neon Dynasty,19,normal,common,1,66327,13246172-7554-4edc-b6db-23dc91e4290a,0.03,false,false,near_mint,en,EUR,2026-07-02T09:21:22.032Z
Ancestral Katana,NEO,Kamigawa: Neon Dynasty,1,normal,common,1,66463,d9b1ed43-ee6c-43a2-ba94-5bf71c63e070,0.08,false,false,near_mint,en,EUR,2026-07-02T09:21:22.031Z
Gift of Wrath,NEO,Kamigawa: Neon Dynasty,143,normal,common,1,66868,3c33f6d9-be29-4698-96f9-d393a2c8ad68,0.03,false,false,near_mint,en,EUR,2026-07-02T09:21:22.030Z
Selfless Samurai,NEO,Kamigawa: Neon Dynasty,312,normal,uncommon,1,66564,82f1ade5-06ff-41ab-9a68-bf901959b01f,0.17,false,false,near_mint,en,EUR,2026-07-02T09:21:22.028Z
Island,NEO,Kamigawa: Neon Dynasty,285,foil,common,1,66503,0f66d573-5da4-4b3c-ab06-bb330cff2c9a,0.13,false,false,near_mint,en,EUR,2026-07-02T09:21:22.027Z
Reinforced Ronin,NEO,Kamigawa: Neon Dynasty,158,foil,uncommon,1,66747,89a18961-8f0b-4e98-9de4-aba97e91ad9a,0.39,false,false,near_mint,en,EUR,2026-07-02T09:24:26.886Z
Kaito Shizuki,NEO,Kamigawa: Neon Dynasty,226,normal,mythic,1,66341,2d35a710-3008-4e27-8afd-6e83329f9917,1.74,false,false,near_mint,en,EUR,2026-07-02T09:24:26.885Z
Jukai Naturalist,NEO,Kamigawa: Neon Dynasty,225,normal,uncommon,1,66369,5366900b-2abf-4e5c-8507-f51aca9c7ce8,0.54,false,false,near_mint,en,EUR,2026-07-02T09:24:26.884Z
Suit Up,NEO,Kamigawa: Neon Dynasty,81,normal,common,1,66696,50870bfd-7779-4a1c-b18f-57fac7e193b1,0.08,false,false,near_mint,en,EUR,2026-07-02T09:24:26.883Z
Sky-Blessed Samurai,NEO,Kamigawa: Neon Dynasty,37,normal,uncommon,1,66604,c9c7ba6f-c58e-4347-92e4-51ae8f2d5a88,0.07,false,false,near_mint,en,EUR,2026-07-02T09:24:26.881Z
Dragonfly Suit,NEO,Kamigawa: Neon Dynasty,9,normal,common,1,66691,4900862f-90f4-450b-a775-219da4ce67ef,0.04,false,false,near_mint,en,EUR,2026-07-02T09:24:26.880Z
Seven-Tail Mentor,NEO,Kamigawa: Neon Dynasty,36,normal,common,1,66582,9d77d1e6-c804-46f7-ba00-6df6bca2ae08,0.04,false,false,near_mint,en,EUR,2026-07-02T09:24:26.879Z
Favor of Jukai,NEO,Kamigawa: Neon Dynasty,184,normal,common,1,66851,1013266a-81f4-4441-8dcf-2764d14afceb,0.02,false,false,near_mint,en,EUR,2026-07-02T09:24:26.878Z
"Norika Yamazaki, the Poet",NEO,Kamigawa: Neon Dynasty,311,normal,uncommon,1,66518,344df5c2-a963-42e3-b61b-1712f15e1eb9,0.12,false,false,near_mint,en,EUR,2026-07-02T09:24:26.876Z
Blossoming Sands,NEO,Kamigawa: Neon Dynasty,265,foil,common,1,66914,d290ec6b-15a6-49e8-abd2-b8c4d0f556eb,0.16,false,false,near_mint,en,EUR,2026-07-02T09:24:26.875Z
That Which Was Taken,PLST,The List,BOK-162,normal,rare,1,66824,e28b16d8-3d73-4970-a428-56ba627f77ab,1.32,false,false,near_mint,en,EUR,2026-07-02T09:27:56.729Z
Searchlight Companion,NEO,Kamigawa: Neon Dynasty,258,foil,common,1,66850,0b79b30e-e7aa-490e-b130-de7533e6e13b,0.06,false,false,near_mint,en,EUR,2026-07-02T09:27:56.728Z
Jugan Defends the Temple // Remnant of the Rising Star,NEO,Kamigawa: Neon Dynasty,194,normal,mythic,2,66769,a22b5f27-f9e7-49e1-8e96-dc5d8e7fbe27,1.52,false,false,near_mint,en,EUR,2026-07-02T09:27:56.727Z
Go-Shintai of Lost Wisdom,NEO,Kamigawa: Neon Dynasty,55,normal,uncommon,1,66739,7ec1192c-25b8-4975-ae6c-86be28ac1840,0.14,false,false,near_mint,en,EUR,2026-07-02T09:27:56.725Z
Go-Shintai of Shared Purpose,NEO,Kamigawa: Neon Dynasty,14,normal,uncommon,1,66323,0ab91962-ebad-46f6-9f90-7477c224d93d,0.17,false,false,near_mint,en,EUR,2026-07-02T09:27:56.724Z
Kitsune Ace,NEO,Kamigawa: Neon Dynasty,22,normal,common,1,66838,ef1d446a-8607-45b8-a01f-dad17bab76e7,0.02,false,false,near_mint,en,EUR,2026-07-02T09:27:56.723Z
Master's Rebuke,NEO,Kamigawa: Neon Dynasty,202,normal,common,1,66891,7d42ca7c-5b36-45a9-b235-4f90e66f4377,0.08,false,false,near_mint,en,EUR,2026-07-02T09:27:56.722Z
Jukai Preserver,NEO,Kamigawa: Neon Dynasty,195,normal,common,1,66924,e66120a5-95a3-4d15-873c-cfba221a2299,0.08,false,false,near_mint,en,EUR,2026-07-02T09:27:56.721Z
Jukai Trainee,NEO,Kamigawa: Neon Dynasty,196,normal,common,1,66897,8be526cd-1480-4661-a05b-e004d7b4656c,0.04,false,false,near_mint,en,EUR,2026-07-02T09:27:56.720Z
Akki Ronin,NEO,Kamigawa: Neon Dynasty,319,normal,common,2,66847,fa16ee8e-d33a-40e9-9956-e345f0511819,0.08,false,false,near_mint,en,EUR,2026-07-02T09:27:56.719Z
Plains,NEO,Kamigawa: Neon Dynasty,294,normal,common,1,66488,7a76d8ee-28fc-49ac-951c-a4d29822f91e,1.39,false,false,near_mint,en,EUR,2026-07-02T09:27:56.717Z
March of Wretched Sorrow,NEO,Kamigawa: Neon Dynasty,111,foil,rare,1,66497,050a604e-6146-4e2e-88a5-863ecb3dfa1f,0.48,false,false,near_mint,en,EUR,2026-07-02T10:02:13.000Z
Reckoner Bankbuster,NEO,Kamigawa: Neon Dynasty,255,normal,rare,1,66510,279acd17-6c17-427b-a69d-fc02442ff4a3,0.91,false,false,near_mint,en,EUR,2026-07-02T10:02:12.999Z
"Heiko Yamazaki, the General",NEO,Kamigawa: Neon Dynasty,146,normal,uncommon,1,66584,9ea5e61c-d903-410b-9acf-96a917ce05cc,0.12,false,false,near_mint,en,EUR,2026-07-02T10:02:12.997Z
"Norika Yamazaki, the Poet",NEO,Kamigawa: Neon Dynasty,31,normal,uncommon,1,66500,09cb553c-58c1-4cfd-b441-297b5f09b263,0.1,false,false,near_mint,en,EUR,2026-07-02T10:02:12.996Z
Moonfolk Puzzlemaker,NEO,Kamigawa: Neon Dynasty,68,normal,common,1,66802,c9fa6d4c-78dc-4b40-9ce8-a0e593d4001f,0.04,false,false,near_mint,en,EUR,2026-07-02T10:02:12.995Z
Guardians of Oboro,NEO,Kamigawa: Neon Dynasty,56,normal,common,1,66618,e9c44d4e-742f-4e4f-9bf4-921075bc427c,0.04,false,false,near_mint,en,EUR,2026-07-02T10:02:12.994Z
Futurist Sentinel,NEO,Kamigawa: Neon Dynasty,54,normal,common,1,66746,8672f626-3e46-447b-841f-6a04cd380653,0.09,false,false,near_mint,en,EUR,2026-07-02T10:02:12.993Z
Fang of Shigeki,NEO,Kamigawa: Neon Dynasty,183,normal,common,1,66512,2dd0fef1-209f-4de5-a736-8f9bca2faa0a,0.1,false,false,near_mint,en,EUR,2026-07-02T10:02:12.992Z
Blade-Blizzard Kitsune,NEO,Kamigawa: Neon Dynasty,331,normal,uncommon,1,66704,53d244d4-c2c4-4032-b249-794556d79429,0.07,false,false,near_mint,en,EUR,2026-07-02T10:02:12.990Z
Kami of Restless Shadows,NEO,Kamigawa: Neon Dynasty,104,foil,common,1,66881,62d3be4a-ab4f-46ef-837c-0f7559a701fe,0.17,false,false,near_mint,en,EUR,2026-07-02T10:06:56.735Z
Mukotai Soulripper,NEO,Kamigawa: Neon Dynasty,113,normal,rare,1,66644,166775be-c3b7-4a17-9376-aa4229b147f9,0.08,false,false,near_mint,en,EUR,2026-07-02T10:06:56.734Z
When We Were Young,NEO,Kamigawa: Neon Dynasty,43,normal,uncommon,1,66725,6db14cb8-9ff8-41ee-a733-4f1130e73b29,0.05,false,false,near_mint,en,EUR,2026-07-02T10:06:56.732Z
Anchor to Reality,NEO,Kamigawa: Neon Dynasty,45,normal,uncommon,1,66541,58141ad0-32ea-4e07-a133-ff7812d58c0e,0.11,false,false,near_mint,en,EUR,2026-07-02T10:06:56.731Z
Shrine Steward,NEO,Kamigawa: Neon Dynasty,259,normal,common,1,66889,75e8d71c-3a0b-4042-a0f7-e99e92a79dc2,0.1,false,false,near_mint,en,EUR,2026-07-02T10:06:56.730Z
Debt to the Kami,NEO,Kamigawa: Neon Dynasty,92,normal,common,1,66908,c1a7e728-ba01-4e3d-b269-9e2dd85a1d1b,0.12,false,false,near_mint,en,EUR,2026-07-02T10:06:56.729Z
Kami of Restless Shadows,NEO,Kamigawa: Neon Dynasty,104,normal,common,1,66881,62d3be4a-ab4f-46ef-837c-0f7559a701fe,0.11,false,false,near_mint,en,EUR,2026-07-02T10:06:56.728Z
Virus Beetle,NEO,Kamigawa: Neon Dynasty,128,normal,common,1,66871,488ee202-0d28-4cc0-8a7d-644d9878e952,0.13,false,false,near_mint,en,EUR,2026-07-02T10:06:56.727Z
Plains,NEO,Kamigawa: Neon Dynasty,293,normal,common,1,66493,ca8fb179-7e81-4b20-8b81-ea1aa97afe58,2.7,false,false,near_mint,en,EUR,2026-07-02T10:06:56.724Z
Gloomshrieker,NEO,Kamigawa: Neon Dynasty,219,foil,uncommon,1,66424,a2b50751-7f65-4321-86da-eef735bf8b67,0.31,false,false,near_mint,en,EUR,2026-07-02T10:06:56.722Z
March of Otherworldly Light,NEO,Kamigawa: Neon Dynasty,28,normal,rare,1,66707,553fb946-2706-475b-89f9-e4355ec9ea2b,0.93,false,false,near_mint,en,EUR,2026-07-02T10:06:56.721Z
"Kotori, Pilot Prodigy",NEC,Neon Dynasty Commander,2,normal,mythic,1,66484,fea6c1c8-eff9-4b66-b96d-e23016f0bb62,0.27,false,false,near_mint,en,EUR,2026-07-02T10:06:56.720Z
Containment Construct,NEO,Kamigawa: Neon Dynasty,243,normal,uncommon,1,66701,520e5505-429b-4da0-b25e-14b8d4e81ce3,0.54,false,false,near_mint,en,EUR,2026-07-02T10:06:56.718Z
Thirst for Knowledge,NEO,Kamigawa: Neon Dynasty,85,normal,uncommon,1,66723,6b927837-8252-4ea7-b2d0-ab624de65bd7,0.08,false,false,near_mint,en,EUR,2026-07-02T10:06:56.717Z
Spirited Companion,NEO,Kamigawa: Neon Dynasty,38,normal,common,1,66375,5aa91a9e-2fe2-43bc-aa9c-cfb8a71829ff,0.23,false,false,near_mint,en,EUR,2026-07-02T10:06:56.716Z
Golden-Tail Disciple,NEO,Kamigawa: Neon Dynasty,15,normal,common,1,66811,d631e7da-bd71-424a-a349-9bce0fd16b1f,0.04,false,false,near_mint,en,EUR,2026-07-02T10:06:56.715Z
Regent's Authority,NEO,Kamigawa: Neon Dynasty,32,normal,common,1,66732,79243e97-fe45-4988-b299-f59a7c53ad31,0.11,false,false,near_mint,en,EUR,2026-07-02T10:06:56.714Z
Scoured Barrens,NEO,Kamigawa: Neon Dynasty,274,normal,common,1,66848,00538414-90f3-41da-b67e-d81cfa643de3,0.12,false,false,near_mint,en,EUR,2026-07-02T10:06:56.711Z
Human Monk,TNEO,Kamigawa: Neon Dynasty Tokens,10,normal,common,1,67116,86dd086e-c757-4a6a-8838-51860f2095f8,0.18,false,false,near_mint,en,EUR,2026-07-02T10:08:38.782Z
Tales of Master Seshiro // Seshiro's Living Legacy,NEO,Kamigawa: Neon Dynasty,210,foil,common,1,66697,512bc867-3a86-4da2-93f0-dd76d6a6f30d,0.11,false,false,near_mint,en,EUR,2026-07-02T10:08:38.781Z
Eiganjo Uprising,NEO,Kamigawa: Neon Dynasty,217,normal,rare,1,66519,35203138-5237-49aa-a335-7a32829548a1,0.1,false,false,near_mint,en,EUR,2026-07-02T10:08:38.780Z
Towashi Guide-Bot,NEO,Kamigawa: Neon Dynasty,262,normal,uncommon,1,66818,da4ccf70-b661-46ea-bea9-4466a3a35562,0.19,false,false,near_mint,en,EUR,2026-07-02T10:08:38.777Z
Webspinner Cuff,NEO,Kamigawa: Neon Dynasty,214,normal,uncommon,1,66830,e73cc6a7-0a18-488c-b52a-787da95a2e6b,0.09,false,false,near_mint,en,EUR,2026-07-02T10:08:38.776Z
Short Circuit,NEO,Kamigawa: Neon Dynasty,78,normal,common,1,66730,74fe0fb5-e994-41b1-a73d-4e68f7afdf34,0.07,false,false,near_mint,en,EUR,2026-07-02T10:08:38.775Z
Lethal Exploit,NEO,Kamigawa: Neon Dynasty,107,normal,common,1,66409,8d8edf8f-c2bd-4fd1-8abf-d3162e068b17,0.04,false,false,near_mint,en,EUR,2026-07-02T10:08:38.774Z
Disruption Protocol,NEO,Kamigawa: Neon Dynasty,51,normal,common,1,66631,053ab598-06a4-43ae-b9fd-c291bd05642c,0.1,false,false,near_mint,en,EUR,2026-07-02T10:08:38.773Z
Futurist Operative,NEO,Kamigawa: Neon Dynasty,333,normal,uncommon,1,66359,47bad5c1-5804-4fba-91d9-3a49951f6e06,0.05,false,false,near_mint,en,EUR,2026-07-02T10:08:38.771Z
Blossoming Sands,NEO,Kamigawa: Neon Dynasty,265,normal,common,2,66914,d290ec6b-15a6-49e8-abd2-b8c4d0f556eb,0.08,false,false,near_mint,en,EUR,2026-07-02T10:08:38.770Z
Sunblade Samurai,NEO,Kamigawa: Neon Dynasty,315,foil,common,1,66588,a32e2ad3-c5fb-4072-aabf-6cb9538db3ca,0.3,false,false,near_mint,en,EUR,2026-07-02T10:11:01.180Z
"Otawara, Soaring City",NEO,Kamigawa: Neon Dynasty,271,normal,rare,1,66528,486d7edc-d983-41f0-8b78-c99aecd72996,21.81,false,false,near_mint,en,EUR,2026-07-02T10:11:01.179Z
"Naomi, Pillar of Order",NEO,Kamigawa: Neon Dynasty,229,normal,uncommon,1,66357,4400fd66-1a24-47fb-bc94-37e0aae0e610,0.05,false,false,near_mint,en,EUR,2026-07-02T10:11:01.177Z
Banishing Slash,NEO,Kamigawa: Neon Dynasty,3,normal,uncommon,1,66467,e4b8946b-6604-49ca-98db-18a540b1b4e5,0.11,false,false,near_mint,en,EUR,2026-07-02T10:11:01.176Z
Twisted Embrace,NEO,Kamigawa: Neon Dynasty,125,normal,common,1,66922,e4c7919a-de62-46df-a937-593647473ef5,0.09,false,false,near_mint,en,EUR,2026-07-02T10:11:01.175Z
Thundersteel Colossus,NEO,Kamigawa: Neon Dynasty,261,normal,common,1,66904,b7d49f9c-2dd3-4aed-9b78-e1bcad354a35,0.06,false,false,near_mint,en,EUR,2026-07-02T10:11:01.174Z
Prosperous Thief,NEO,Kamigawa: Neon Dynasty,336,normal,uncommon,1,66591,b1e666d9-d2ba-49a6-a2c7-cd2639bf4663,0.23,false,false,near_mint,en,EUR,2026-07-02T10:11:01.172Z
Brute Suit,NEO,Kamigawa: Neon Dynasty,241,normal,common,1,66866,363cb43a-e358-4380-a42f-9b095ca522c6,0.05,false,false,near_mint,en,EUR,2026-07-02T10:11:01.171Z
Howling Mine,PLST,The List,M10-212,normal,rare,1,64977,d8de4687-0e36-4d9e-a280-90b561977fd6,2.99,false,false,near_mint,en,EUR,2026-07-02T10:14:30.414Z
Born to Drive,NEO,Kamigawa: Neon Dynasty,6,foil,uncommon,1,66627,ffdfad1f-d316-4023-9c79-8c24f1cd31d0,0.24,false,false,near_mint,en,EUR,2026-07-02T10:14:30.413Z
Biting-Palm Ninja,NEO,Kamigawa: Neon Dynasty,88,normal,rare,1,66344,3017df51-67ae-4c3d-8210-086f83bc2040,0.25,false,false,near_mint,en,EUR,2026-07-02T10:14:30.412Z
Discover the Impossible,NEO,Kamigawa: Neon Dynasty,50,normal,uncommon,1,66568,8c201117-9850-4e92-9ecc-e4d71a70a959,0.1,false,false,near_mint,en,EUR,2026-07-02T10:14:30.410Z
Colossal Skyturtle,NEO,Kamigawa: Neon Dynasty,216,normal,uncommon,1,66842,f40bd797-4d12-4098-a1a8-d7e5b7b82ac9,0.41,false,false,near_mint,en,EUR,2026-07-02T10:14:30.409Z
Okiba Salvage,NEO,Kamigawa: Neon Dynasty,118,normal,uncommon,1,66817,d9e4485d-c208-46b4-9b5d-48e55e2ee182,0.04,false,false,near_mint,en,EUR,2026-07-02T10:14:30.408Z
Clawing Torment,NEO,Kamigawa: Neon Dynasty,91,normal,common,1,66880,621fce96-5933-4e2b-98ec-2589940e24cb,0.13,false,false,near_mint,en,EUR,2026-07-02T10:14:30.407Z
Nezumi Bladeblesser,NEO,Kamigawa: Neon Dynasty,115,normal,common,1,66580,9a03d3f5-b32b-4814-b485-25f24e51609c,0.06,false,false,near_mint,en,EUR,2026-07-02T10:14:30.406Z
Kami of Terrible Secrets,NEO,Kamigawa: Neon Dynasty,105,normal,common,1,66878,58f15af6-eaf5-41b8-b93d-5a90ca219478,0.02,false,false,near_mint,en,EUR,2026-07-02T10:14:30.405Z
Moonsnare Prototype,NEO,Kamigawa: Neon Dynasty,69,normal,common,1,66423,9d8bc0e9-a536-4bca-92a6-8dca85e1e984,0.14,false,false,near_mint,en,EUR,2026-07-02T10:14:30.404Z
Swiftwater Cliffs,NEO,Kamigawa: Neon Dynasty,277,normal,common,1,66926,ea6c2670-e6fd-40d6-afe0-7d3c4db96a4d,0.12,false,false,near_mint,en,EUR,2026-07-02T10:14:30.402Z
Construct,TNEO,Kamigawa: Neon Dynasty Tokens,6,normal,common,1,67124,cbafdfc0-380a-482b-b5f8-a7a00ecf8da6,0.12,false,false,near_mint,en,EUR,2026-07-02T10:14:30.401Z
Tamiyo's Compleation,NEO,Kamigawa: Neon Dynasty,83,foil,common,1,66436,aee62e43-6a82-4749-972b-e21802642abf,0.15,false,false,near_mint,en,EUR,2026-07-02T10:14:30.400Z
Invoke the Ancients,NEO,Kamigawa: Neon Dynasty,193,normal,rare,1,66786,b5c02102-3be7-462f-ab9c-ff404255002d,0.13,false,false,near_mint,en,EUR,2026-07-02T10:14:30.399Z
Runaway Trash-Bot,NEO,Kamigawa: Neon Dynasty,257,normal,uncommon,1,66355,3eebf6a6-f1fd-40a1-ac27-367deafa6f2a,0.05,false,false,near_mint,en,EUR,2026-07-02T10:14:30.397Z
Assassin's Ink,NEO,Kamigawa: Neon Dynasty,87,normal,uncommon,1,66374,5a926c10-029d-4e24-8c3f-1808025e30aa,0.05,false,false,near_mint,en,EUR,2026-07-02T10:14:30.396Z
Network Terminal,NEO,Kamigawa: Neon Dynasty,251,normal,common,1,66917,d61e596f-97ef-4eb3-af42-ddfe50d07667,0.12,false,false,near_mint,en,EUR,2026-07-02T10:14:30.395Z
Automated Artificer,NEO,Kamigawa: Neon Dynasty,239,normal,common,1,66905,b8c30ffb-b4f5-40b0-87b8-800a42bded2b,0.13,false,false,near_mint,en,EUR,2026-07-02T10:14:30.394Z
Ironhoof Boar,NEO,Kamigawa: Neon Dynasty,148,normal,common,1,66887,73abe574-6fb8-4809-9c18-0cf989f986f5,0.08,false,false,near_mint,en,EUR,2026-07-02T10:14:30.393Z
Sky-Blessed Samurai,NEO,Kamigawa: Neon Dynasty,314,normal,uncommon,1,66573,91d6a843-a1b7-4862-a2bf-8f8f66788126,0.08,false,false,near_mint,en,EUR,2026-07-02T10:14:30.392Z
Heir of the Ancient Fang,NEO,Kamigawa: Neon Dynasty,325,normal,common,1,66538,54509524-92b9-41a3-8aba-a8955a7dfa1a,0.02,false,false,near_mint,en,EUR,2026-07-02T10:14:30.391Z
Akki Ronin,NEO,Kamigawa: Neon Dynasty,131,foil,common,1,66759,96f15754-1ca6-45b0-a7de-2fe507df2a1a,0.24,false,false,near_mint,en,EUR,2026-07-02T10:16:37.835Z
Invoke Despair,NEO,Kamigawa: Neon Dynasty,101,normal,rare,1,66349,35af9d5c-4449-4549-b549-c3ba4a67dee0,0.37,false,false,near_mint,en,EUR,2026-07-02T10:16:37.834Z
Seismic Wave,NEO,Kamigawa: Neon Dynasty,161,normal,uncommon,1,66827,e55b8ffb-c2e4-4676-9051-ff6c686cad0b,0.05,false,false,near_mint,en,EUR,2026-07-02T10:16:37.832Z
Essence Capture,NEO,Kamigawa: Neon Dynasty,52,normal,uncommon,1,66624,f39bf1fa-b530-4353-a683-843466227109,0.14,false,false,near_mint,en,EUR,2026-07-02T10:16:37.831Z
Peerless Samurai,NEO,Kamigawa: Neon Dynasty,156,normal,common,1,66616,e5b2176d-8925-4474-9d3e-1c97192715fb,0.07,false,false,near_mint,en,EUR,2026-07-02T10:16:37.830Z
Unstoppable Ogre,NEO,Kamigawa: Neon Dynasty,169,normal,common,1,66385,719f20d9-2baa-49b3-8c6a-89f21a07d538,0.02,false,false,near_mint,en,EUR,2026-07-02T10:16:37.829Z
You Are Already Dead,NEO,Kamigawa: Neon Dynasty,129,normal,common,1,66554,768727ce-4f84-4527-8d69-3c9b7877b748,0.14,false,false,near_mint,en,EUR,2026-07-02T10:16:37.828Z
Ecologist's Terrarium,NEO,Kamigawa: Neon Dynasty,246,normal,common,1,66855,1d981026-b2df-4d8d-a9b4-296b011d9925,0.02,false,false,near_mint,en,EUR,2026-07-02T10:16:37.827Z
Nezumi Bladeblesser,NEO,Kamigawa: Neon Dynasty,318,normal,common,1,66517,317bdf0d-df7d-4ca2-8131-060ba7cf2602,0.07,false,false,near_mint,en,EUR,2026-07-02T10:16:37.825Z
Scoured Barrens,NEO,Kamigawa: Neon Dynasty,274,foil,common,1,66848,00538414-90f3-41da-b67e-d81cfa643de3,0.25,false,false,near_mint,en,EUR,2026-07-02T10:16:37.824Z
Knight of the Keep,LTR,The Lord of the Rings: Tales of Middle-earth,291,normal,common,2,83003,3af21576-3793-4796-ab60-112fbbb5fc0d,0.14,false,false,near_mint,en,EUR,2026-07-08T13:32:07.924Z
"Zimone, Paradox Sculptor",FDN,Foundations,483,normal,mythic,1,100132,09b82d3f-eaba-499a-9783-e90f5a2b623b,3.53,false,false,near_mint,en,EUR,2026-07-08T13:32:07.923Z
The Ozolith,SLD,Secret Lair Drop,1741,normal,rare,1,100019,e0aaee13-bfeb-47fd-93cb-2ccdd5d44e75,44.28,false,false,near_mint,en,EUR,2026-07-08T13:32:07.922Z
Heroic Intervention,MAR,Marvel Universe,79,normal,mythic,1,110063,a51d8579-a99c-417b-ba71-7f2204ebea2a,6.39,false,false,near_mint,en,EUR,2026-07-08T13:32:07.921Z
Treasure,TMSH,Marvel Super Heroes Tokens,22,normal,common,1,114093,f909bd95-58a1-4299-9570-87724145fc85,,false,false,near_mint,en,EUR,2026-07-08T17:57:37.927Z
Island,MSH,Marvel Super Heroes,289,normal,common,1,113191,5a74175b-2418-4226-8435-1490532e644f,0.1,false,false,near_mint,en,EUR,2026-07-08T17:57:37.926Z
"Crossbones, Malicious Mercenary",MSH,Marvel Super Heroes,91,foil,uncommon,1,113357,1576148a-2371-49ba-8eef-0bc2ec3dcaf3,0.26,false,false,near_mint,en,EUR,2026-07-08T17:57:37.925Z
"The Mighty Thor, Jane Foster",MSH,Marvel Super Heroes,222,normal,rare,1,113527,082cc8cc-bbea-4ca7-a0e8-da1f865d6626,0.02,false,false,near_mint,en,EUR,2026-07-08T17:57:37.924Z
"White Tiger, Ava Ayala",MSH,Marvel Super Heroes,196,normal,uncommon,1,113966,c1589e2e-32a8-48b8-93eb-a9af344e7084,0.08,false,false,near_mint,en,EUR,2026-07-08T17:57:37.923Z
Super Villain Lockup,MSH,Marvel Super Heroes,37,normal,uncommon,1,113568,1af5a1ca-3d11-45e3-ba12-c455c5a7fea1,0.07,false,false,near_mint,en,EUR,2026-07-08T17:57:37.922Z
"Abomination, Terrifying Titan",MSH,Marvel Super Heroes,198,normal,uncommon,1,113361,2c6ab9bb-dba2-4b5b-a4d9-54735f65ac21,0.06,false,false,near_mint,en,EUR,2026-07-08T17:57:37.921Z
Falcon's Wing Harness,MSH,Marvel Super Heroes,53,normal,uncommon,1,113402,20e93f86-9e20-4e08-9bf7-ae6ebebf6876,0.1,false,false,near_mint,en,EUR,2026-07-08T17:57:37.920Z
Red Room Recruit,MSH,Marvel Super Heroes,110,normal,common,1,114087,f52a5ba3-a618-4f52-9d33-ba85345eb627,0.04,false,false,near_mint,en,EUR,2026-07-08T17:57:37.919Z
Lightning Strike,MSH,Marvel Super Heroes,142,normal,common,1,113842,88b13bc0-da54-4c3b-917c-7c8345a329f5,0.09,false,false,near_mint,en,EUR,2026-07-08T17:57:37.918Z
Murdock's Crusade,MSH,Marvel Super Heroes,24,normal,common,1,113234,98df64ca-39c3-47e6-8143-4106c8e9cf59,0.02,false,false,near_mint,en,EUR,2026-07-08T17:57:37.917Z
A.I.M. Scientists,MSH,Marvel Super Heroes,44,normal,common,1,113422,ab96b656-100e-491a-a8c9-94dbb9482c4d,0.02,false,false,near_mint,en,EUR,2026-07-08T17:57:37.916Z
Call Damage Control,MSH,Marvel Super Heroes,162,normal,common,1,114035,de1ed886-c33b-4cfd-8442-944cec654a8b,0.08,false,false,near_mint,en,EUR,2026-07-08T17:57:37.915Z
Unliving Legionnaire,MSH,Marvel Super Heroes,119,normal,common,1,113998,ce08f4bb-7da3-4199-8b90-fcdb29e84e98,0.04,false,false,near_mint,en,EUR,2026-07-08T17:57:37.914Z
Dependable Quinjet,MSH,Marvel Super Heroes,246,normal,common,1,113961,c035c625-4de5-4c3b-9d07-aa1df8fc7b78,0.06,false,false,near_mint,en,EUR,2026-07-08T17:57:37.913Z
Villain,TMSH,Marvel Super Heroes Tokens,9,normal,common,1,114297,4a51b6a0-9a54-4f01-b959-0a28c15d103f,,false,false,near_mint,en,EUR,2026-07-08T18:02:36.806Z
A.I.M. Labs,MSH,Marvel Super Heroes,257,normal,common,1,113987,ca24cd9f-fd9f-4ea0-8b9c-ecf98db219a6,0.09,false,false,near_mint,en,EUR,2026-07-08T18:02:36.805Z
Training Compound,MSH,Marvel Super Heroes,275,foil,rare,1,113341,c91e28db-307f-462a-88aa-581d10e77f10,5.16,false,false,near_mint,en,EUR,2026-07-08T18:02:36.804Z
"Winter Soldier, Icy Assassin",MSH,Marvel Super Heroes,239,normal,rare,1,113390,ebf71ffc-6e3e-4ca0-a84a-3c1ebd2b64b1,0.16,false,false,near_mint,en,EUR,2026-07-08T18:02:36.803Z
Madame Masque,MSH,Marvel Super Heroes,104,normal,uncommon,1,114088,f54197b8-6279-43ee-9340-69bd22cf3775,0.09,false,false,near_mint,en,EUR,2026-07-08T18:02:36.802Z
"White Widow, Free Agent",MSH,Marvel Super Heroes,42,normal,uncommon,1,113368,57da765f-7d87-42ac-9eb0-a49c296fbbf8,0.09,false,false,near_mint,en,EUR,2026-07-08T18:02:36.801Z
"Rick Jones, Destined Sidekick",MSH,Marvel Super Heroes,184,normal,uncommon,1,113595,29bffd7c-73be-4185-976b-36a42a4512fe,0.06,false,false,near_mint,en,EUR,2026-07-08T18:02:36.800Z
"Bullseye, Death Dealer",MSH,Marvel Super Heroes,209,normal,uncommon,1,114104,fd1f0b5f-5e0e-4da1-ab54-a62db5af3591,0.02,false,false,near_mint,en,EUR,2026-07-08T18:02:36.799Z
Take Up the Shield,MSH,Marvel Super Heroes,39,normal,common,1,113700,5199d708-8b11-461d-9e91-3e8cd70906f7,0.06,false,false,near_mint,en,EUR,2026-07-08T18:02:36.798Z
Brave Brawler,MSH,Marvel Super Heroes,8,normal,common,1,113587,2242b5c3-42ef-4be0-a61f-65c93e56fcab,0.11,false,false,near_mint,en,EUR,2026-07-08T18:02:36.797Z
Futurist Forge,MSH,Marvel Super Heroes,55,normal,common,1,113901,a50feebf-c660-43f1-9fae-75294703b346,0.06,false,false,near_mint,en,EUR,2026-07-08T18:02:36.796Z
Restorative Technique,MSH,Marvel Super Heroes,183,normal,common,1,114028,dbe9102d-b92b-4c32-93f6-5b6dc0fa08e6,0.1,false,false,near_mint,en,EUR,2026-07-08T18:02:36.795Z
Project Deathlok Soldier,MSH,Marvel Super Heroes,109,normal,common,2,113724,5c21a120-4ec7-46ec-974a-2204edb92abb,0.06,false,false,near_mint,en,EUR,2026-07-08T18:02:36.794Z
K'un-Lun Warrior,MSH,Marvel Super Heroes,140,normal,common,1,114053,e6e8359d-12be-49be-8cbe-6a3b8506a9e6,0.05,false,false,near_mint,en,EUR,2026-07-08T18:02:36.793Z
Hero in Training,MSH,Marvel Super Heroes,16,normal,common,1,113541,105a937b-289c-47b5-96a4-654c697bbb7d,0.05,false,false,near_mint,en,EUR,2026-07-08T18:02:36.792Z
Hero,TMSH,Marvel Super Heroes Tokens,2,normal,common,1,114575,e4a64831-eec5-4fc9-8904-19523af3ca42,,false,false,near_mint,en,EUR,2026-07-08T18:02:36.791Z
Forest,MSH,Marvel Super Heroes,285,normal,common,1,113276,e5da22bf-bc8a-4810-b273-1e33a6b37323,0.16,false,false,near_mint,en,EUR,2026-07-08T18:02:36.790Z
"Black Widow, Double Agent",MSH,Marvel Super Heroes,208,foil,uncommon,1,113241,aa8dbbb9-36a5-48e0-9e30-aeed0fb5d522,0.2,false,false,near_mint,en,EUR,2026-07-08T18:02:36.789Z
"Ironheart, Clever Champion",MSH,Marvel Super Heroes,60,normal,rare,1,113631,395e477a-861f-4661-b329-6c1ad5343ed5,0.02,false,false,near_mint,en,EUR,2026-07-08T18:02:36.788Z
"Captain Mar-Vell, Space-Born",MSH,Marvel Super Heroes,12,normal,uncommon,1,113360,27924c2f-756c-42af-9830-18a5a2735137,0.02,false,false,near_mint,en,EUR,2026-07-08T18:02:36.787Z
"Killmonger, Scourge of Wakanda",MSH,Marvel Super Heroes,218,normal,uncommon,1,113184,5060aa13-4b33-4b3a-8bdb-dd81308fa3e3,0.08,false,false,near_mint,en,EUR,2026-07-08T18:02:36.786Z
Evil's Thrall,MSH,Marvel Super Heroes,128,normal,uncommon,1,113363,310e30cd-b8c3-40ea-9d61-57c5c5fc2a0b,0.07,false,false,near_mint,en,EUR,2026-07-08T18:02:36.785Z
"Wiccan, Rising Magician",MSH,Marvel Super Heroes,83,normal,uncommon,1,113728,5d27ddec-716d-47e5-ac48-365e91b88ff1,0.07,false,false,near_mint,en,EUR,2026-07-08T18:02:36.784Z
Wakandan Drone Flock,MSH,Marvel Super Heroes,40,normal,common,1,113683,4b12dc1f-2218-4c71-aafa-ea6a26eeb0aa,0.04,false,false,near_mint,en,EUR,2026-07-08T18:02:36.783Z
Hydraulic Helper,MSH,Marvel Super Heroes,57,normal,common,1,113523,06d8a2a0-775b-4813-973f-8b15612b38d1,0.06,false,false,near_mint,en,EUR,2026-07-08T18:02:36.782Z
Rapid Rescue,MSH,Marvel Super Heroes,181,normal,common,1,114015,d739e636-681e-4423-84e3-91efd02b2c94,0.04,false,false,near_mint,en,EUR,2026-07-08T18:02:36.781Z
Hour of Defeat,MSH,Marvel Super Heroes,99,normal,common,1,113887,9e0034dd-396e-46af-b931-0daa25da4406,0.05,false,false,near_mint,en,EUR,2026-07-08T18:02:36.780Z
Volcanic Villain,MSH,Marvel Super Heroes,159,normal,common,1,113692,4f48ba40-9934-40fd-a251-e15a68e772d2,0.06,false,false,near_mint,en,EUR,2026-07-08T18:02:36.778Z
Stolen Stark Tech,MSH,Marvel Super Heroes,114,normal,common,1,114027,db4557ad-4141-4dae-870e-a587506f4914,0.02,false,false,near_mint,en,EUR,2026-07-08T18:02:36.777Z
Avengers Hangar,MSH,Marvel Super Heroes,259,normal,common,1,113977,c5d03ebb-1ce9-4a6b-b13e-a72f0b075ae8,0.1,false,false,near_mint,en,EUR,2026-07-08T18:05:01.955Z
S.H.I.E.L.D. Deployment Drone,MSH,Marvel Super Heroes,73,foil,common,1,113970,c3d0f02f-dfaf-47b6-8053-514417f4dfe2,0.11,false,false,near_mint,en,EUR,2026-07-08T18:05:01.954Z
Agent Phil Coulson,MSH,Marvel Super Heroes,4,normal,rare,1,113135,1383e587-df58-4b45-9067-b9399e90b9ed,0.15,false,false,near_mint,en,EUR,2026-07-08T18:05:01.953Z
Truck Toss,MSH,Marvel Super Heroes,157,normal,uncommon,2,113739,60f02fbf-1416-48a3-bf94-f27509f6983a,0.05,false,false,near_mint,en,EUR,2026-07-08T18:05:01.952Z
The Masters of Evil,MSH,Marvel Super Heroes,105,normal,uncommon,1,113200,65ba4439-3282-4179-85b9-67a25e2e5d24,0.11,false,false,near_mint,en,EUR,2026-07-08T18:05:01.951Z
"Doc Samson, Super Psychiatrist",MSH,Marvel Super Heroes,164,normal,uncommon,1,113329,19dc5fcc-d05d-41a0-84c5-2dec996f3e4f,0.02,false,false,near_mint,en,EUR,2026-07-08T18:05:01.950Z
Political Triumph,MSH,Marvel Super Heroes,31,normal,uncommon,1,113386,dec3dd36-b8ca-432b-8973-d37c6efc4c1a,0.02,false,false,near_mint,en,EUR,2026-07-08T18:05:01.949Z
Helicarrier Strike,MSH,Marvel Super Heroes,15,normal,common,1,113763,6e518842-ce44-4af2-8f38-89869828294a,0.03,false,false,near_mint,en,EUR,2026-07-08T18:05:01.948Z
Frozen in Ice,MSH,Marvel Super Heroes,54,normal,common,1,113908,a990260b-39b7-4799-930a-bf9ac208d9ed,0.07,false,false,near_mint,en,EUR,2026-07-08T18:05:01.947Z
Go Nuts!,MSH,Marvel Super Heroes,168,normal,common,1,113136,152a7b5b-2d95-45d3-8fd9-0ca1d5a79f8b,0.04,false,false,near_mint,en,EUR,2026-07-08T18:05:01.946Z
Ninja of the Hand,MSH,Marvel Super Heroes,108,normal,common,1,113757,6b8116d8-2cc6-449b-a8b4-8a5166553497,0.04,false,false,near_mint,en,EUR,2026-07-08T18:05:01.945Z
Hire a Crew,MSH,Marvel Super Heroes,134,normal,common,2,113696,50a6aa80-79a3-46f3-9cc1-5bf663b64976,0.03,false,false,near_mint,en,EUR,2026-07-08T18:05:01.944Z
Ultron Drone,MSH,Marvel Super Heroes,253,normal,common,1,113549,149a0a3b-c470-414c-a7de-d773b8b4cc82,0.1,false,false,near_mint,en,EUR,2026-07-08T18:05:01.943Z
Knight of Wundagore,MSH,Marvel Super Heroes,175,normal,common,1,114081,f3003766-9383-44e0-8b51-35ccbed137ed,0.04,false,false,near_mint,en,EUR,2026-07-08T18:05:01.942Z
Soldier,TMSH,Marvel Super Heroes Tokens,3,normal,common,1,114590,ecd686bf-d14b-491c-b0c5-88fc8f0472f9,,false,false,near_mint,en,EUR,2026-07-08T18:06:33.404Z
Subterranean Cavern,MSH,Marvel Super Heroes,273,normal,common,1,113515,038bf500-e23a-4d38-9312-db1909e20353,0.06,false,false,near_mint,en,EUR,2026-07-08T18:06:33.403Z
Futurist Forge,MSH,Marvel Super Heroes,55,foil,common,2,113901,a50feebf-c660-43f1-9fae-75294703b346,0.15,false,false,near_mint,en,EUR,2026-07-08T18:06:33.402Z
"Captain America, Wings of Freedom",MSH,Marvel Super Heroes,10,normal,rare,1,113427,c87ca9ce-5034-4137-99cc-c2b28f298912,0.02,false,false,near_mint,en,EUR,2026-07-08T18:06:33.401Z
Avengers Tower,MSH,Marvel Super Heroes,334,normal,uncommon,1,113399,1292713f-1462-438f-a3a2-1f69ece99668,0.1,false,false,near_mint,en,EUR,2026-07-08T18:06:33.400Z
"Justice, Vance Astrovik",MSH,Marvel Super Heroes,61,normal,uncommon,2,114079,f1448731-d50e-4b9c-8eb2-3d85c21516c6,0.05,false,false,near_mint,en,EUR,2026-07-08T18:06:33.399Z
"Hawkeye, Young Avenger",MSH,Marvel Super Heroes,131,normal,uncommon,1,113639,3cebccbb-dde2-41fe-bfdc-0a46ee185749,0.13,false,false,near_mint,en,EUR,2026-07-08T18:06:33.398Z
"Arnim Zola, Bio-Fanatic",MSH,Marvel Super Heroes,319,normal,uncommon,1,113859,8e3fdece-348a-45eb-871f-fffa91a1fbda,0.02,false,false,near_mint,en,EUR,2026-07-08T18:06:33.397Z
Machinesmith Automaton,MSH,Marvel Super Heroes,144,normal,common,1,113819,802e663e-9529-46da-8af4-eb9ca07971b1,0.08,false,false,near_mint,en,EUR,2026-07-08T18:06:33.395Z
Panther Pounce,MSH,Marvel Super Heroes,29,normal,common,1,113654,4122ae40-800d-4b6b-93c9-aa503c33f1a9,0.06,false,false,near_mint,en,EUR,2026-07-08T18:06:33.394Z
S.H.I.E.L.D. Deployment Drone,MSH,Marvel Super Heroes,73,normal,common,1,113970,c3d0f02f-dfaf-47b6-8053-514417f4dfe2,0.04,false,false,near_mint,en,EUR,2026-07-08T18:06:33.393Z
Serpent Specialist,MSH,Marvel Super Heroes,186,normal,common,1,113779,72727c2a-08a9-47bc-a5eb-cda52e21684b,0.08,false,false,near_mint,en,EUR,2026-07-08T18:06:33.392Z
Pet Avengers,MSH,Marvel Super Heroes,178,normal,common,1,113543,108a0b92-2134-4776-a2f7-da92050f1b21,0.11,false,false,near_mint,en,EUR,2026-07-08T18:06:33.391Z
S.H.I.E.L.D. Spy Kit,MSH,Marvel Super Heroes,36,normal,common,1,113677,4938e23f-b5da-493b-9904-af61a3733ba0,0.07,false,false,near_mint,en,EUR,2026-07-08T18:06:33.390Z
Insect,TMSH,Marvel Super Heroes Tokens,12,normal,common,1,114577,e5aa36ec-5f3a-405d-9a65-5a56a44dcee3,,false,false,near_mint,en,EUR,2026-07-08T18:08:53.090Z
Mountain,MSH,Marvel Super Heroes,283,normal,common,1,113236,9c29ba11-7438-4fd7-98b9-961be882122d,0.26,false,false,near_mint,en,EUR,2026-07-08T18:08:53.089Z
Captain America's Shield,MSH,Marvel Super Heroes,244,foil,rare,1,113347,4b5433ac-0d36-4472-bf8b-d22f0ffd367b,0.33,false,false,near_mint,en,EUR,2026-07-08T18:08:53.088Z
S.H.I.E.L.D. Flying Car,MSH,Marvel Super Heroes,74,normal,rare,1,113338,8e651410-b829-4468-b866-a9dd15f909ad,0.03,false,false,near_mint,en,EUR,2026-07-08T18:08:53.087Z
"Red Guardian, Super-Soldier",MSH,Marvel Super Heroes,34,normal,uncommon,1,113962,c08f8163-319a-4a31-b15a-93974cacd5b7,0.1,false,false,near_mint,en,EUR,2026-07-08T18:08:53.086Z
"Spider-Man, To the Rescue",MSH,Marvel Super Heroes,228,normal,uncommon,1,114050,e5db6968-1ca3-46bd-8cf9-e2c411ab29c1,0.13,false,false,near_mint,en,EUR,2026-07-08T18:08:53.083Z
HULK SMASH!,MSH,Marvel Super Heroes,135,normal,common,1,113161,374ffb3e-0753-4682-936a-ae6921ace475,0.02,false,false,near_mint,en,EUR,2026-07-08T18:08:53.082Z
We Say Thee Nay!,MSH,Marvel Super Heroes,82,normal,common,1,113548,13b70321-75bd-4d44-b9f6-5f062a5dda0f,0.11,false,false,near_mint,en,EUR,2026-07-08T18:08:53.081Z
Agent of Atlas,MSH,Marvel Super Heroes,3,normal,common,1,113910,a9db550e-ed1f-4973-a7f5-ec2e6adb8e6b,0.06,false,false,near_mint,en,EUR,2026-07-08T18:08:53.080Z
Aerial Doombot,MSH,Marvel Super Heroes,43,normal,common,1,114054,e727ec1c-dc3b-4f1a-8a62-18549f118b89,0.04,false,false,near_mint,en,EUR,2026-07-08T18:08:53.079Z
Savage Land Dinosaur,MSH,Marvel Super Heroes,185,normal,common,1,113714,562bd376-3fba-4de0-b9fc-183004b03732,0.07,false,false,near_mint,en,EUR,2026-07-08T18:08:53.078Z
Decoy Ploy,MSH,Marvel Super Heroes,94,normal,common,1,114018,d8719b74-48ef-4f68-b59a-949edd644ddc,0.04,false,false,near_mint,en,EUR,2026-07-08T18:08:53.077Z
"Monica Rambeau // Photon, Living Light",MSH,Marvel Super Heroes,23,foil,mythic,1,113167,3f995518-b12a-4623-9ab3-b79a5cef3cba,2.62,false,false,near_mint,en,EUR,2026-07-08T18:11:17.496Z
Soldier,TMSH,Marvel Super Heroes Tokens,3,normal,common,2,114590,ecd686bf-d14b-491c-b0c5-88fc8f0472f9,,false,false,near_mint,de,EUR,2026-07-08T18:14:32.569Z
Mountain,MSH,Marvel Super Heroes,284,normal,common,1,113145,22cc3a0c-ab10-490d-b309-df87df551328,0.18,false,false,near_mint,de,EUR,2026-07-08T18:14:32.568Z
Dark Deed,MSH,Marvel Super Heroes,93,foil,uncommon,1,113178,49e36cac-3999-40b3-91b3-85af4fded679,0.21,false,false,near_mint,de,EUR,2026-07-08T18:14:32.567Z
Gleaming Bastion,MSH,Marvel Super Heroes,267,normal,rare,1,113340,c9131bf5-17e3-4aa6-97ed-ed6426b247d0,3.64,false,false,near_mint,de,EUR,2026-07-08T18:14:32.566Z
"She-Hulk, Jade Defender",MSH,Marvel Super Heroes,188,normal,uncommon,1,114006,d22a8d02-023c-4f71-a771-16b5aa2a05d7,0.09,false,false,near_mint,de,EUR,2026-07-08T18:14:32.565Z
"Iron Fist, Living Weapon",MSH,Marvel Super Heroes,138,normal,uncommon,1,113193,5cc2d948-ac8b-4466-b604-3fabc0ab6bb9,0.02,false,false,near_mint,de,EUR,2026-07-08T18:14:32.564Z
"Yellowjacket, Heartless Marauder",MSH,Marvel Super Heroes,123,normal,uncommon,1,114021,d8f91212-2ff5-4024-8f14-86bb5c4a9754,0.08,false,false,near_mint,de,EUR,2026-07-08T18:14:32.563Z
Civic Guildmage,MIR,Mirage,7,normal,common,1,38583,a9319039-db2f-47bf-9ef0-8d3a381d54fb,0.18,false,false,near_mint,de,EUR,2026-07-08T18:14:32.562Z
Serpent Specialist,MSH,Marvel Super Heroes,186,normal,common,1,113779,72727c2a-08a9-47bc-a5eb-cda52e21684b,0.08,false,false,near_mint,de,EUR,2026-07-08T18:14:32.561Z
Decoy Ploy,MSH,Marvel Super Heroes,94,normal,common,1,114018,d8719b74-48ef-4f68-b59a-949edd644ddc,0.04,false,false,near_mint,de,EUR,2026-07-08T18:14:32.560Z
Vision of Love,MSH,Marvel Super Heroes,158,normal,common,1,113713,5604cee1-a2ea-48ed-88f4-6878bd053fc8,0.09,false,false,near_mint,de,EUR,2026-07-08T18:14:32.559Z
Crowd of True Believers,MSH,Marvel Super Heroes,14,normal,common,1,113684,4b2fffb8-d538-4772-8fbc-9bec3b9c4d9c,0.04,false,false,near_mint,de,EUR,2026-07-08T18:14:32.558Z
Trickster's Stratagem,MSH,Marvel Super Heroes,81,normal,common,1,113744,620376d0-dc0c-405f-8121-eb36d9b4f4c2,0.05,false,false,near_mint,de,EUR,2026-07-08T18:14:32.557Z
Guerrilla Gorilla,MSH,Marvel Super Heroes,169,normal,common,1,113920,af6bc9d2-5783-489a-8963-af65f54f4f17,0.08,false,false,near_mint,de,EUR,2026-07-08T18:14:32.556Z
A.I.M. Synthoids,MSH,Marvel Super Heroes,242,normal,common,1,114080,f29dee50-ea7e-4a54-bc91-99928a8405e3,0.02,false,false,near_mint,de,EUR,2026-07-08T18:14:32.555Z
Hero,TMSH,Marvel Super Heroes Tokens,2,normal,common,1,114575,e4a64831-eec5-4fc9-8904-19523af3ca42,,false,false,near_mint,de,EUR,2026-07-08T18:14:32.554Z
Pym Technologies,MSH,Marvel Super Heroes,271,normal,common,1,113578,1de583ce-e805-45f1-907f-198bc82fd3b5,0.07,false,false,near_mint,de,EUR,2026-07-08T18:14:32.553Z
"Hawkeye, Young Avenger",MSH,Marvel Super Heroes,131,foil,uncommon,1,113639,3cebccbb-dde2-41fe-bfdc-0a46ee185749,0.26,false,false,near_mint,de,EUR,2026-07-08T18:14:32.552Z
"Nick Fury, Agent of S.H.I.E.L.D.",MSH,Marvel Super Heroes,25,normal,rare,1,113365,3aa6fc02-ef76-426b-accd-6c0ef88b2a5e,0.02,false,false,near_mint,de,EUR,2026-07-08T18:14:32.551Z
"Arnim Zola, Bio-Fanatic",MSH,Marvel Super Heroes,86,normal,uncommon,1,113525,07c70df6-b064-424a-852e-201b312a5b54,0.1,false,false,near_mint,de,EUR,2026-07-08T18:14:32.550Z
"Invisible Woman, Sue Storm",MSH,Marvel Super Heroes,17,normal,uncommon,1,113154,2f80394b-2f7e-40a7-8203-720bcf39d71b,0.02,false,false,near_mint,de,EUR,2026-07-08T18:14:32.549Z
Photon Blast Barrage,MSH,Marvel Super Heroes,147,normal,uncommon,1,113287,f85a77d2-e11e-44bc-a1e7-d783cd49d714,0.02,false,false,near_mint,de,EUR,2026-07-08T18:14:32.548Z
Blazing Crescendo,MSH,Marvel Super Heroes,125,normal,common,2,113828,8447c3d6-8c65-4d3c-81c4-609801602d06,0.07,false,false,near_mint,de,EUR,2026-07-08T18:14:32.547Z
We Say Thee Nay!,MSH,Marvel Super Heroes,82,normal,common,1,113548,13b70321-75bd-4d44-b9f6-5f062a5dda0f,0.11,false,false,near_mint,de,EUR,2026-07-08T18:14:32.546Z
Super Suit,MSH,Marvel Super Heroes,78,normal,common,1,114056,e87f3a26-c2e5-47c7-b19d-bc01cb794805,0.06,false,false,near_mint,de,EUR,2026-07-08T18:14:32.545Z
Powerful Broker,MSH,Marvel Super Heroes,179,normal,common,1,113818,801f0417-b663-4e28-9a61-9570061654d7,0.07,false,false,near_mint,de,EUR,2026-07-08T18:14:32.544Z
Widow's Bite,MSH,Marvel Super Heroes,122,normal,common,1,114029,dbee18af-9ade-4251-81a1-f6e7ffbf480f,0.04,false,false,near_mint,de,EUR,2026-07-08T18:14:32.543Z
Crimson Operative,MSH,Marvel Super Heroes,126,normal,common,2,113975,c4bc077c-f220-47a5-aaf4-5324ca23d0c5,0.08,false,false,near_mint,de,EUR,2026-07-08T18:14:32.542Z
Helicarrier Strike,MSH,Marvel Super Heroes,15,normal,common,2,113763,6e518842-ce44-4af2-8f38-89869828294a,0.03,false,false,near_mint,de,EUR,2026-07-08T18:14:32.541Z
Frozen in Ice,MSH,Marvel Super Heroes,54,normal,common,2,113908,a990260b-39b7-4799-930a-bf9ac208d9ed,0.07,false,false,near_mint,de,EUR,2026-07-08T18:14:32.540Z
Villain,TMSH,Marvel Super Heroes Tokens,9,normal,common,2,114297,4a51b6a0-9a54-4f01-b959-0a28c15d103f,,false,false,near_mint,de,EUR,2026-07-08T18:16:11.823Z
Plains,MSH,Marvel Super Heroes,287,normal,common,1,113194,5f029c91-f20b-4aa5-a7d9-dd6ddef1c877,0.1,false,false,near_mint,de,EUR,2026-07-08T18:16:11.822Z
A.I.M. Scientists,MSH,Marvel Super Heroes,44,foil,common,1,113422,ab96b656-100e-491a-a8c9-94dbb9482c4d,0.11,false,false,near_mint,de,EUR,2026-07-08T18:16:11.821Z
Dark Deed,MSH,Marvel Super Heroes,93,normal,uncommon,1,113178,49e36cac-3999-40b3-91b3-85af4fded679,0.02,false,false,near_mint,de,EUR,2026-07-08T18:16:11.819Z
"Captain Mar-Vell, Space-Born",MSH,Marvel Super Heroes,12,normal,uncommon,1,113360,27924c2f-756c-42af-9830-18a5a2735137,0.02,false,false,near_mint,de,EUR,2026-07-08T18:16:11.818Z
Truck Toss,MSH,Marvel Super Heroes,157,normal,uncommon,1,113739,60f02fbf-1416-48a3-bf94-f27509f6983a,0.05,false,false,near_mint,de,EUR,2026-07-08T18:16:11.817Z
Rewrite History,MSH,Marvel Super Heroes,71,normal,uncommon,2,113377,91fdf444-3f41-4b8b-b9f5-f3ae3d903649,0.07,false,false,near_mint,de,EUR,2026-07-08T18:16:11.816Z
Call Damage Control,MSH,Marvel Super Heroes,162,normal,common,1,114035,de1ed886-c33b-4cfd-8442-944cec654a8b,0.08,false,false,near_mint,de,EUR,2026-07-08T18:16:11.815Z
Cruel Alliance,MSH,Marvel Super Heroes,92,normal,common,1,114019,d895d5a1-d382-438b-8551-e142bb5142af,0.03,false,false,near_mint,de,EUR,2026-07-08T18:16:11.814Z
HYDRA Assault Robot,MSH,Marvel Super Heroes,137,normal,common,1,114044,e3b23fff-7d3b-4341-b556-82136f8c113b,0.09,false,false,near_mint,de,EUR,2026-07-08T18:16:11.813Z
Murdock's Crusade,MSH,Marvel Super Heroes,24,normal,common,1,113234,98df64ca-39c3-47e6-8143-4106c8e9cf59,0.02,false,false,near_mint,de,EUR,2026-07-08T18:16:11.812Z
S.H.I.E.L.D. Deployment Drone,MSH,Marvel Super Heroes,73,normal,common,1,113970,c3d0f02f-dfaf-47b6-8053-514417f4dfe2,0.04,false,false,near_mint,de,EUR,2026-07-08T18:16:11.811Z
H.E.R.B.I.E. Scout Unit,MSH,Marvel Super Heroes,247,normal,common,1,113620,3496d0d4-3fab-4ea4-8986-afe5a7155ec6,0.12,false,false,near_mint,de,EUR,2026-07-08T18:16:11.810Z
Atlantis Attacks,MSH,Marvel Super Heroes,46,normal,common,1,113653,40bc4380-055d-4913-93cb-280c9c1d1a87,0.09,false,false,near_mint,de,EUR,2026-07-08T18:16:11.809Z
Ninja of the Hand,MSH,Marvel Super Heroes,108,foil,common,1,113757,6b8116d8-2cc6-449b-a8b4-8a5166553497,0.15,false,false,near_mint,de,EUR,2026-07-08T18:17:35.455Z
Hell's Kitchen,MSH,Marvel Super Heroes,268,normal,common,1,113741,6137c34e-cc4c-4342-a8e4-cfa9c767c67b,0.11,false,false,near_mint,de,EUR,2026-07-08T18:17:35.454Z
Avengers: Under Siege,MSH,Marvel Super Heroes,205,normal,rare,1,113638,3c379a3f-bde1-4dc1-9843-afcb5f40792f,0.02,false,false,near_mint,de,EUR,2026-07-08T18:17:35.453Z
Training Regimen,MSH,Marvel Super Heroes,192,normal,uncommon,1,113896,a27aee6d-1fc3-4307-bb16-b964d723fe2f,0.14,false,false,near_mint,de,EUR,2026-07-08T18:17:35.452Z
"Ronin, Shadow Stalker",MSH,Marvel Super Heroes,112,normal,uncommon,1,113394,f74b9794-946e-4ddc-93b2-5a321fc51fd0,0.06,false,false,near_mint,de,EUR,2026-07-08T18:17:35.451Z
"War Machine, Legacy of Iron",MSH,Marvel Super Heroes,238,normal,uncommon,1,113663,433a7d97-9c0b-4f5c-85ad-b55342c02d22,0.05,false,false,near_mint,de,EUR,2026-07-08T18:17:35.450Z
HULK SMASH!,MSH,Marvel Super Heroes,332,normal,common,1,113129,0d01bc37-ebf4-4f08-9beb-fef8787f8e7a,0.11,false,false,near_mint,de,EUR,2026-07-08T18:17:35.447Z
Restorative Technique,MSH,Marvel Super Heroes,183,normal,common,1,114028,dbe9102d-b92b-4c32-93f6-5b6dc0fa08e6,0.1,false,false,near_mint,de,EUR,2026-07-08T18:17:35.446Z
Project Deathlok Soldier,MSH,Marvel Super Heroes,109,normal,common,1,113724,5c21a120-4ec7-46ec-974a-2204edb92abb,0.06,false,false,near_mint,de,EUR,2026-07-08T18:17:35.445Z
K'un-Lun Warrior,MSH,Marvel Super Heroes,140,normal,common,1,114053,e6e8359d-12be-49be-8cbe-6a3b8506a9e6,0.05,false,false,near_mint,de,EUR,2026-07-08T18:17:35.444Z
Hero in Training,MSH,Marvel Super Heroes,16,normal,common,1,113541,105a937b-289c-47b5-96a4-654c697bbb7d,0.05,false,false,near_mint,de,EUR,2026-07-08T18:17:35.443Z
Aerial Doombot,MSH,Marvel Super Heroes,43,normal,common,1,114054,e727ec1c-dc3b-4f1a-8a62-18549f118b89,0.04,false,false,near_mint,de,EUR,2026-07-08T18:17:35.442Z
Wall,TMSH,Marvel Super Heroes Tokens,1,normal,common,1,114462,82d35a61-3c87-405d-b857-cf43067cb1c4,,false,false,near_mint,de,EUR,2026-07-08T18:20:07.786Z
Island,MSH,Marvel Super Heroes,279,foil,common,1,113225,8c1467b1-ff2c-4f73-91ba-bc2b07afc2c3,0.2,false,false,near_mint,de,EUR,2026-07-08T18:20:07.785Z
Powerful Broker,MSH,Marvel Super Heroes,179,foil,common,1,113818,801f0417-b663-4e28-9a61-9570061654d7,0.15,false,false,near_mint,de,EUR,2026-07-08T18:20:07.784Z
Cosmic Cube,MSH,Marvel Super Heroes,337,normal,mythic,1,113575,1d49e61f-b6b9-4106-b0ad-cdd4da87bb83,14.34,false,false,near_mint,de,EUR,2026-07-08T18:20:07.783Z
Super-Skrull,MSH,Marvel Super Heroes,115,normal,rare,1,110042,11fc8221-756a-4919-9272-38793e9c1ad9,0.02,false,false,near_mint,de,EUR,2026-07-08T18:20:07.782Z
"Whiplash, Vengeful Engineer",MSH,Marvel Super Heroes,121,normal,uncommon,1,113768,6f6e6767-4d20-469c-9f4b-7286b8cc1979,0.09,false,false,near_mint,de,EUR,2026-07-08T18:20:07.781Z
"Jessica Jones, Private Eye",MSH,Marvel Super Heroes,139,normal,uncommon,1,113424,b48278fd-1d95-4ad6-9a51-f1c5a2ab9f4b,0.09,false,false,near_mint,de,EUR,2026-07-08T18:20:07.780Z
"Captain America, Living Legend",MSH,Marvel Super Heroes,210,normal,uncommon,1,113199,6516f292-469d-4092-b099-97c698f373cd,0.02,false,false,near_mint,de,EUR,2026-07-08T18:20:07.779Z
"Reptil, Dinomorpher",MSH,Marvel Super Heroes,182,normal,uncommon,1,113332,472db3f2-23df-46c1-86c6-f35fbe5ab4e3,0.02,false,false,near_mint,de,EUR,2026-07-08T18:20:07.778Z
Go Nuts!,MSH,Marvel Super Heroes,168,normal,common,1,113136,152a7b5b-2d95-45d3-8fd9-0ca1d5a79f8b,0.04,false,false,near_mint,de,EUR,2026-07-08T18:20:07.777Z
Ninja of the Hand,MSH,Marvel Super Heroes,108,normal,common,1,113757,6b8116d8-2cc6-449b-a8b4-8a5166553497,0.04,false,false,near_mint,de,EUR,2026-07-08T18:20:07.776Z
Hire a Crew,MSH,Marvel Super Heroes,134,normal,common,1,113696,50a6aa80-79a3-46f3-9cc1-5bf663b64976,0.03,false,false,near_mint,de,EUR,2026-07-08T18:20:07.775Z
Brave Brawler,MSH,Marvel Super Heroes,8,normal,common,1,113587,2242b5c3-42ef-4be0-a61f-65c93e56fcab,0.11,false,false,near_mint,de,EUR,2026-07-08T18:20:07.774Z
Futurist Forge,MSH,Marvel Super Heroes,55,normal,common,1,113901,a50feebf-c660-43f1-9fae-75294703b346,0.06,false,false,near_mint,de,EUR,2026-07-08T18:20:07.773Z
S.H.I.E.L.D. Spy Kit,MSH,Marvel Super Heroes,36,normal,common,1,113677,4938e23f-b5da-493b-9904-af61a3733ba0,0.07,false,false,near_mint,de,EUR,2026-07-08T18:20:07.772Z
Avengers Hangar,MSH,Marvel Super Heroes,259,normal,common,1,113977,c5d03ebb-1ce9-4a6b-b13e-a72f0b075ae8,0.1,false,false,near_mint,de,EUR,2026-07-08T18:21:54.186Z
"Stature, Size Shifter",MSH,Marvel Super Heroes,76,foil,uncommon,1,114107,fe692959-64ca-4065-9f9e-1abe590e3d0f,0.17,false,false,near_mint,de,EUR,2026-07-08T18:21:54.185Z
Jennifer Walters // The Sensational She-Hulk,MSH,Marvel Super Heroes,18,normal,mythic,1,113740,61237530-ad49-469c-a952-67c92315708e,8.0,false,false,near_mint,de,EUR,2026-07-08T18:21:54.184Z
"Black Widow, Double Agent",MSH,Marvel Super Heroes,208,normal,uncommon,1,113241,aa8dbbb9-36a5-48e0-9e30-aeed0fb5d522,0.02,false,false,near_mint,de,EUR,2026-07-08T18:21:54.183Z
"Human Torch, Johnny Storm",MSH,Marvel Super Heroes,136,normal,uncommon,1,113227,8f8659f6-a793-4edc-8401-d9126840c1c2,0.06,false,false,near_mint,de,EUR,2026-07-08T18:21:54.182Z
Robot Domination,MSH,Marvel Super Heroes,111,normal,uncommon,1,113423,b26bb968-6612-43fe-9147-a3d4786cbc20,0.11,false,false,near_mint,de,EUR,2026-07-08T18:21:54.181Z
"Agent 13, Sharon Carter",MSH,Marvel Super Heroes,1,normal,uncommon,1,113355,107cb521-9806-47dc-92d8-b43112b63caa,0.06,false,false,near_mint,de,EUR,2026-07-08T18:21:54.180Z
Rapid Rescue,MSH,Marvel Super Heroes,181,normal,common,1,114015,d739e636-681e-4423-84e3-91efd02b2c94,0.04,false,false,near_mint,de,EUR,2026-07-08T18:21:54.179Z
Hour of Defeat,MSH,Marvel Super Heroes,99,normal,common,1,113887,9e0034dd-396e-46af-b931-0daa25da4406,0.05,false,false,near_mint,de,EUR,2026-07-08T18:21:54.178Z
Vibranium Energy Daggers,MSH,Marvel Super Heroes,254,normal,common,1,113694,4fe5952d-f50f-443a-b960-657fc4bc1965,0.04,false,false,near_mint,de,EUR,2026-07-08T18:21:54.174Z
Stolen Stark Tech,MSH,Marvel Super Heroes,114,normal,common,1,114027,db4557ad-4141-4dae-870e-a587506f4914,0.02,false,false,near_mint,de,EUR,2026-07-08T18:21:54.173Z
Path of Ancestry,CMM,Commander Masters,423,normal,common,1,84289,42522c12-874e-450f-bdea-901646eb2821,0.2,false,false,near_mint,en,EUR,2026-07-09T08:18:01.512Z
Grim Guardian,JOU,Journey into Nyx,73,normal,common,1,14576,732b5444-0410-430b-87ca-cf2d9f165bd7,0.49,false,false,near_mint,en,EUR,2026-07-09T13:00:23.926Z
Sanctum of Stone Fangs,M21,Core Set 2021,120,normal,uncommon,1,51004,d1439412-618c-483d-89b9-5ea37f0f1edc,1.48,false,false,near_mint,en,EUR,2026-07-09T13:00:23.925Z
Kenrith's Transformation,AFC,Forgotten Realms Commander,162,normal,uncommon,1,60690,44d60a41-3f5e-4559-b18c-22c0fe15235e,1.02,false,false,near_mint,en,EUR,2026-07-09T13:00:23.924Z
Herald of the Pantheon,CMM,Commander Masters,898,normal,rare,1,84694,a360af3e-626d-46c9-99cf-6c85921f5d26,2.74,false,false,near_mint,en,EUR,2026-07-09T13:00:23.923Z
Fertile Ground,ECC,Lorwyn Eclipsed Commander,106,normal,common,1,110550,83778d03-6196-4994-8f78-4db6cec823fb,0.3,false,false,near_mint,en,EUR,2026-07-09T13:00:23.922Z
Wild Growth,5ED,Fifth Edition,342,normal,common,1,37664,2a9e6630-d57c-47fd-af0f-b2e2c2025599,0.6,false,false,near_mint,en,EUR,2026-07-09T13:00:23.921Z
Hardened Scales,C16,Commander 2016,152,normal,rare,1,7202,3fc583fb-5387-42a8-ab98-4e38171b05f7,2.0,false,false,near_mint,en,EUR,2026-07-09T13:00:23.920Z
Swiftfoot Boots,PLST,The List,M12-219,normal,uncommon,1,85988,a41a16a0-6afc-452d-a18f-94f0d68f1cda,2.3,false,false,near_mint,en,EUR,2026-07-09T13:00:23.919Z
The Eldest Reborn,DOM,Dominaria,90,normal,uncommon,1,2186,c8318f40-ecd5-429e-8fe2-febf31f64841,0.36,false,false,near_mint,en,EUR,2026-07-09T13:00:23.918Z
The Cruelty of Gix,DMU,Dominaria United,87,normal,rare,1,71394,3d6e5eb3-25ab-4e9e-96e8-655e0ce74675,1.13,false,false,near_mint,en,EUR,2026-07-09T13:00:23.917Z
Doomwake Giant,CMM,Commander Masters,865,normal,rare,1,84545,8082ddc9-f20c-4d33-8db4-baba03ef22b9,0.63,false,false,near_mint,en,EUR,2026-07-09T13:00:23.916Z
"Erebos, Bleak-Hearted",THB,Theros Beyond Death,93,normal,mythic,1,46969,e340df19-b89a-403f-9736-4bd30b65de74,1.31,false,false,near_mint,en,EUR,2026-07-09T13:00:23.915Z
Satyr Enchanter,M19,Core Set 2019,223,normal,uncommon,1,1089,e31c544f-a748-4180-8366-9bb1622bb99d,0.88,false,false,near_mint,en,EUR,2026-07-09T13:00:23.914Z
Underworld Coinsmith,JOU,Journey into Nyx,157,normal,uncommon,1,14492,ea5346e3-3fe4-47ea-a184-e237091cc4a1,0.21,false,false,near_mint,en,EUR,2026-07-09T13:00:23.913Z
"Sythis, Harvest's Hand",MH2,Modern Horizons 2,214,normal,rare,1,59401,0babfe00-9bad-48fc-b3b1-df8280242fd2,2.85,false,false,near_mint,en,EUR,2026-07-09T13:00:23.912Z
Eidolon of Blossoms,WOC,Wilds of Eldraine Commander,124,normal,rare,1,85410,586c639e-9050-4f45-aa65-0947a2d2a57a,3.13,false,false,near_mint,en,EUR,2026-07-09T13:00:23.911Z
Verduran Enchantress,8ED,Eighth Edition,285,normal,rare,1,30251,cff050e6-cd70-4289-bd15-e5c3437bef2d,1.47,false,false,near_mint,en,EUR,2026-07-09T13:00:23.910Z
Setessan Champion,THB,Theros Beyond Death,198,normal,rare,1,46864,f8ce9858-747e-441c-95a8-6af44aa2098d,3.47,false,false,near_mint,en,EUR,2026-07-09T13:00:23.909Z
"Rishkar, Peema Renegade",CMM,Commander Masters,317,normal,uncommon,1,84583,88f4aecc-b728-4960-8131-1e5aa6c3c030,0.24,false,false,near_mint,en,EUR,2026-07-09T13:00:23.908Z
Enchantress's Presence,MH2,Modern Horizons 2,283,normal,rare,1,59815,d18d62bc-5f3c-4b3b-88f2-693249635349,0.69,false,false,near_mint,en,EUR,2026-07-09T13:00:23.907Z
Champion of Lambholt,MIC,Midnight Hunt Commander,136,normal,rare,1,63542,0209078f-58cf-4584-9fff-95220bc865f5,3.29,false,false,near_mint,en,EUR,2026-07-09T13:00:23.906Z
Branching Evolution,PIP,Fallout,195,normal,rare,1,92872,f4b2c132-0e57-4273-aa30-e78870647dc7,6.21,false,false,near_mint,en,EUR,2026-07-09T13:00:23.905Z
Beast Within,M3C,Modern Horizons 3 Commander,223,normal,uncommon,1,94970,70ead8c3-e350-4d85-9e06-818da15cb266,0.73,false,false,near_mint,en,EUR,2026-07-09T13:00:23.904Z
Sanctum Weaver,MH2,Modern Horizons 2,171,normal,rare,1,59546,4d42e22d-f60e-40c5-b069-5e1708f3bebc,3.81,false,false,near_mint,en,EUR,2026-07-09T13:00:23.903Z
Binding the Old Gods,BLC,Bloomburrow Commander,248,normal,uncommon,1,96448,c04bcc93-78b6-4e30-9129-76e2f4b60230,0.26,false,false,near_mint,en,EUR,2026-07-09T13:00:23.902Z
Vorel of the Hull Clade,DGM,Dragon's Maze,115,normal,rare,1,16350,db0665d4-d974-4d5e-ba29-7bf40cbbe29c,0.5,false,false,near_mint,en,EUR,2026-07-09T13:00:23.901Z
Fathom Mage,FIC,Final Fantasy Commander,325,normal,rare,1,105923,4bb9c7e1-46a6-4acf-8415-221d9c9d9d23,0.3,false,false,near_mint,en,EUR,2026-07-09T13:00:23.900Z
Master Biomancer,2X2,Double Masters 2022,250,normal,rare,1,70422,a57b0e38-8931-4715-ac13-b3af30b27895,0.93,false,false,near_mint,en,EUR,2026-07-09T13:00:23.899Z
Banishing Light,ZNC,Zendikar Rising Commander,11,normal,uncommon,1,55475,d35bad68-e1a9-4cdc-bd68-cee4ccebef6c,0.18,false,false,near_mint,en,EUR,2026-07-09T13:00:23.898Z
Sphere of Safety,RTR,Return to Ravnica,24,normal,uncommon,1,17398,ce3bd0d8-7e44-4cf2-9012-8ff0bc39417f,3.24,false,false,near_mint,en,EUR,2026-07-09T13:00:23.897Z
Sigil of the Empty Throne,ORI,Magic Origins,31,normal,rare,1,10911,386f050c-0233-490f-94ab-92a7b5dc65cf,0.92,false,false,near_mint,en,EUR,2026-07-09T13:00:23.896Z
Elspeth Conquers Death,THB,Theros Beyond Death,13,normal,rare,2,47049,ea20208b-1939-4c69-8cfd-c0a42f9dc427,0.77,false,false,near_mint,en,EUR,2026-07-09T13:00:23.895Z
Faith's Fetters,UMA,Ultimate Masters,16,normal,common,1,43483,1c8e887e-bf53-44e3-b3e5-d00d8974d0b3,0.11,false,false,near_mint,en,EUR,2026-07-09T13:00:23.894Z
Archon of Sun's Grace,THB,Theros Beyond Death,298,normal,rare,1,46764,e146a721-8655-496c-97c0-d6691fa2043e,2.83,false,false,near_mint,en,EUR,2026-07-09T13:00:23.893Z
Ghostly Prison,SOC,Secrets of Strixhaven Commander,146,normal,uncommon,1,112161,e1f723a8-0be9-4270-b451-a52d6b2fda4e,3.93,false,false,near_mint,en,EUR,2026-07-09T13:00:23.892Z
Starfield of Nyx,CMM,Commander Masters,840,normal,mythic,1,84819,bfe4e1cb-ceee-46aa-96d1-f3f26516cd77,14.52,false,false,near_mint,en,EUR,2026-07-10T11:26:00.431Z
Moonlit Strider,MM2,Modern Masters 2015,27,normal,common,1,11190,04fe00af-1634-45bd-bf1b-42997c4c3359,0.12,false,false,near_mint,en,EUR,2026-07-10T11:26:00.430Z
Court Homunculus,MM2,Modern Masters 2015,13,normal,common,1,11204,5a61aded-0007-48fb-b1d6-1c69a8703400,0.07,false,false,near_mint,en,EUR,2026-07-10T11:26:00.429Z
"Nick Fury, Agent of S.H.I.E.L.D.",MSH,Marvel Super Heroes,314,foil,rare,1,113415,7370a565-274e-4a91-acae-a920ee1c7719,2.43,false,false,near_mint,en,EUR,2026-07-13T18:41:44.921Z
Anthem of Champions,MAR,Marvel Universe,85,foil,mythic,1,113303,7d2f262a-dc38-4414-8c66-0ef5eac7ad20,1.3,false,false,near_mint,en,EUR,2026-07-13T18:41:44.920Z
Castle Doom,MSH,Marvel Super Heroes,429,normal,rare,1,114025,daaf180d-074d-4ade-8954-0b3a90d56ce5,1.46,false,false,near_mint,en,EUR,2026-07-13T18:41:44.919Z
Kindred Discovery,MSC,Marvel Super Heroes Commander,334,normal,rare,1,114455,7f575fca-cd5d-4f22-a77e-5d9fe380d0d3,6.23,false,false,near_mint,en,EUR,2026-07-13T18:41:44.918Z
Epic Fight,MSH,Marvel Super Heroes,166,foil,rare,1,114011,d521b80b-4b0b-4d69-bd95-4c83feaf2145,0.54,false,false,near_mint,en,EUR,2026-07-13T18:41:44.917Z
"Foggy Nelson, On Retainer",MSC,Marvel Super Heroes Commander,594,foil,uncommon,1,113784,75e5a931-ad2d-4976-9c4e-b00325eb0fe1,0.45,false,false,near_mint,en,EUR,2026-07-13T18:41:44.914Z
Extremis Elite,MSC,Marvel Super Heroes Commander,763,foil,common,1,113540,102840eb-2fc2-4e93-ac60-035160b4a182,0.13,false,false,near_mint,en,EUR,2026-07-13T18:41:44.913Z
Quantum Reduction,MSC,Marvel Super Heroes Commander,635,foil,common,1,114061,ebeca5ab-ab9b-4f63-8313-5e2322617693,0.14,false,false,near_mint,en,EUR,2026-07-13T18:41:44.912Z
"Patriot, Shield Wielder",MSH,Marvel Super Heroes,30,foil,uncommon,1,113356,1467d7c9-00d8-43f1-b4e7-a279d2b10503,0.11,false,false,near_mint,en,EUR,2026-07-13T18:41:44.911Z
"Yellowjacket, Heartless Marauder",MSH,Marvel Super Heroes,123,foil,uncommon,1,114021,d8f91212-2ff5-4024-8f14-86bb5c4a9754,0.19,false,false,near_mint,en,EUR,2026-07-13T18:41:44.910Z
Avengers Hangar,MSH,Marvel Super Heroes,259,foil,common,1,113977,c5d03ebb-1ce9-4a6b-b13e-a72f0b075ae8,0.12,false,false,near_mint,en,EUR,2026-07-13T18:41:44.909Z
Guerrilla Gorilla,MSH,Marvel Super Heroes,169,foil,common,1,113920,af6bc9d2-5783-489a-8963-af65f54f4f17,0.17,false,false,near_mint,en,EUR,2026-07-13T18:41:44.908Z
Super Speed,MSH,Marvel Super Heroes,154,foil,common,1,113596,2aa2e596-e5e0-4c60-8eea-14adda1cdaae,0.14,false,false,near_mint,en,EUR,2026-07-13T18:41:44.907Z
Redwing,TMSH,Marvel Super Heroes Tokens,7,foil,common,1,114482,905bbfdf-17c4-4493-a842-3112947d8e13,,false,false,near_mint,en,EUR,2026-07-13T18:41:44.906Z
"The Sentry, Golden Guardian",MSH,Marvel Super Heroes,358,foil,rare,1,113205,6ba62e03-d8e6-4cd9-8997-0784c01ae8c6,0.89,false,false,near_mint,en,EUR,2026-07-13T18:41:44.905Z
"Black Panther, Wakandan King",MAR,Marvel Universe,87,normal,mythic,1,113309,a1b11ef2-2285-40eb-b11c-223c159e3d1f,2.25,false,false,near_mint,en,EUR,2026-07-13T18:41:44.904Z
The Scarlet Witch,MSH,Marvel Super Heroes,368,normal,rare,1,113181,4bf2a4dc-c4aa-453a-ad18-1af42eb59f40,1.29,false,false,near_mint,en,EUR,2026-07-13T18:41:44.903Z
"Damocles Base, Sword of Kang",MSC,Marvel Super Heroes Commander,347,normal,rare,1,114387,32d79eb7-307a-4c26-b7dc-9ec019f2d2c0,0.86,false,false,near_mint,en,EUR,2026-07-13T18:41:44.902Z
Hit-Monkey,MSC,Marvel Super Heroes Commander,723,foil,rare,1,113213,7a253dc9-1593-4914-90ca-309aa3aed53d,5.23,false,false,near_mint,en,EUR,2026-07-13T18:41:44.901Z
Forest,MSH,Marvel Super Heroes,286,foil,common,1,113176,47eb96ec-a417-4dbc-82d2-6317372dda11,0.21,false,false,near_mint,en,EUR,2026-07-13T18:41:44.900Z
"The Thing, Ben Grimm",MSH,Marvel Super Heroes,322,foil,uncommon,1,113137,16a98e97-2b63-4fcb-a3fc-5f8298f6ab12,0.09,false,false,near_mint,en,EUR,2026-07-13T18:41:44.899Z
"Donald Blake, Guise of Thor",MSC,Marvel Super Heroes Commander,592,foil,uncommon,1,113913,ad0c9940-49fe-410e-b1bd-614b991c2e43,0.33,false,false,near_mint,en,EUR,2026-07-13T18:41:44.898Z
"Songbird, Sonic Screamer",MSC,Marvel Super Heroes Commander,762,foil,common,1,113599,2b327925-8a50-4fd7-9010-673f9a3e97ce,0.17,false,false,near_mint,en,EUR,2026-07-13T18:41:44.897Z
Thwip!,MSC,Marvel Super Heroes Commander,780,foil,common,1,113603,2e2b27e0-aaa7-426e-8c0b-283cb9f969eb,0.2,false,false,near_mint,en,EUR,2026-07-13T18:41:44.896Z
Loki Laufeyson,MSH,Marvel Super Heroes,143,foil,uncommon,1,113707,53b795a7-11f8-423a-b021-f811007fc82f,0.12,false,false,near_mint,en,EUR,2026-07-13T18:41:44.895Z
"Okoye, Dora Milaje Leader",MSH,Marvel Super Heroes,27,foil,uncommon,1,113602,2c89acf5-20f0-4441-b96f-2c5cacd685fb,0.14,false,false,near_mint,en,EUR,2026-07-13T18:41:44.894Z
H.E.R.B.I.E. Scout Unit,MSH,Marvel Super Heroes,247,foil,common,1,113620,3496d0d4-3fab-4ea4-8986-afe5a7155ec6,0.21,false,false,near_mint,en,EUR,2026-07-13T18:41:44.893Z
Blazing Crescendo,MSH,Marvel Super Heroes,125,foil,common,1,113828,8447c3d6-8c65-4d3c-81c4-609801602d06,0.08,false,false,near_mint,en,EUR,2026-07-13T18:41:44.892Z
Fisk Tower,MSH,Marvel Super Heroes,265,foil,common,1,113786,7690e624-93c1-46f4-8f33-e28d881787d3,0.11,false,false,near_mint,en,EUR,2026-07-13T18:41:44.891Z
The Ruinous Wrecking Crew,MSH,Marvel Super Heroes,422,foil,rare,1,113335,52c4f3fa-d6d2-4fe7-9a9c-ec3ab41134e9,0.02,false,false,near_mint,en,EUR,2026-07-13T18:41:44.890Z
Heroic Intervention,MAR,Marvel Universe,80,foil,mythic,1,110049,4208a5fd-4ca9-4648-883e-5dfe02746e68,9.03,false,false,near_mint,en,EUR,2026-07-13T18:41:44.889Z
"Winter Soldier, Icy Assassin",MSH,Marvel Super Heroes,377,normal,rare,1,113371,76c05333-0e02-4173-b8b4-cb0da3b99a64,0.28,false,false,near_mint,en,EUR,2026-07-13T18:41:44.888Z
Metallic Mimic,MSC,Marvel Super Heroes Commander,441,normal,rare,1,114445,75892bf0-6eb3-4a38-83c4-f0f8854c55f6,1.09,false,false,near_mint,en,EUR,2026-07-13T18:41:44.887Z
"Citizen V, Helmut Zemo",MSC,Marvel Super Heroes Commander,650,foil,rare,1,113686,4c2bdc18-9648-44a2-97dd-b0e03789d186,1.14,false,false,near_mint,en,EUR,2026-07-13T18:41:44.886Z
Plains,MSH,Marvel Super Heroes,277,foil,common,1,113252,be30f027-ffdd-4d81-bed2-4adb6b4b803f,0.16,false,false,near_mint,en,EUR,2026-07-13T18:41:44.885Z
"Baron Strucker, HYDRA Overlord",MSH,Marvel Super Heroes,315,foil,uncommon,1,113395,fa4e32b7-8c2c-4efa-b5a4-b32abcae1ad2,0.14,false,false,near_mint,en,EUR,2026-07-13T18:41:44.884Z
Heroes' Hangout,MSC,Marvel Super Heroes Commander,804,foil,uncommon,1,113965,c1525c1c-b5ed-4707-83be-73457d04d2cd,0.23,false,false,near_mint,en,EUR,2026-07-13T18:41:44.883Z
Armed Assailant,MSC,Marvel Super Heroes Commander,647,foil,common,1,113718,58d18eaa-493d-4e3f-920f-276e393ae74d,0.12,false,false,near_mint,en,EUR,2026-07-13T18:41:44.882Z
Contract Hero,MSC,Marvel Super Heroes Commander,683,foil,common,1,113795,784af2b7-9f2d-450f-af93-b344fae39e8a,0.12,false,false,near_mint,en,EUR,2026-07-13T18:41:44.881Z
"Justice, Vance Astrovik",MSH,Marvel Super Heroes,61,foil,uncommon,1,114079,f1448731-d50e-4b9c-8eb2-3d85c21516c6,0.16,false,false,near_mint,en,EUR,2026-07-13T18:41:44.880Z
Thor Odinson,MSH,Marvel Super Heroes,234,foil,uncommon,1,113131,0e06f730-ae30-4ef2-88b1-073e02afdb25,0.2,false,false,near_mint,en,EUR,2026-07-13T18:41:44.879Z
Subterranean Cavern,MSH,Marvel Super Heroes,273,foil,common,1,113515,038bf500-e23a-4d38-9312-db1909e20353,0.14,false,false,near_mint,en,EUR,2026-07-13T18:41:44.878Z
HYDRA Troopers,MSH,Marvel Super Heroes,101,foil,common,1,113410,40c202f1-6e0d-42f4-a41e-e0be3362d585,0.1,false,false,near_mint,en,EUR,2026-07-13T18:41:44.876Z
Galactus,TMSH,Marvel Super Heroes Tokens,8,foil,common,1,114565,d911f8c6-88a5-4f66-a400-4df72b49c351,,false,false,near_mint,en,EUR,2026-07-13T18:41:44.875Z
The Serpent Society,MSH,Marvel Super Heroes,424,foil,rare,1,113398,112ac08d-a4b6-4f2b-8afb-41d2ca948d56,2.48,false,false,near_mint,en,EUR,2026-07-13T18:41:44.874Z
Light of Promise,MAR,Marvel Universe,46,normal,mythic,1,113324,f78673f6-8173-4d0e-ae50-539cad30aa5c,0.36,false,false,near_mint,en,EUR,2026-07-13T18:41:44.873Z
Moon Girl and Devil Dinosaur,MSH,Marvel Super Heroes,421,normal,rare,1,113169,42141284-32b3-4195-b696-801232fe6799,0.28,false,false,near_mint,en,EUR,2026-07-13T18:41:44.872Z
Archnemesis,MSC,Marvel Super Heroes Commander,391,normal,rare,1,114380,2a75bfc8-7aa5-49ce-90c7-21d76733760c,1.85,false,false,near_mint,en,EUR,2026-07-13T18:41:44.871Z
Astonishing Spider-Man,MSC,Marvel Super Heroes Commander,740,foil,rare,1,113937,b5787d4b-ce1e-49d9-9669-307bda264b33,1.96,false,false,near_mint,en,EUR,2026-07-13T18:41:44.870Z
Swamp,MSH,Marvel Super Heroes,281,foil,common,1,113270,dda87be6-317e-4227-a96d-7742ac054d2e,0.14,false,false,near_mint,en,EUR,2026-07-13T18:41:44.869Z
"Human Torch, Johnny Storm",MSH,Marvel Super Heroes,321,foil,uncommon,1,113155,2fa8010c-3f88-4fbe-880e-7facfea06893,0.08,false,false,near_mint,en,EUR,2026-07-13T18:41:44.868Z
Origin of Thor,MSC,Marvel Super Heroes Commander,701,foil,uncommon,1,113948,bbe89f07-999c-437a-8b4a-d3901a1fc0ba,0.35,false,false,near_mint,en,EUR,2026-07-13T18:41:44.867Z
Lurking Lizards,MSC,Marvel Super Heroes Commander,816,foil,common,1,113969,c32786e6-f61a-48d1-bee3-3da256ebfd2e,0.16,false,false,near_mint,en,EUR,2026-07-13T18:41:44.866Z
The Howling Commandos,MSC,Marvel Super Heroes Commander,598,foil,common,1,114039,e1982da2-4ed5-4fa7-aa88-26362b7b4dc5,0.23,false,false,near_mint,en,EUR,2026-07-13T18:41:44.865Z
"Human Torch, Johnny Storm",MSH,Marvel Super Heroes,136,foil,uncommon,1,113227,8f8659f6-a793-4edc-8401-d9126840c1c2,0.17,false,false,near_mint,en,EUR,2026-07-13T18:41:44.864Z
"Baron Strucker, HYDRA Overlord",MSH,Marvel Super Heroes,88,foil,uncommon,1,113389,eaf2251a-ffaf-4055-9474-7e3d08d89609,0.17,false,false,near_mint,en,EUR,2026-07-13T18:41:44.863Z
Depower,MSH,Marvel Super Heroes,50,foil,common,1,113626,36e9a6e9-1f9d-4860-97ee-f01e66f8eb4d,0.09,false,false,near_mint,en,EUR,2026-07-13T18:41:44.862Z
Restorative Technique,MSH,Marvel Super Heroes,183,foil,common,1,114028,dbe9102d-b92b-4c32-93f6-5b6dc0fa08e6,0.12,false,false,near_mint,en,EUR,2026-07-13T18:41:44.861Z
Decoy Ploy,MSH,Marvel Super Heroes,94,foil,common,1,114018,d8719b74-48ef-4f68-b59a-949edd644ddc,0.07,false,false,near_mint,en,EUR,2026-07-13T18:41:44.860Z
"Hawkeye, Master Marksman",MSH,Marvel Super Heroes,367,foil,rare,1,113420,972aedc2-c645-45d7-8976-de1fd504e819,0.96,false,false,near_mint,en,EUR,2026-07-13T18:41:44.858Z
Harbinger of the Seas,MAR,Marvel Universe,55,normal,mythic,1,110068,cd8c028c-82bb-4d47-a9cb-ed34c25f2599,1.74,false,false,near_mint,en,EUR,2026-07-13T18:41:44.857Z
"Hulk, Always Angry",MSC,Marvel Super Heroes Commander,502,normal,rare,1,114585,eab5ca32-fe4c-41d2-9b80-9992ee482c01,0.02,false,false,near_mint,en,EUR,2026-07-13T18:41:44.856Z
Ultimate Nullification,MSC,Marvel Super Heroes Commander,324,normal,rare,1,114571,dffb1267-4be7-4eac-aafa-7394b27bcfdf,1.47,false,false,near_mint,en,EUR,2026-07-13T18:41:44.855Z
"Winter Soldier, Icy Assassin",MSH,Marvel Super Heroes,239,foil,rare,1,113390,ebf71ffc-6e3e-4ca0-a84a-3c1ebd2b64b1,0.28,false,false,near_mint,en,EUR,2026-07-13T18:41:44.854Z
"Bullseye, Death Dealer",MSH,Marvel Super Heroes,325,foil,uncommon,1,113838,879abc8e-bc69-4214-945a-09d02b66010c,0.02,false,false,near_mint,en,EUR,2026-07-13T18:41:44.852Z
Imperial Cosmographer,MSC,Marvel Super Heroes Commander,624,foil,uncommon,1,113788,76cfd45f-62c4-4832-aae2-3f02d1dea38a,0.21,false,false,near_mint,en,EUR,2026-07-13T18:41:44.851Z
Fantastic Bounce,MSC,Marvel Super Heroes Commander,620,foil,common,1,113773,715ccf9c-5f3b-49b7-a8c3-704cd5fb7731,0.17,false,false,near_mint,en,EUR,2026-07-13T18:41:44.850Z
Big Wheel,MSC,Marvel Super Heroes Commander,679,foil,common,1,114040,e21f21d0-d2a4-4617-bda1-72b683fe3011,0.16,false,false,near_mint,en,EUR,2026-07-13T18:41:44.849Z
"Arnim Zola, Bio-Fanatic",MSH,Marvel Super Heroes,86,foil,uncommon,1,113525,07c70df6-b064-424a-852e-201b312a5b54,0.11,false,false,near_mint,en,EUR,2026-07-13T18:41:44.848Z
"Speed, Young Avenger",MSH,Marvel Super Heroes,152,foil,uncommon,1,114002,d15d187b-dc5d-482d-a79a-b9b98193ad7a,0.1,false,false,near_mint,en,EUR,2026-07-13T18:41:44.847Z
HYDRA Infiltration,MSH,Marvel Super Heroes,100,foil,common,1,113968,c2e446e1-e384-4d5f-8099-544f78c08510,0.06,false,false,near_mint,en,EUR,2026-07-13T18:41:44.846Z
Panther Pounce,MSH,Marvel Super Heroes,29,foil,common,1,113654,4122ae40-800d-4b6b-93c9-aa503c33f1a9,0.11,false,false,near_mint,en,EUR,2026-07-13T18:41:44.845Z
Hell's Kitchen,MSH,Marvel Super Heroes,268,foil,common,1,113741,6137c34e-cc4c-4342-a8e4-cfa9c767c67b,0.14,false,false,near_mint,en,EUR,2026-07-13T18:41:44.844Z
Heroic Feast,MSH,Marvel Super Heroes,414,foil,rare,1,114032,dd9b6b3f-07b1-42d2-8aff-8da3113b9d88,1.26,false,false,near_mint,en,EUR,2026-07-13T18:41:44.842Z
Monstrous Rage,MAR,Marvel Universe,72,normal,mythic,1,113308,9ebf25f9-844c-40c6-b0f0-d5c82ee04656,0.66,false,false,near_mint,en,EUR,2026-07-13T18:41:44.841Z
Captain America's Shield,MSH,Marvel Super Heroes,317,normal,rare,1,113349,8d70d97a-d0a9-4603-8f59-174d54b0e095,2.17,false,false,near_mint,en,EUR,2026-07-13T18:41:44.840Z
"Black Widow, Agile Avenger",MSC,Marvel Super Heroes Commander,395,normal,rare,1,114362,0b165b56-ad86-4d8c-91e2-1464b2ac5c6d,23.56,false,false,near_mint,en,EUR,2026-07-13T18:41:44.839Z
The Wondrous Wasp,MSH,Marvel Super Heroes,84,foil,rare,1,113675,484e80a4-1d5f-4c27-98a8-ee2ef9d6cbdc,3.17,false,false,near_mint,en,EUR,2026-07-13T18:41:44.838Z
Swamp,MSH,Marvel Super Heroes,282,foil,common,1,113203,69eee76e-5714-4503-8170-3f551410abec,0.16,false,false,near_mint,en,EUR,2026-07-13T18:41:44.837Z
HULK SMASH!,MSH,Marvel Super Heroes,332,foil,common,1,113129,0d01bc37-ebf4-4f08-9beb-fef8787f8e7a,0.12,false,false,near_mint,en,EUR,2026-07-13T18:41:44.836Z
"Stick, Fearless Mentor",MSC,Marvel Super Heroes Commander,706,foil,uncommon,1,113783,75147899-6eda-41dd-acec-cfe09dc38ba2,0.24,false,false,near_mint,en,EUR,2026-07-13T18:41:44.835Z
Wild Pack Squad,MSC,Marvel Super Heroes Commander,781,foil,common,1,113989,ca3cdbf8-f09c-43c4-bb43-87f244554838,0.05,false,false,near_mint,en,EUR,2026-07-13T18:41:44.834Z
Beast Mode,MSC,Marvel Super Heroes Commander,713,foil,common,1,113630,39191f85-7698-487e-afad-07648a7cb695,0.02,false,false,near_mint,en,EUR,2026-07-13T18:41:44.833Z
"Falcon, Winged Wonder",MSH,Marvel Super Heroes,52,foil,uncommon,1,113376,8dc209ed-0d4c-4d0c-90e8-04cadc3d4c3d,0.15,false,false,near_mint,en,EUR,2026-07-13T18:41:44.832Z
Madame Hydra,MSH,Marvel Super Heroes,221,foil,uncommon,1,113279,e94ccedb-1d27-4098-8823-d8d99b30387c,0.14,false,false,near_mint,en,EUR,2026-07-13T18:41:44.831Z
Giant Growth,MSH,Marvel Super Heroes,167,foil,common,1,114105,fd1f95bf-48ea-455a-8a6c-0249b11c8900,0.07,false,false,near_mint,en,EUR,2026-07-13T18:41:44.830Z
Call Damage Control,MSH,Marvel Super Heroes,162,foil,common,1,114035,de1ed886-c33b-4cfd-8442-944cec654a8b,0.14,false,false,near_mint,en,EUR,2026-07-13T18:41:44.829Z
Red Room Recruit,MSH,Marvel Super Heroes,110,foil,common,1,114087,f52a5ba3-a618-4f52-9d33-ba85345eb627,0.11,false,false,near_mint,en,EUR,2026-07-13T18:41:44.828Z
Thunderbolts Conspiracy,MSH,Marvel Super Heroes,410,foil,rare,1,113228,90da36af-fddb-43e5-992e-2aa782af66c3,0.64,false,false,near_mint,en,EUR,2026-07-13T18:41:44.827Z
Deadly Dispute,MAR,Marvel Universe,64,foil,mythic,1,113320,e0f658ff-323e-4e32-beaa-1d5753b4f081,2.7,false,false,near_mint,en,EUR,2026-07-13T18:41:44.826Z
"Black Widow, Intel Expert",MSC,Marvel Super Heroes Commander,504,normal,rare,1,114411,49671454-db5d-4b0f-a609-7f717dd96d24,0.25,false,false,near_mint,en,EUR,2026-07-13T18:41:44.825Z
"Namor, Atlantean King",MSC,Marvel Super Heroes Commander,409,normal,rare,1,114557,d0a50b9d-d368-4ab9-a697-cc082d8aabc5,1.24,false,false,near_mint,en,EUR,2026-07-13T18:41:44.824Z
"Iron Man, Bleeding Edge",MSC,Marvel Super Heroes Commander,626,foil,rare,1,113247,b14b6721-6491-41a4-afb4-93bd76f21173,6.52,false,false,near_mint,en,EUR,2026-07-13T18:41:44.823Z
Mountain,MSH,Marvel Super Heroes,284,foil,common,1,113145,22cc3a0c-ab10-490d-b309-df87df551328,0.2,false,false,near_mint,en,EUR,2026-07-13T18:41:44.822Z
"Abomination, Terrifying Titan",MSH,Marvel Super Heroes,333,foil,uncommon,1,113429,d1fb5d54-8232-4888-9d51-5aca90a7b6eb,0.14,false,false,near_mint,en,EUR,2026-07-13T18:41:44.821Z
"Tiger Shark, Abyssal Hunter",MSC,Marvel Super Heroes Commander,747,foil,uncommon,1,113566,1a7b5a4c-b801-446a-984f-42349b7f8bfe,0.4,false,false,near_mint,en,EUR,2026-07-13T18:41:44.820Z
Doc Ock's Henchmen,MSC,Marvel Super Heroes Commander,784,foil,common,1,113669,455e9558-494e-43b2-b661-8e996d767f49,0.26,false,false,near_mint,en,EUR,2026-07-13T18:41:44.819Z
Infinity Formula,MSC,Marvel Super Heroes Commander,601,foil,common,1,113561,18286716-cdd6-4035-af0d-8e0a8dde68f7,0.12,false,false,near_mint,en,EUR,2026-07-13T18:41:44.818Z
Too Evil to Stay Dead,MSH,Marvel Super Heroes,118,foil,uncommon,1,114085,f471e9ce-73bb-4090-98f2-f591c7cf4efe,0.2,false,false,near_mint,en,EUR,2026-07-13T18:41:44.817Z
"Spider-Man, To the Rescue",MSH,Marvel Super Heroes,228,foil,uncommon,1,114050,e5db6968-1ca3-46bd-8cf9-e2c411ab29c1,0.16,false,false,near_mint,en,EUR,2026-07-13T18:41:44.816Z
Rapid Rescue,MSH,Marvel Super Heroes,181,foil,common,1,114015,d739e636-681e-4423-84e3-91efd02b2c94,0.12,false,false,near_mint,en,EUR,2026-07-13T18:41:44.815Z
Murdock's Crusade,MSH,Marvel Super Heroes,24,foil,common,1,113234,98df64ca-39c3-47e6-8143-4106c8e9cf59,0.12,false,false,near_mint,en,EUR,2026-07-13T18:41:44.814Z
Widow's Bite,MSH,Marvel Super Heroes,122,foil,common,1,114029,dbee18af-9ade-4251-81a1-f6e7ffbf480f,0.13,false,false,near_mint,en,EUR,2026-07-13T18:41:44.813Z
"Thanos, the Mad Titan",MSH,Marvel Super Heroes,400,foil,mythic,1,113258,c2cdcd6d-15ee-46be-b90e-b0f5d2c5de87,105.51,false,false,near_mint,en,EUR,2026-07-13T18:41:44.811Z
Heroic Intervention,MAR,Marvel Universe,78,normal,mythic,1,110043,12edbdcc-085f-48c8-9605-3c7e3fe63bc7,6.07,false,false,near_mint,en,EUR,2026-07-13T18:41:44.810Z
Worlds Within Worlds,MSH,Marvel Super Heroes,426,normal,rare,1,113160,36918a64-e13c-4a95-8068-eb2517572c66,0.2,false,false,near_mint,en,EUR,2026-07-13T18:41:44.809Z
Avengers Quinjet,MSC,Marvel Super Heroes Commander,426,normal,rare,1,114478,8f2e0e76-f8e9-4914-bdd8-474dc4667efb,0.65,false,false,near_mint,en,EUR,2026-07-13T18:41:44.808Z
"Iron Man, Modern Marvel",MSC,Marvel Super Heroes Commander,830,foil,mythic,1,113615,32df31b8-21cd-4872-a775-2144074e6a73,32.36,false,false,near_mint,en,EUR,2026-07-13T18:41:44.807Z
Forest,MSH,Marvel Super Heroes,285,foil,common,1,113276,e5da22bf-bc8a-4810-b273-1e33a6b37323,0.17,false,false,near_mint,en,EUR,2026-07-13T18:41:44.806Z
"Hobgoblin, Mantled Marauder",MSC,Marvel Super Heroes Commander,805,foil,uncommon,1,113900,a4dafd5a-e9eb-48b3-b3ec-8d6a9fd92116,0.23,false,false,near_mint,en,EUR,2026-07-13T18:41:44.804Z
Crossover Collaboration,MSC,Marvel Super Heroes Commander,684,foil,common,1,113577,1d632bef-ee93-4690-9c6d-07f70d18572a,0.31,false,false,near_mint,en,EUR,2026-07-13T18:41:44.803Z
Voltaic Whip,MSC,Marvel Super Heroes Commander,675,foil,common,1,114062,ebf68e1c-64d5-413b-84d8-8e0337108dcf,0.18,false,false,near_mint,en,EUR,2026-07-13T18:41:44.802Z
Hex Magic,MSH,Marvel Super Heroes,133,foil,uncommon,1,113591,259bed47-1950-43ae-8efd-3009537529a8,3.95,false,false,near_mint,en,EUR,2026-07-13T18:41:44.801Z
Avengers Tower,MSH,Marvel Super Heroes,260,foil,uncommon,1,113374,88f0d9c9-8a1f-4b5a-b6f9-821ddd658d27,0.16,false,false,near_mint,en,EUR,2026-07-13T18:41:44.800Z
Raft Security Officer,MSH,Marvel Super Heroes,33,foil,common,1,114095,f9b9f9d6-b50c-4b29-80be-284ba773c70b,0.09,false,false,near_mint,en,EUR,2026-07-13T18:41:44.799Z
Take Up the Shield,MSH,Marvel Super Heroes,39,foil,common,1,113700,5199d708-8b11-461d-9e91-3e8cd70906f7,0.14,false,false,near_mint,en,EUR,2026-07-13T18:41:44.798Z
I Am Iron Man,MSH,Marvel Super Heroes,58,foil,common,1,113885,9c401abb-5978-41c0-962b-0432f9433929,0.15,false,false,near_mint,en,EUR,2026-07-13T18:41:44.797Z
The Super Hero Civil War,MSH,Marvel Super Heroes,308,foil,rare,1,113331,3260ac51-1e78-4cb2-9dd8-bbe1b6692583,0.3,false,false,near_mint,en,EUR,2026-07-13T18:41:44.796Z
Don't Move,MAR,Marvel Universe,43,normal,mythic,1,114200,c55e5f0d-8a4b-4b6f-ab43-1268b6fac74e,1.76,false,false,near_mint,en,EUR,2026-07-13T18:41:44.795Z
Namor the Sub-Mariner,MSH,Marvel Super Heroes,362,normal,mythic,1,113217,804e43a0-faf6-4cd7-b5e8-34c767f8fa1c,5.62,false,false,near_mint,en,EUR,2026-07-13T18:41:44.794Z
Door of Destinies,MSC,Marvel Super Heroes Commander,432,normal,rare,1,114403,42e4eab3-e9a5-4e62-8d04-0a833c10c5df,3.58,false,false,near_mint,en,EUR,2026-07-13T18:41:44.793Z
"King T'Challa // Black Panther, Hope Enduring",MSH,Marvel Super Heroes,219,foil,mythic,1,113244,add7d3ce-aa58-4da0-8c2a-cfd01c3a8975,11.63,false,false,near_mint,en,EUR,2026-07-13T18:41:44.792Z
Plains,MSH,Marvel Super Heroes,278,foil,common,1,113202,69a24fc3-90f9-4f2e-91d9-1aaca888e432,0.18,false,false,near_mint,en,EUR,2026-07-13T18:41:44.791Z
"Invisible Woman, Sue Storm",MSH,Marvel Super Heroes,323,foil,uncommon,1,113223,8a037650-cdb2-41f8-b3a8-fedcfdb90259,0.07,false,false,near_mint,en,EUR,2026-07-13T18:41:44.790Z
General Thunderbolt Ross,MSC,Marvel Super Heroes Commander,595,foil,uncommon,1,113536,0f352743-383c-4806-8cbd-d2bea6057283,0.48,false,false,near_mint,en,EUR,2026-07-13T18:41:44.789Z
Shock,MSC,Marvel Super Heroes Commander,809,foil,common,1,113926,b23900fb-efe9-43ab-9f67-4545dd01fb9c,0.16,false,false,near_mint,en,EUR,2026-07-13T18:41:44.788Z
Wall Off,MSC,Marvel Super Heroes Commander,614,foil,common,1,113831,858182cb-060c-429f-86e9-3d88d2a3b205,0.16,false,false,near_mint,en,EUR,2026-07-13T18:41:44.787Z
"Reptil, Dinomorpher",MSH,Marvel Super Heroes,182,foil,uncommon,1,113332,472db3f2-23df-46c1-86c6-f35fbe5ab4e3,0.14,false,false,near_mint,en,EUR,2026-07-13T18:41:44.786Z
Robot Domination,MSH,Marvel Super Heroes,111,foil,uncommon,1,113423,b26bb968-6612-43fe-9147-a3d4786cbc20,0.13,false,false,near_mint,en,EUR,2026-07-13T18:41:44.785Z
Hydraulic Helper,MSH,Marvel Super Heroes,57,foil,common,1,113523,06d8a2a0-775b-4813-973f-8b15612b38d1,0.14,false,false,near_mint,en,EUR,2026-07-13T18:41:44.784Z
Crimson Operative,MSH,Marvel Super Heroes,126,foil,common,1,113975,c4bc077c-f220-47a5-aaf4-5324ca23d0c5,0.14,false,false,near_mint,en,EUR,2026-07-13T18:41:44.783Z
Web Up,MSH,Marvel Super Heroes,41,foil,common,1,113882,9a1b057b-229c-4f65-ba4e-12dd342238de,0.07,false,false,near_mint,en,EUR,2026-07-13T18:41:44.782Z
Wall,TMSH,Marvel Super Heroes Tokens,1,foil,common,1,114462,82d35a61-3c87-405d-b857-cf43067cb1c4,,false,false,near_mint,en,EUR,2026-07-13T18:41:44.781Z
"Winter Soldier, Icy Assassin",MSH,Marvel Super Heroes,377,foil,rare,1,113371,76c05333-0e02-4173-b8b4-cb0da3b99a64,0.66,false,false,near_mint,en,EUR,2026-07-13T18:41:44.780Z
Cyberdrive Awakener,MAR,Marvel Universe,53,normal,mythic,1,114117,9319c91c-fad3-4840-b3ca-5d3d94eb7ddf,1.19,false,false,near_mint,en,EUR,2026-07-13T18:41:44.779Z
Gleaming Bastion,MSH,Marvel Super Heroes,382,normal,rare,1,113336,7c769658-0d99-4758-b8bd-4c8d03a09add,2.6,false,false,near_mint,en,EUR,2026-07-13T18:41:44.778Z
Power Pack,MSC,Marvel Super Heroes Commander,411,normal,rare,1,114513,a89aaa6d-cbe4-45e5-b2cc-4465aa7f6b3d,0.88,false,false,near_mint,en,EUR,2026-07-13T18:41:44.777Z
Iron Man Armor,MSH,Marvel Super Heroes,248,foil,mythic,1,113622,361c2f3b-f04e-446b-a683-9195e238daf0,3.84,false,false,near_mint,en,EUR,2026-07-13T18:41:44.776Z
Blazing Crescendo,MSH,Marvel Super Heroes,340,foil,common,1,113567,1ac8c104-572e-443d-b6d2-0cd26c0fef98,0.16,false,false,near_mint,en,EUR,2026-07-13T18:41:44.774Z
"Bucky Barnes, Eager Ally",MSC,Marvel Super Heroes Commander,586,foil,uncommon,1,113717,58a6ca84-64b8-4137-b3ce-9540b6dfa162,0.39,false,false,near_mint,en,EUR,2026-07-13T18:41:44.773Z
Taxi Driver,MSC,Marvel Super Heroes Commander,811,foil,common,1,114045,e3b28135-5c48-4525-8bc6-4833a904ade4,0.03,false,false,near_mint,en,EUR,2026-07-13T18:41:44.772Z
Ultimate Alliance,MSC,Marvel Super Heroes Commander,611,foil,common,1,113755,6b328224-fa09-41b0-aa55-8ebc841f8f7e,0.15,false,false,near_mint,en,EUR,2026-07-13T18:41:44.771Z
"Echo, Perceptive Prodigy",MSH,Marvel Super Heroes,51,foil,uncommon,1,113260,cd9b9be6-0143-467c-8a2a-937ecafe0473,0.02,false,false,near_mint,en,EUR,2026-07-13T18:41:44.770Z
"Abomination, Terrifying Titan",MSH,Marvel Super Heroes,198,foil,uncommon,1,113361,2c6ab9bb-dba2-4b5b-a4d9-54735f65ac21,0.13,false,false,near_mint,en,EUR,2026-07-13T18:41:44.769Z
Hire a Crew,MSH,Marvel Super Heroes,134,foil,common,1,113696,50a6aa80-79a3-46f3-9cc1-5bf663b64976,0.1,false,false,near_mint,en,EUR,2026-07-13T18:41:44.768Z
HYDRA Assault Robot,MSH,Marvel Super Heroes,137,foil,common,1,114044,e3b23fff-7d3b-4341-b556-82136f8c113b,0.22,false,false,near_mint,en,EUR,2026-07-13T18:41:44.767Z
Savage Land Dinosaur,MSH,Marvel Super Heroes,185,foil,common,1,113714,562bd376-3fba-4de0-b9fc-183004b03732,0.12,false,false,near_mint,en,EUR,2026-07-13T18:41:44.766Z
Iron Man Armor,MSH,Marvel Super Heroes,427,foil,mythic,1,113992,cb2f6737-8063-4e67-affc-42c4915d2db1,8.48,false,false,near_mint,en,EUR,2026-07-13T18:41:44.764Z
Dig Through Time,MAR,Marvel Universe,54,normal,mythic,1,110057,87c899c1-401f-4090-8f71-307e7106cdf2,0.65,false,false,near_mint,en,EUR,2026-07-13T18:41:44.763Z
Hidden Lair,MSH,Marvel Super Heroes,383,normal,rare,1,113333,4c2d4184-0377-40ee-9bf4-40d5183d0d0d,3.19,false,false,near_mint,en,EUR,2026-07-13T18:41:44.762Z
Genesis Ultimatum,MSC,Marvel Super Heroes Commander,402,normal,rare,1,114579,e7be1a2a-e4dc-4b08-b46b-275e07fbf61d,0.38,false,false,near_mint,en,EUR,2026-07-13T18:41:44.761Z
Grim Reaper's Scythe,MSC,Marvel Super Heroes Commander,658,foil,rare,1,113560,16e47e94-4bab-4818-8197-47435af7dab2,1.93,false,false,near_mint,en,EUR,2026-07-13T18:41:44.760Z
Mountain,MSH,Marvel Super Heroes,283,foil,common,1,113236,9c29ba11-7438-4fd7-98b9-961be882122d,0.2,false,false,near_mint,en,EUR,2026-07-13T18:41:44.759Z
Red Hulk,MSH,Marvel Super Heroes,329,foil,uncommon,1,113814,7e623818-838b-4c02-a23a-498cf18d70d6,0.15,false,false,near_mint,en,EUR,2026-07-13T18:41:44.758Z
Iceman and Firestar,MSC,Marvel Super Heroes Commander,742,foil,uncommon,1,113643,3dbc2d29-c56f-4c80-b671-24f39c8d80e5,0.22,false,false,near_mint,en,EUR,2026-07-13T18:41:44.757Z
Dismissive Denial,MSC,Marvel Super Heroes Commander,619,foil,common,1,113553,155dcbd3-346d-4c30-91b3-95197b376ec5,0.15,false,false,near_mint,en,EUR,2026-07-13T18:41:44.756Z
"MACH-1, Swooping Scoundrel",MSC,Marvel Super Heroes Commander,662,foil,common,1,114083,f3933900-a6f7-411c-be2a-96fe7c28f972,0.19,false,false,near_mint,en,EUR,2026-07-13T18:41:44.755Z
"Iron Man, Master of Machines",MSH,Marvel Super Heroes,216,foil,uncommon,1,113226,8f84ab0a-bf6e-4f28-9da8-998512a224ed,0.16,false,false,near_mint,en,EUR,2026-07-13T18:41:44.754Z
Dark Deed,MSH,Marvel Super Heroes,93,foil,uncommon,1,113178,49e36cac-3999-40b3-91b3-85af4fded679,0.18,false,false,near_mint,en,EUR,2026-07-13T18:41:44.753Z
Borough Backup,MSH,Marvel Super Heroes,7,foil,common,1,113947,bb753ac8-67e1-44b0-b404-37f04c2b7438,0.13,false,false,near_mint,en,EUR,2026-07-13T18:41:44.752Z
Repulsor Blast,MSH,Marvel Super Heroes,150,foil,common,1,113826,837265b0-fc15-4d96-9d6b-fd1c78534262,0.11,false,false,near_mint,en,EUR,2026-07-13T18:41:44.751Z
Birnin Zana Plaza,MSH,Marvel Super Heroes,262,foil,common,1,113655,41463827-46de-40c4-ac2b-1fdf6aa36f65,0.09,false,false,near_mint,en,EUR,2026-07-13T18:41:44.750Z
Namor the Sub-Mariner,MSH,Marvel Super Heroes,362,foil,mythic,1,113217,804e43a0-faf6-4cd7-b5e8-34c767f8fa1c,8.4,false,false,near_mint,en,EUR,2026-07-13T18:41:44.749Z
Horn of Greed,MAR,Marvel Universe,98,normal,mythic,1,110071,e37487e4-c553-4495-a839-6a96209eaaa1,3.76,false,false,near_mint,en,EUR,2026-07-13T18:41:44.748Z
Baron Helmut Zemo,MSH,Marvel Super Heroes,405,normal,rare,1,113142,1ff8f5aa-a450-4399-bd3a-a8f6b221bab0,1.01,false,false,near_mint,en,EUR,2026-07-13T18:41:44.747Z
Smoldering Marsh,MSC,Marvel Super Heroes Commander,493,normal,rare,1,114450,7b0edb33-1aa9-40ba-ba2b-db7c02768acd,0.99,false,false,near_mint,en,EUR,2026-07-13T18:41:44.746Z
"Wolverine, Fierce Fighter",MSH,Marvel Super Heroes,240,foil,rare,1,113257,c1c7aa22-51b0-45ee-9a8e-5493a1820d8c,0.19,false,false,near_mint,en,EUR,2026-07-13T18:41:44.745Z
"Mister Fantastic, Reed Richards",MSH,Marvel Super Heroes,320,foil,uncommon,1,113207,6fa1c908-68cb-4832-b972-f9efe7d55cdb,0.1,false,false,near_mint,en,EUR,2026-07-13T18:41:44.743Z
Origin of Iron Man,MSC,Marvel Super Heroes Commander,633,foil,uncommon,1,113836,85e61a72-5184-417d-8cda-f6b723ba00c4,0.38,false,false,near_mint,en,EUR,2026-07-13T18:41:44.742Z
"Venom, Evil Unleashed",MSC,Marvel Super Heroes Commander,800,foil,common,1,113800,78fcfdd0-7744-4fed-83dc-6b9a3235ab6f,0.19,false,false,near_mint,en,EUR,2026-07-13T18:41:44.741Z
Shipwreck Patrol,MSC,Marvel Super Heroes Commander,638,foil,common,1,113886,9d9d1ed2-49fa-4974-b88f-c996c1b7de5b,0.24,false,false,near_mint,en,EUR,2026-07-13T18:41:44.740Z
"Klaw, Sonic Subjugator",MSH,Marvel Super Heroes,103,foil,uncommon,1,113980,c79a86f8-24e9-49a2-8b1c-72a72fed1985,0.12,false,false,near_mint,en,EUR,2026-07-13T18:41:44.739Z
"Ghost, Spectral Saboteur",MSH,Marvel Super Heroes,214,foil,uncommon,1,113967,c22bb4d5-6b6f-4c43-b005-48ae4042739d,0.15,false,false,near_mint,en,EUR,2026-07-13T18:41:44.738Z
Cruel Alliance,MSH,Marvel Super Heroes,92,foil,common,1,114019,d895d5a1-d382-438b-8551-e142bb5142af,0.07,false,false,near_mint,en,EUR,2026-07-13T18:41:44.737Z
Atlantean Cavalry,MSH,Marvel Super Heroes,45,foil,common,1,113546,1319bf54-8705-4cc4-8d08-40f05fd09837,0.15,false,false,near_mint,en,EUR,2026-07-13T18:41:44.736Z
Pym Technologies,MSH,Marvel Super Heroes,271,foil,common,1,113578,1de583ce-e805-45f1-907f-198bc82fd3b5,0.15,false,false,near_mint,en,EUR,2026-07-13T18:41:44.735Z
Island,MSH,Marvel Super Heroes,280,foil,common,2,113230,937b3d7d-decb-4e17-998a-6def3f2c97a2,0.21,false,false,near_mint,en,EUR,2026-07-13T18:41:44.744Z
Island,MSH,Marvel Super Heroes,279,foil,common,2,113225,8c1467b1-ff2c-4f73-91ba-bc2b07afc2c3,0.16,false,false,near_mint,en,EUR,2026-07-13T18:41:44.775Z
"Arnim Zola, Bio-Fanatic",MSH,Marvel Super Heroes,319,foil,uncommon,2,113859,8e3fdece-348a-45eb-871f-fffa91a1fbda,0.02,false,false,near_mint,en,EUR,2026-07-13T18:41:44.805Z
Soldier,TMSH,Marvel Super Heroes Tokens,3,foil,common,3,114590,ecd686bf-d14b-491c-b0c5-88fc8f0472f9,,false,false,near_mint,en,EUR,2026-07-13T18:41:44.765Z
Villain,TMSH,Marvel Super Heroes Tokens,9,foil,common,2,114297,4a51b6a0-9a54-4f01-b959-0a28c15d103f,,false,false,near_mint,en,EUR,2026-07-13T18:41:44.812Z
Servo,TMH3,Modern Horizons 3 Tokens,33,foil,common,1,95180,23165814-3eb8-4d94-b9c8-ecc798afe7a0,,false,false,near_mint,en,EUR,2026-07-13T18:48:24.028Z
Volatile Stormdrake,MH3,Modern Horizons 3,329,foil,rare,1,94691,fb819762-02e8-4d32-8245-c44b809c34bb,9.88,false,false,near_mint,en,EUR,2026-07-13T18:48:24.027Z
Invert Polarity,MH3,Modern Horizons 3,459,normal,rare,1,94781,9458db2e-2013-492d-b086-9cf9dc230294,0.98,false,false,near_mint,en,EUR,2026-07-13T18:48:24.026Z
The Necrobloom,MH3,Modern Horizons 3,378,normal,rare,1,94542,90c5c8e0-0744-4bd3-a5a1-ca71c287569b,0.57,false,false,near_mint,en,EUR,2026-07-13T18:48:24.025Z
Disa the Restless,M3C,Modern Horizons 3 Commander,12,normal,mythic,1,94696,fefadcd8-cdf7-4080-bc34-5ce8f02c383e,0.33,false,false,near_mint,en,EUR,2026-07-13T18:48:24.024Z
Echoes of Eternity,MH3,Modern Horizons 3,4,foil,rare,1,94584,b28b9bee-d726-407b-9e5b-2231384df81e,1.23,false,false,near_mint,en,EUR,2026-07-13T18:48:24.023Z
Abiding Grace,H2R,Modern Horizons 2 Timeshifts,1,foil,uncommon,1,94367,1eaccb5a-76f9-4250-9bf0-0baa2d905868,0.21,false,false,near_mint,en,EUR,2026-07-13T18:48:24.022Z
"Skoa, Embermage",MH3,Modern Horizons 3,420,foil,common,1,94411,3b61aa8e-bb16-4ed5-b8d3-4e2f0c6d3812,0.04,false,false,near_mint,en,EUR,2026-07-13T18:48:24.021Z
Forest,MH3,Modern Horizons 3,308,foil,common,1,91792,ff4c78b4-7178-4a60-ba22-086fb18146df,0.22,false,false,near_mint,en,EUR,2026-07-13T18:48:24.020Z
Fell the Profane // Fell Mire,MH3,Modern Horizons 3,244,foil,uncommon,1,94566,a3cb782d-c459-468d-9779-9b5669abc337,5.83,false,false,near_mint,en,EUR,2026-07-13T18:48:24.019Z
Buried Alive,MH3,Modern Horizons 3,273,foil,uncommon,1,94503,76878b19-2916-4f3f-bee5-20846bc9e2db,1.37,false,false,near_mint,en,EUR,2026-07-13T18:48:24.018Z
Wurmcoil Larva,MH3,Modern Horizons 3,112,foil,uncommon,1,94618,cc9b30e0-3934-4e4c-bdd9-5b7696b45948,0.33,false,false,near_mint,en,EUR,2026-07-13T18:48:24.017Z
Warped Tusker,MH3,Modern Horizons 3,16,foil,common,1,94845,2b5f3a1a-8514-4598-be3d-c3be719f6951,0.19,false,false,near_mint,en,EUR,2026-07-13T18:48:24.016Z
Evolution Witness,MH3,Modern Horizons 3,151,foil,common,1,94439,4d89283e-9783-4006-9294-4ae0473d2ce6,0.36,false,false,near_mint,en,EUR,2026-07-13T18:48:24.015Z
Drossclaw,MH3,Modern Horizons 3,89,foil,common,1,94498,70e68656-3204-4bb5-9f31-8036083fcba6,0.08,false,false,near_mint,en,EUR,2026-07-13T18:48:24.014Z
Aether Spike,MH3,Modern Horizons 3,50,foil,common,1,94833,012f5195-10ab-4b32-a5de-a79341cd536a,0.21,false,false,near_mint,en,EUR,2026-07-13T18:48:24.013Z
Phyrexian Germ,TMH3,Modern Horizons 3 Tokens,16,foil,common,1,95196,5ec719dc-6b07-4b1d-a79c-84ebced33422,,false,false,near_mint,en,EUR,2026-07-13T18:48:24.012Z
Voidpouncer,MH3,Modern Horizons 3,143,foil,common,1,94841,1f9b8532-4f1a-4653-9cbb-befba8169e5a,0.08,false,false,near_mint,en,EUR,2026-07-13T18:48:24.011Z
Disruptor Flute,MH3,Modern Horizons 3,461,foil,rare,1,94661,e764e3e9-653c-44d7-b96a-530d51ca5c2f,14.24,false,false,near_mint,en,EUR,2026-07-13T18:48:24.010Z
Flare of Duplication,MH3,Modern Horizons 3,416,foil,rare,1,94353,170483c2-4e50-4cc8-9481-3330057d91bb,11.04,false,false,near_mint,en,EUR,2026-07-13T18:48:24.009Z
Wooded Foothills,MH3,Modern Horizons 3,467,normal,rare,1,91753,32af6676-e780-4ebf-b2d3-0bc3436e527c,20.35,false,false,near_mint,en,EUR,2026-07-13T18:48:24.008Z
March from Velis Vel,M3C,Modern Horizons 3 Commander,48,normal,rare,1,94271,32c2f269-e635-4459-a5a2-79e49c5401e5,0.2,false,false,near_mint,en,EUR,2026-07-13T18:48:24.007Z
Ruby Medallion,MH3,Modern Horizons 3,295,foil,rare,1,94477,630febf5-58ff-4dab-a5a8-575ebc5435a6,11.71,false,false,near_mint,en,EUR,2026-07-13T18:48:24.006Z
Snow-Covered Wastes,MH3,Modern Horizons 3,439,foil,uncommon,1,93019,d8c0de06-7782-4d2b-93ba-ef42cd5f79b4,0.55,false,false,near_mint,en,EUR,2026-07-13T18:48:24.005Z
Unholy Heat,H2R,Modern Horizons 2 Timeshifts,13,normal,common,1,94541,909bb097-1f7c-4d5b-be83-426d84e382c3,0.34,false,false,near_mint,en,EUR,2026-07-13T18:48:24.004Z
Swamp,MH3,Modern Horizons 3,306,foil,common,1,91781,c8e3909e-e00a-4855-a0be-b1c538f89cb8,0.27,false,false,near_mint,en,EUR,2026-07-13T18:48:24.003Z
Scurry of Gremlins,MH3,Modern Horizons 3,203,foil,uncommon,1,91758,470ce8e9-64b9-403c-bee0-66a4c47ca6d4,0.11,false,false,near_mint,en,EUR,2026-07-13T18:48:24.002Z
Emissary of Soulfire,MH3,Modern Horizons 3,183,foil,uncommon,1,94852,4663e9e3-1989-4ddb-9508-9cc055d2ebe9,0.11,false,false,near_mint,en,EUR,2026-07-13T18:48:24.001Z
Furnace Hellkite,MH3,Modern Horizons 3,121,foil,uncommon,1,94368,1f9d91b5-7c09-4a9c-9dc8-fdd4c049009c,0.18,false,false,near_mint,en,EUR,2026-07-13T18:48:24.000Z
Seething Landscape,MH3,Modern Horizons 3,225,foil,common,1,94751,661fc907-7003-45c6-820c-9616e9a71c30,0.29,false,false,near_mint,en,EUR,2026-07-13T18:48:23.999Z
Siege Smash,MH3,Modern Horizons 3,136,foil,common,1,94894,f33e3b25-76f5-4263-a309-9ea97f2d8248,0.19,false,false,near_mint,en,EUR,2026-07-13T18:48:23.998Z
Tune the Narrative,MH3,Modern Horizons 3,75,foil,common,1,94418,40b13321-98f1-4e8c-802d-65498e43ec24,0.29,false,false,near_mint,en,EUR,2026-07-13T18:48:23.997Z
"Anikthea, Hand of Erebos",CMM,Commander Masters,773,normal,mythic,1,84710,a71221a0-c474-4da1-9970-bb5adaad4f4d,10.3,false,false,near_mint,en,EUR,2026-07-15T06:41:31.492Z
Arashin Sunshield,TDM,Tarkir: Dragonstorm,3,foil,common,2,105168,dd7102d8-90b3-45a1-b66d-dcca469b1fb6,0.02,false,false,near_mint,en,EUR,2026-07-16T11:57:08.290Z
Sandskitter Outrider,TDM,Tarkir: Dragonstorm,89,foil,common,2,105122,1c4bfebe-f10f-44bd-9368-33e273ba5a55,0.05,false,false,near_mint,en,EUR,2026-07-16T11:57:08.289Z
Twin Bolt,TDM,Tarkir: Dragonstorm,128,foil,common,1,105137,688d8e93-d071-4089-9ef9-565ac4ae9ae0,0.11,false,false,near_mint,en,EUR,2026-07-16T11:57:08.288Z
Jade-Cast Sentinel,TDM,Tarkir: Dragonstorm,243,foil,common,1,104293,516ce5fa-bd00-429b-ba22-b38c7dd9306c,0.22,false,false,near_mint,en,EUR,2026-07-16T11:57:08.287Z
Starry-Eyed Skyrider,TDM,Tarkir: Dragonstorm,25,foil,uncommon,1,104624,4b3cc15e-1c82-454e-b541-4ab47c44814e,0.11,false,false,near_mint,en,EUR,2026-07-16T11:57:08.286Z
Traveling Botanist,TDM,Tarkir: Dragonstorm,164,foil,uncommon,1,104788,890b11b4-777a-4f1e-8c4d-21c5ebbfb0a2,0.17,false,false,near_mint,en,EUR,2026-07-16T11:57:08.285Z
Kin-Tree Severance,TDM,Tarkir: Dragonstorm,200,foil,uncommon,2,104896,b577e246-3377-42aa-856e-b9fa89f3603a,0.09,false,false,near_mint,en,EUR,2026-07-16T11:57:08.284Z
Boulderborn Dragon,TDM,Tarkir: Dragonstorm,323,normal,common,2,104326,970e11f0-337a-46b5-9bff-4bcb7843ed3a,0.08,false,false,near_mint,en,EUR,2026-07-16T11:57:08.283Z
Riling Dawnbreaker // Signaling Roar,TDM,Tarkir: Dragonstorm,292,foil,common,2,104607,48b73810-3abd-4469-a6f0-993b6fedc315,0.1,false,false,near_mint,en,EUR,2026-07-16T11:57:08.282Z
Mountain,TDM,Tarkir: Dragonstorm,275,foil,common,4,104397,fe0865ba-47c0-40bc-b0c6-e1ea5ae08a98,2.26,false,false,near_mint,en,EUR,2026-07-16T11:57:08.281Z
Stormscale Scion,TDM,Tarkir: Dragonstorm,123,foil,mythic,1,103987,0ac43386-bd32-425c-8776-cec00b064cbc,3.22,false,false,near_mint,en,EUR,2026-07-16T11:57:08.280Z
Zurgo Stormrender,TDC,Tarkir: Dragonstorm Commander,10,normal,mythic,1,104368,dc8eb325-75c9-4331-830d-3f7d62d77290,3.15,false,false,near_mint,en,EUR,2026-07-16T11:57:08.279Z
Mardu Siegebreaker,TDM,Tarkir: Dragonstorm,364,normal,rare,2,104637,4fa10a98-1d1f-4e66-b81d-615ffaf43ca1,0.67,false,false,near_mint,en,EUR,2026-07-16T11:57:08.278Z
Revival of the Ancestors,TDM,Tarkir: Dragonstorm,389,normal,rare,2,104711,6ae833e4-b1b8-44cf-a831-d10b78328b81,0.2,false,false,near_mint,en,EUR,2026-07-16T11:57:08.277Z
The Sibsig Ceremony,TDM,Tarkir: Dragonstorm,340,foil,rare,1,104719,6daa156c-478f-47dd-9284-b95e82ccfd68,0.57,false,false,near_mint,en,EUR,2026-07-16T11:57:08.276Z
Bird,TTDM,Tarkir: Dragonstorm Tokens,2,foil,common,2,104683,6105623a-ff2c-46bf-8881-e8b899d47d54,0.19,false,false,near_mint,en,EUR,2026-07-16T11:57:08.275Z
Ringing Strike Mastery,TDM,Tarkir: Dragonstorm,53,foil,common,2,104399,ff4fc7ec-05f5-479a-8fbb-31e12a67b57e,0.09,false,false,near_mint,en,EUR,2026-07-16T12:04:07.959Z
Bearer of Glory,TDM,Tarkir: Dragonstorm,4,foil,common,2,104365,d6d91e42-43db-428d-a4dd-ef9d40306314,0.05,false,false,near_mint,en,EUR,2026-07-16T12:04:07.958Z
Delta Bloodflies,TDM,Tarkir: Dragonstorm,77,foil,common,2,104457,119bb72d-aed9-47dc-9285-7bc836cc3776,0.06,false,false,near_mint,en,EUR,2026-07-16T12:04:07.957Z
Seize Opportunity,TDM,Tarkir: Dragonstorm,119,foil,common,2,104391,f7818d28-b9a5-4341-9adc-666070b8878d,0.11,false,false,near_mint,en,EUR,2026-07-16T12:04:07.956Z
War Effort,TDM,Tarkir: Dragonstorm,131,foil,uncommon,1,105007,dd7f0413-c009-4c08-b877-9c1b776cbf26,0.12,false,false,near_mint,en,EUR,2026-07-16T12:04:07.955Z
Essence Anchor,TDM,Tarkir: Dragonstorm,44,foil,uncommon,1,105026,e91c4509-918e-44ba-aa13-1991199fee9f,0.25,false,false,near_mint,en,EUR,2026-07-16T12:04:07.954Z
Inspirited Vanguard,TDM,Tarkir: Dragonstorm,146,foil,uncommon,2,105165,c642d6ac-f0f0-4b4c-a7ee-50631531f6d1,0.06,false,false,near_mint,en,EUR,2026-07-16T12:04:07.953Z
Riling Dawnbreaker // Signaling Roar,TDM,Tarkir: Dragonstorm,292,normal,common,1,104607,48b73810-3abd-4469-a6f0-993b6fedc315,0.12,false,false,near_mint,en,EUR,2026-07-16T12:04:07.952Z
Roiling Dragonstorm,TDM,Tarkir: Dragonstorm,296,foil,uncommon,2,104273,3c725add-1cca-4003-8f37-c68f8f8fcc33,0.47,false,false,near_mint,en,EUR,2026-07-16T12:04:07.951Z
Plains,TDM,Tarkir: Dragonstorm,272,foil,common,4,104240,0d0f1dd6-9564-4adc-af7d-f83252e8581a,0.4,false,false,near_mint,en,EUR,2026-07-16T12:04:07.950Z
Parapet Thrasher,TDC,Tarkir: Dragonstorm Commander,76,normal,rare,1,104561,39df10ff-42a4-480d-a808-3ce838d9f8ce,2.31,false,false,near_mint,en,EUR,2026-07-16T12:04:07.948Z
Herd Heirloom,TDM,Tarkir: Dragonstorm,347,normal,rare,1,104939,c5e7d936-60f8-40fc-b6a9-be677a97395b,3.94,false,false,near_mint,en,EUR,2026-07-16T12:04:07.947Z
"Shiko, Paragon of the Way",TDM,Tarkir: Dragonstorm,317,normal,mythic,1,105171,e465b6a8-3b8a-47c6-b3d0-119552556d35,4.41,false,false,near_mint,en,EUR,2026-07-16T12:04:07.946Z
Death Begets Life,TDM,Tarkir: Dragonstorm,406,foil,mythic,1,104436,08cb3168-6872-43b6-9980-35ddc20cf192,3.15,false,false,near_mint,en,EUR,2026-07-16T12:04:07.945Z
Warrior,TTDM,Tarkir: Dragonstorm Tokens,13,foil,common,7,104765,7edc0515-a130-45a7-aa09-0e23bba41587,,false,false,near_mint,en,EUR,2026-07-16T12:04:07.944Z
Sibsig Appraiser,TDM,Tarkir: Dragonstorm,56,foil,common,2,105135,670c5b96-bac6-449b-a2bd-cb43750d3911,0.08,false,false,near_mint,en,EUR,2026-07-16T12:04:07.943Z
Osseous Exhale,TDM,Tarkir: Dragonstorm,17,foil,common,2,104493,2300da2f-2297-4c2f-90c1-11ce2b42d91f,0.05,false,false,near_mint,en,EUR,2026-07-16T12:04:07.942Z
Sultai Devotee,TDM,Tarkir: Dragonstorm,160,foil,common,1,104358,c32487e9-f3ac-472e-b6ea-81bd9254770c,0.13,false,false,near_mint,en,EUR,2026-07-16T12:04:07.941Z
Stormshriek Feral // Flush Out,TDM,Tarkir: Dragonstorm,124,foil,common,2,104447,0ec92c44-7cf0-48a5-a3ca-bc633496d887,0.17,false,false,near_mint,en,EUR,2026-07-16T12:04:07.940Z
Unsparing Boltcaster,TDM,Tarkir: Dragonstorm,130,foil,uncommon,1,104488,204f5e5e-d87f-4aee-84e3-28afe8e21591,0.05,false,false,near_mint,en,EUR,2026-07-16T12:04:07.939Z
Jeskai Shrinekeeper,TDM,Tarkir: Dragonstorm,197,foil,uncommon,1,104722,6ec8fa0b-c695-4326-aebd-042cb1974925,0.14,false,false,near_mint,en,EUR,2026-07-16T12:04:07.938Z
Skirmish Rhino,TDM,Tarkir: Dragonstorm,224,foil,uncommon,1,103992,4a2e9ba1-c254-41e3-9845-4e81f9fec38d,0.16,false,false,near_mint,en,EUR,2026-07-16T12:04:07.937Z
Roiling Dragonstorm,TDM,Tarkir: Dragonstorm,296,normal,uncommon,2,104273,3c725add-1cca-4003-8f37-c68f8f8fcc33,0.54,false,false,near_mint,en,EUR,2026-07-16T12:04:07.936Z
Feral Deathgorger // Dusk Sight,TDM,Tarkir: Dragonstorm,298,foil,common,3,104664,58c446e6-8ffb-45ed-aca2-95161ac88d5c,0.19,false,false,near_mint,en,EUR,2026-07-16T12:04:07.935Z
Stadium Headliner,TDM,Tarkir: Dragonstorm,122,foil,rare,1,104552,37d4ab2a-a06a-4768-b5e1-e1def957d7f4,0.76,false,false,near_mint,en,EUR,2026-07-16T12:04:07.933Z
Deceptive Frostkite,TDC,Tarkir: Dragonstorm Commander,59,normal,rare,2,105057,f641c2c0-408f-42c8-818d-4ff67c156bf7,1.34,false,false,near_mint,en,EUR,2026-07-16T12:04:07.932Z
Stadium Headliner,TDM,Tarkir: Dragonstorm,344,normal,rare,1,105039,ef7a1ddf-bf52-4d44-92cd-8d8127472bd9,0.81,false,false,near_mint,en,EUR,2026-07-16T12:04:07.931Z
Thunder of Unity,TDM,Tarkir: Dragonstorm,391,normal,rare,1,104679,5fd218be-b4c1-4dc7-9672-a16892f1b1e7,0.26,false,false,near_mint,en,EUR,2026-07-16T12:04:07.930Z
Sinkhole Surveyor,TDM,Tarkir: Dragonstorm,342,foil,rare,1,104737,74b155cd-c3a0-4f27-8d3c-7778354abbd4,0.51,false,false,near_mint,en,EUR,2026-07-16T12:04:07.929Z
Soldier,TTDM,Tarkir: Dragonstorm Tokens,4,foil,common,3,104692,6455d903-6996-448f-9148-9068febecb00,0.17,false,false,near_mint,en,EUR,2026-07-16T12:04:07.928Z
Wind-Scarred Crag,TDM,Tarkir: Dragonstorm,271,foil,common,2,104286,4912e4d0-b16a-4aa6-a583-3430d26bd591,0.06,false,false,near_mint,en,EUR,2026-07-16T12:07:04.502Z
Dirgur Island Dragon // Skimming Strike,TDM,Tarkir: Dragonstorm,40,foil,common,2,104342,b1d21a9a-6b0c-4fbc-a427-81be885d326b,0.08,false,false,near_mint,en,EUR,2026-07-16T12:07:04.501Z
Rescue Leopard,TDM,Tarkir: Dragonstorm,116,foil,common,2,105119,056136a8-84be-477c-b654-63238fb8236e,0.1,false,false,near_mint,en,EUR,2026-07-16T12:07:04.500Z
Dragonstorm Globe,TDM,Tarkir: Dragonstorm,241,foil,common,2,104767,7f50aa6e-ce6a-4479-9725-202926245f2c,0.11,false,false,near_mint,en,EUR,2026-07-16T12:07:04.499Z
Static Snare,TDM,Tarkir: Dragonstorm,26,foil,uncommon,1,104478,1ce50932-03a6-48bc-8aee-bc8defd896cf,0.15,false,false,near_mint,en,EUR,2026-07-16T12:07:04.498Z
Fleeting Effigy,TDM,Tarkir: Dragonstorm,108,foil,uncommon,1,105121,1971fd6c-0a1c-41b2-93a6-886a176fbb73,0.33,false,false,near_mint,en,EUR,2026-07-16T12:07:04.497Z
Frontline Rush,TDM,Tarkir: Dragonstorm,186,foil,uncommon,1,104520,2ce8a205-99d6-4a9c-83a7-18b7220177d3,0.38,false,false,near_mint,en,EUR,2026-07-16T12:07:04.496Z
Dirgur Island Dragon // Skimming Strike,TDM,Tarkir: Dragonstorm,294,normal,common,2,104392,f7def6d6-c80a-4597-8a3f-3855423bc960,0.14,false,false,near_mint,en,EUR,2026-07-16T12:07:04.495Z
Sagu Wildling // Roost Seek,TDM,Tarkir: Dragonstorm,306,foil,common,2,104903,b72ee8f9-5e79-4f77-ae7e-e4c274f78187,0.36,false,false,near_mint,en,EUR,2026-07-16T12:07:04.494Z
Bloomvine Regent // Claim Territory,TDM,Tarkir: Dragonstorm,136,foil,rare,1,104244,10e0a9a3-f63a-4f92-a083-9d181580e498,0.85,false,false,near_mint,en,EUR,2026-07-16T12:07:04.492Z
Adaptive Training Post,TDC,Tarkir: Dragonstorm Commander,58,normal,rare,2,104602,4796e5e4-515c-4d89-92da-b2d5b5b39557,0.44,false,false,near_mint,en,EUR,2026-07-16T12:07:04.491Z
Cori Mountain Monastery,TDM,Tarkir: Dragonstorm,393,normal,rare,2,104778,85b84c4c-465d-4d8d-8d38-2ed08a9213b3,1.21,false,false,near_mint,en,EUR,2026-07-16T12:07:04.490Z
Yathan Roadwatcher,TDM,Tarkir: Dragonstorm,375,normal,rare,2,104728,715afdde-ef3b-40c0-8b1d-59c59381a54e,0.2,false,false,near_mint,en,EUR,2026-07-16T12:07:04.489Z
"Elspeth, Storm Slayer",TDM,Tarkir: Dragonstorm,401,foil,mythic,2,104386,f421da3b-b88d-4e9f-865b-61120bff917a,43.05,false,false,near_mint,en,EUR,2026-07-16T12:07:04.488Z
Swiftwater Cliffs,TDM,Tarkir: Dragonstorm,268,foil,common,1,104361,ca53fb19-b8ca-485b-af1a-5117ae54bfe3,0.09,false,false,near_mint,en,EUR,2026-07-16T12:09:36.946Z
Kin-Tree Nurturer,TDM,Tarkir: Dragonstorm,83,foil,common,1,105124,2177ef64-28bf-4acf-b1f1-c1408f03c411,0.04,false,false,near_mint,en,EUR,2026-07-16T12:09:36.945Z
Fortress Kin-Guard,TDM,Tarkir: Dragonstorm,12,foil,common,1,104900,b647a018-1d70-43a1-a265-928bcd863689,0.07,false,false,near_mint,en,EUR,2026-07-16T12:09:36.944Z
Sagu Wildling // Roost Seek,TDM,Tarkir: Dragonstorm,157,foil,common,2,104994,d8b43b00-f4d1-436c-bf3f-6d414cd4ce38,0.32,false,false,near_mint,en,EUR,2026-07-16T12:09:36.943Z
Sandsteppe Citadel,TDM,Tarkir: Dragonstorm,266,foil,uncommon,1,104603,47f47e7f-39ba-4807-8e32-7262a61dfbba,0.42,false,false,near_mint,en,EUR,2026-07-16T12:09:36.942Z
Sultai Monument,TDM,Tarkir: Dragonstorm,247,foil,uncommon,1,104279,45308e0e-b515-49ac-9960-a24e898dd321,0.07,false,false,near_mint,en,EUR,2026-07-16T12:09:36.941Z
Riverwheel Sweep,TDM,Tarkir: Dragonstorm,219,foil,uncommon,1,104706,686fe623-ee50-407d-87c9-664fb039f4d9,0.12,false,false,near_mint,en,EUR,2026-07-16T12:09:36.940Z
Twinmaw Stormbrood // Charring Bite,TDM,Tarkir: Dragonstorm,320,normal,uncommon,1,105038,ef466256-7d9c-46d0-a860-a0db6930db61,0.19,false,false,near_mint,en,EUR,2026-07-16T12:09:36.939Z
Karakyk Guardian,TDM,Tarkir: Dragonstorm,312,foil,uncommon,1,105142,8b8a7d6a-c429-4b66-b5b0-953335c5108e,0.22,false,false,near_mint,en,EUR,2026-07-16T12:09:36.938Z
Island,TDM,Tarkir: Dragonstorm,273,foil,common,4,104276,4208e66c-8c98-4c48-ab07-8523c0b26ca4,0.75,false,false,near_mint,en,EUR,2026-07-16T12:09:36.937Z
Severance Priest,TDM,Tarkir: Dragonstorm,222,foil,rare,1,104917,bc779a1b-128c-4c74-bebd-bdb687867f68,0.19,false,false,near_mint,en,EUR,2026-07-16T12:09:36.936Z
Afterlife from the Loam,TDC,Tarkir: Dragonstorm Commander,65,normal,rare,1,105075,ff02cc4f-c381-4590-897f-02e4ab34bcd6,1.62,false,false,near_mint,en,EUR,2026-07-16T12:09:36.935Z
"Surrak, Elusive Hunter",TDM,Tarkir: Dragonstorm,350,normal,rare,2,105003,dc80d937-a166-42e7-a7b3-56150e11d27e,0.43,false,false,near_mint,en,EUR,2026-07-16T12:09:36.934Z
Windcrag Siege,TDM,Tarkir: Dragonstorm,392,normal,rare,2,104892,b32111e6-c389-4dcd-9dcd-29ee7ee238e6,2.54,false,false,near_mint,en,EUR,2026-07-16T12:09:36.933Z
Marang River Regent // Coil and Catch,TDM,Tarkir: Dragonstorm,378,foil,rare,1,104282,484b5580-b179-4dce-8bdf-d714eb4635e5,5.06,false,false,near_mint,en,EUR,2026-07-16T12:09:36.932Z
Spirit,TTDM,Tarkir: Dragonstorm Tokens,6,foil,common,4,105175,f22410b3-5c0b-4282-9b0b-5ba61229b6e7,0.22,false,false,near_mint,en,EUR,2026-07-16T12:09:36.931Z
Humbling Elder,TDM,Tarkir: Dragonstorm,48,foil,common,2,104562,3a84c3f8-0030-4653-880e-b2d19272f5fa,0.23,false,false,near_mint,en,EUR,2026-07-16T12:12:10.641Z
Dismal Backwater,TDM,Tarkir: Dragonstorm,254,foil,common,2,104238,082b52c9-c46e-44d3-b723-546ba528e07b,0.11,false,false,near_mint,en,EUR,2026-07-16T12:12:10.640Z
Caustic Exhale,TDM,Tarkir: Dragonstorm,74,foil,common,2,104284,488152ce-2048-4ccb-b2d6-b9628958286f,0.07,false,false,near_mint,en,EUR,2026-07-16T12:12:10.639Z
Sagu Pummeler,TDM,Tarkir: Dragonstorm,156,foil,common,1,105169,def9cb5b-4062-481e-b682-3a30443c2e56,0.05,false,false,near_mint,en,EUR,2026-07-16T12:12:10.638Z
Mystic Monastery,TDM,Tarkir: Dragonstorm,262,foil,uncommon,1,104945,c7b8a01c-c400-47c7-8270-78902efe850e,0.35,false,false,near_mint,en,EUR,2026-07-16T12:12:10.637Z
Hardened Tactician,TDM,Tarkir: Dragonstorm,191,foil,uncommon,1,104780,86b225cb-5c45-4da1-a64e-b04091e483e8,0.21,false,false,near_mint,en,EUR,2026-07-16T12:12:10.636Z
Runescale Stormbrood // Chilling Screech,TDM,Tarkir: Dragonstorm,221,foil,uncommon,1,104533,317744d1-ed78-4b53-a4d8-8c7ecfd9c4ae,0.12,false,false,near_mint,en,EUR,2026-07-16T12:12:10.635Z
Sagu Wildling // Roost Seek,TDM,Tarkir: Dragonstorm,306,normal,common,3,104903,b72ee8f9-5e79-4f77-ae7e-e4c274f78187,0.31,false,false,near_mint,en,EUR,2026-07-16T12:12:10.634Z
Stormshriek Feral // Flush Out,TDM,Tarkir: Dragonstorm,304,foil,common,4,104535,322e4880-f3f0-44d8-8f95-48b496af0e81,0.22,false,false,near_mint,en,EUR,2026-07-16T12:12:10.633Z
Swamp,TDM,Tarkir: Dragonstorm,274,foil,common,4,104382,ef235170-8276-4ef0-bdfd-ba68d5b218ec,0.65,false,false,near_mint,en,EUR,2026-07-16T12:12:10.632Z
Clarion Conqueror,TDM,Tarkir: Dragonstorm,5,foil,rare,1,105064,f892d156-371c-4391-8ae6-25513c5032b0,2.25,false,false,near_mint,en,EUR,2026-07-16T12:12:10.631Z
Within Range,TDC,Tarkir: Dragonstorm Commander,72,normal,rare,1,104715,6d022c18-8ec6-4385-b36c-e6c1cc05f5af,0.7,false,false,near_mint,en,EUR,2026-07-16T12:12:10.630Z
Eshki Dragonclaw,TDM,Tarkir: Dragonstorm,356,normal,rare,1,104877,aafaa59e-87e1-4953-8c04-8e7a3a509827,0.38,false,false,near_mint,en,EUR,2026-07-16T12:12:10.629Z
Bloomvine Regent // Claim Territory,TDM,Tarkir: Dragonstorm,381,normal,rare,1,104237,081f2de5-251a-41c9-a62f-11487f54d355,0.92,false,false,near_mint,en,EUR,2026-07-16T12:12:10.628Z
Awaken the Honored Dead,TDM,Tarkir: Dragonstorm,383,foil,rare,1,104742,76bd76c7-7a1e-4119-8f4a-12b536b30a32,1.09,false,false,near_mint,en,EUR,2026-07-16T12:12:10.627Z
Elephant,TTDM,Tarkir: Dragonstorm Tokens,14,foil,common,1,105125,243bcfa9-0310-4d68-9864-df46069906fa,0.17,false,false,near_mint,en,EUR,2026-07-16T12:12:10.626Z
Temur Devotee,TDM,Tarkir: Dragonstorm,61,foil,common,1,104333,a2ef698e-5466-43bd-985d-020f2e5d8205,0.07,false,false,near_mint,en,EUR,2026-07-16T12:15:01.742Z
Cruel Truths,TDM,Tarkir: Dragonstorm,76,foil,common,1,104308,6852b4d5-74e0-44ba-ba44-20aa91e3c4c8,0.09,false,false,near_mint,en,EUR,2026-07-16T12:15:01.741Z
Salt Road Packbeast,TDM,Tarkir: Dragonstorm,23,foil,common,1,104327,98d548c9-42bc-4155-8211-0aea801c3724,0.12,false,false,near_mint,en,EUR,2026-07-16T12:15:01.740Z
Jeskai Devotee,TDM,Tarkir: Dragonstorm,110,foil,common,2,104257,27f31f9c-7149-4608-9b18-b3530a2efd4a,0.07,false,false,near_mint,en,EUR,2026-07-16T12:15:01.739Z
Venerated Stormsinger,TDM,Tarkir: Dragonstorm,97,foil,uncommon,1,104858,a4a4e985-facd-47e6-b680-3023c82c2957,0.18,false,false,near_mint,en,EUR,2026-07-16T12:15:01.738Z
Synchronized Charge,TDM,Tarkir: Dragonstorm,162,foil,uncommon,1,104484,1f721f8d-fd2f-480b-8645-4bf6ce38dde9,0.11,false,false,near_mint,en,EUR,2026-07-16T12:15:01.737Z
Marshal of the Lost,TDM,Tarkir: Dragonstorm,207,foil,uncommon,1,104304,64fbaa16-67c3-4ed2-9545-39abbbde61dc,0.2,false,false,near_mint,en,EUR,2026-07-16T12:15:01.736Z
Purging Stormbrood // Absorb Essence,TDM,Tarkir: Dragonstorm,315,normal,uncommon,2,104395,fb293f4f-9ba2-48f5-a4fb-d902aa531bfc,0.2,false,false,near_mint,en,EUR,2026-07-16T12:15:01.735Z
"Anafenza, Unyielding Lineage",TDM,Tarkir: Dragonstorm,2,foil,rare,1,104258,29957f49-9a6b-42f6-b2fb-b48f653ab725,0.3,false,false,near_mint,en,EUR,2026-07-16T12:15:01.732Z
Will of the Jeskai,TDC,Tarkir: Dragonstorm Commander,80,normal,rare,2,104576,3ef5e587-8b80-4ea9-9788-367541101ecc,5.46,false,false,near_mint,en,EUR,2026-07-16T12:15:01.731Z
Rediscover the Way,TDM,Tarkir: Dragonstorm,388,normal,rare,2,104331,9f0797b4-7e06-4f64-95f3-3a7d694d601a,0.25,false,false,near_mint,en,EUR,2026-07-16T12:15:01.729Z
Ambling Stormshell,TDM,Tarkir: Dragonstorm,332,normal,rare,1,105140,7c67235e-13d3-40ba-9cb7-03c1db6d455e,0.21,false,false,near_mint,en,EUR,2026-07-16T12:15:01.728Z
Temur Battlecrier,TDM,Tarkir: Dragonstorm,372,foil,rare,1,104319,8141492f-f971-4b7f-afdd-e37537f4d3f5,1.57,false,false,near_mint,en,EUR,2026-07-16T12:15:01.727Z
Lightfoot Technique,TDM,Tarkir: Dragonstorm,14,foil,common,2,104910,baac1a41-d44d-4184-9147-b4233e73de65,0.2,false,false,near_mint,en,EUR,2026-07-16T12:18:13.647Z
Undergrowth Leopard,TDM,Tarkir: Dragonstorm,165,foil,common,2,104307,67ab8f9a-b17c-452f-b4ef-a3f91909e3de,0.12,false,false,near_mint,en,EUR,2026-07-16T12:18:13.646Z
Alesha's Legacy,TDM,Tarkir: Dragonstorm,72,foil,common,2,104875,a9262bf6-df6a-446c-ba70-18270a09842d,0.08,false,false,near_mint,en,EUR,2026-07-16T12:18:13.645Z
Shock Brigade,TDM,Tarkir: Dragonstorm,120,foil,common,1,104700,66940466-8e9d-4a85-bfb0-e92189b7a121,0.15,false,false,near_mint,en,EUR,2026-07-16T12:18:13.644Z
Stormbeacon Blade,TDM,Tarkir: Dragonstorm,27,foil,uncommon,1,105176,f2f12684-c80a-422b-9c3f-ed4f31742b9d,0.14,false,false,near_mint,en,EUR,2026-07-16T12:18:13.643Z
Desperate Measures,TDM,Tarkir: Dragonstorm,78,foil,uncommon,1,104959,ccbc6fd0-42bc-4e8b-96bc-69a631ba7106,0.21,false,false,near_mint,en,EUR,2026-07-16T12:18:13.642Z
Twinmaw Stormbrood // Charring Bite,TDM,Tarkir: Dragonstorm,232,foil,uncommon,1,104513,2999e3b1-6510-42b2-9429-28c07a64a44f,0.17,false,false,near_mint,en,EUR,2026-07-16T12:18:13.641Z
Teeming Dragonstorm,TDM,Tarkir: Dragonstorm,293,normal,uncommon,1,105059,f717301c-1ae8-44b4-b6e5-d3bdf052f5da,0.16,false,false,near_mint,en,EUR,2026-07-16T12:18:13.640Z
Boulderborn Dragon,TDM,Tarkir: Dragonstorm,323,foil,common,2,104326,970e11f0-337a-46b5-9bff-4bcb7843ed3a,0.04,false,false,near_mint,en,EUR,2026-07-16T12:18:13.639Z
Plains,TDM,Tarkir: Dragonstorm,287,foil,common,1,104275,3e8c67e5-587a-43b2-af47-bbad1f8b52e9,5.49,false,false,near_mint,en,EUR,2026-07-16T12:18:13.638Z
Frostcliff Siege,TDM,Tarkir: Dragonstorm,187,foil,rare,1,104338,a750aabb-9788-494a-841f-bf75717970a7,2.83,false,false,near_mint,en,EUR,2026-07-16T12:18:13.637Z
Bone Devourer,TDC,Tarkir: Dragonstorm Commander,66,normal,rare,2,105061,f79656b3-b284-49bc-bb55-4825e913eaa1,0.56,false,false,near_mint,en,EUR,2026-07-16T12:18:13.636Z
Dragonfire Blade,TDM,Tarkir: Dragonstorm,324,normal,rare,1,104597,45f039ce-cbfd-46d7-a575-5e6c049f83ff,1.39,false,false,near_mint,en,EUR,2026-07-16T12:18:13.635Z
Dracogenesis,TDM,Tarkir: Dragonstorm,300,normal,mythic,1,104266,30f7c75a-c8f7-4f34-bc86-9d0441dc3a40,5.61,false,false,near_mint,en,EUR,2026-07-16T12:18:13.634Z
Maelstrom of the Spirit Dragon,TDM,Tarkir: Dragonstorm,326,foil,rare,1,104285,48b89e6d-da58-465e-a9b1-69629da159f6,3.71,false,false,near_mint,en,EUR,2026-07-16T12:18:13.633Z
Copy,TTDM,Tarkir: Dragonstorm Tokens,1,foil,common,2,104595,45364163-62b7-4641-b2c9-c2e46d61335c,0.48,false,false,near_mint,en,EUR,2026-07-16T12:18:13.632Z
Rebellious Strike,TDM,Tarkir: Dragonstorm,20,foil,common,1,104949,c9bafe19-3bd6-4da0-b3e5-e0b89262504c,0.18,false,false,near_mint,en,EUR,2026-07-16T12:20:41.771Z
Jungle Hollow,TDM,Tarkir: Dragonstorm,258,foil,common,1,104375,ea13440b-3f7b-4182-9541-27c1fa3121e5,0.06,false,false,near_mint,en,EUR,2026-07-16T12:20:41.770Z
Roamer's Routine,TDM,Tarkir: Dragonstorm,154,foil,common,2,104396,fb8c2d5c-ba0c-4d50-8898-5c6574b1e974,0.09,false,false,near_mint,en,EUR,2026-07-16T12:20:41.769Z
Reputable Merchant,TDM,Tarkir: Dragonstorm,217,foil,common,2,105157,b7d0591e-7fb7-40ea-ba2a-cfe544d40216,0.06,false,false,near_mint,en,EUR,2026-07-16T12:20:41.768Z
Krumar Initiate,TDM,Tarkir: Dragonstorm,84,foil,uncommon,1,104916,bc66680f-24ab-433a-8197-feac3a174075,0.12,false,false,near_mint,en,EUR,2026-07-16T12:20:41.767Z
Ureni's Rebuff,TDM,Tarkir: Dragonstorm,63,foil,uncommon,1,104310,722716df-9cea-40a7-924b-c28497e227e6,0.07,false,false,near_mint,en,EUR,2026-07-16T12:20:41.766Z
Jeskai Brushmaster,TDM,Tarkir: Dragonstorm,195,foil,uncommon,1,104526,2eb06c36-cf7e-47a9-819e-adfc54284153,0.12,false,false,near_mint,en,EUR,2026-07-16T12:20:41.765Z
Kheru Goldkeeper,TDM,Tarkir: Dragonstorm,313,normal,uncommon,1,105150,9d85ba44-8f29-4c49-b77f-8a6692d23c8c,0.25,false,false,near_mint,en,EUR,2026-07-16T12:20:41.764Z
Dirgur Island Dragon // Skimming Strike,TDM,Tarkir: Dragonstorm,294,foil,common,2,104392,f7def6d6-c80a-4597-8a3f-3855423bc960,0.17,false,false,near_mint,en,EUR,2026-07-16T12:20:41.763Z
Forest,TDM,Tarkir: Dragonstorm,276,foil,common,4,104283,48811e13-5774-4da1-95ec-6ea5dc4976ad,1.05,false,false,near_mint,en,EUR,2026-07-16T12:20:41.762Z
All-Out Assault,TDM,Tarkir: Dragonstorm,167,foil,mythic,1,104348,b74876d8-f6a6-4b47-b960-b01a331bab01,2.82,false,false,near_mint,en,EUR,2026-07-16T12:20:41.761Z
Tip the Scales,TDC,Tarkir: Dragonstorm Commander,69,normal,rare,1,104884,addfb20e-dade-431e-8505-900b2311d45c,0.19,false,false,near_mint,en,EUR,2026-07-16T12:20:41.760Z
"Anafenza, Unyielding Lineage",TDM,Tarkir: Dragonstorm,327,normal,rare,2,104356,c0f31696-2307-4ec6-a568-c255a25b59b6,0.3,false,false,near_mint,en,EUR,2026-07-16T12:20:41.759Z
"Betor, Kin to All",TDM,Tarkir: Dragonstorm,308,normal,mythic,1,104385,f1969dec-4d6b-493a-8233-76faf8fa3cea,10.97,false,false,near_mint,en,EUR,2026-07-16T12:20:41.758Z
Voice of Victory,TDM,Tarkir: Dragonstorm,331,foil,rare,1,104312,73f24785-c7b3-46ab-833e-666af3d86c63,32.13,false,false,near_mint,en,EUR,2026-07-16T12:20:41.757Z
Worthy Cost,TDM,Tarkir: Dragonstorm,99,foil,common,2,104883,adc18edc-01d8-4a7e-a87b-a854e50aa75e,0.13,false,false,near_mint,en,EUR,2026-07-16T12:22:54.973Z
Rugged Highlands,TDM,Tarkir: Dragonstorm,265,foil,common,2,104267,31261eca-28ad-407c-84ef-0c124d0d7451,0.08,false,false,near_mint,en,EUR,2026-07-16T12:22:54.972Z
Summit Intimidator,TDM,Tarkir: Dragonstorm,125,foil,common,1,104373,e3cba0b1-7c22-4e51-b9cf-5bf01e67a222,0.04,false,false,near_mint,en,EUR,2026-07-16T12:22:54.971Z
Krotiq Nestguard,TDM,Tarkir: Dragonstorm,148,foil,common,2,104862,a5d0a9fb-1068-478d-a78c-6fd77cc313f0,0.03,false,false,near_mint,en,EUR,2026-07-16T12:22:54.970Z
Reverberating Summons,TDM,Tarkir: Dragonstorm,117,foil,uncommon,1,104475,1af19ce8-bc0c-420c-9e3b-9059b4df32cb,0.06,false,false,near_mint,en,EUR,2026-07-16T12:22:54.969Z
Fresh Start,TDM,Tarkir: Dragonstorm,46,foil,uncommon,1,104818,96f7af08-ac05-45d0-979f-282943130c61,0.12,false,false,near_mint,en,EUR,2026-07-16T12:22:54.968Z
Rite of Renewal,TDM,Tarkir: Dragonstorm,153,foil,uncommon,1,104390,f737698a-d934-4851-b238-828959ef4835,0.07,false,false,near_mint,en,EUR,2026-07-16T12:22:54.967Z
Breaching Dragonstorm,TDM,Tarkir: Dragonstorm,299,foil,uncommon,1,104713,6bbfdf32-8b21-4f7a-aa30-42d5362ee352,0.27,false,false,near_mint,en,EUR,2026-07-16T12:22:54.965Z
Island,TDM,Tarkir: Dragonstorm,288,normal,common,1,104343,b300be80-6618-4284-b5c3-95c1ab373e6f,4.29,false,false,near_mint,en,EUR,2026-07-16T12:22:54.964Z
Tersa Lightshatter,TDM,Tarkir: Dragonstorm,127,foil,rare,1,104825,99e96b34-b1c4-4647-a38e-2cf1aedaaace,1.33,false,false,near_mint,en,EUR,2026-07-16T12:22:54.963Z
Redoubled Stormsinger,TDC,Tarkir: Dragonstorm Commander,77,normal,rare,1,105023,e8284230-f6ab-475c-9552-0c705fdb793b,1.04,false,false,near_mint,en,EUR,2026-07-16T12:22:54.962Z
Sage of the Skies,TDM,Tarkir: Dragonstorm,328,normal,rare,2,104650,53e7ddf5-5aaf-4233-834d-c9992a9c2b0e,0.37,false,false,near_mint,en,EUR,2026-07-16T12:22:54.961Z
Perennation,TDM,Tarkir: Dragonstorm,368,normal,mythic,1,104653,5596f0c7-8007-4136-bab0-58a9cd852a6e,0.76,false,false,near_mint,en,EUR,2026-07-16T12:22:54.960Z
Kishla Village,TDM,Tarkir: Dragonstorm,396,foil,rare,1,104708,687459d1-f487-4ef6-9532-d68425d71210,0.57,false,false,near_mint,en,EUR,2026-07-16T12:22:54.959Z
Spirit,TTDM,Tarkir: Dragonstorm Tokens,8,foil,common,3,105147,997edcc4-6021-4443-9470-3fd7f7595cc6,0.24,false,false,near_mint,en,EUR,2026-07-16T12:22:54.958Z
Tranquil Cove,TDM,Tarkir: Dragonstorm,270,foil,common,1,104249,1c4efa6c-4f29-41cd-a728-bf0e479ace05,0.08,false,false,near_mint,en,EUR,2026-07-16T12:25:25.854Z
Abzan Devotee,TDM,Tarkir: Dragonstorm,68,foil,common,1,104305,66555946-e747-46fa-b1ac-b103a8edcd93,0.08,false,false,near_mint,en,EUR,2026-07-16T12:25:25.853Z
Fire-Rim Form,TDM,Tarkir: Dragonstorm,107,foil,common,2,104537,32dc1bf4-a135-449f-848f-361a5360fae1,0.12,false,false,near_mint,en,EUR,2026-07-16T12:25:25.852Z
Reigning Victor,TDM,Tarkir: Dragonstorm,216,foil,common,2,104334,a394112a-032b-4047-887a-6522cf7b83d5,0.13,false,false,near_mint,en,EUR,2026-07-16T12:25:25.851Z
Opulent Palace,TDM,Tarkir: Dragonstorm,264,foil,uncommon,1,104491,21cb3b3b-0738-4c2e-a3fc-927fd6b9d3fb,0.33,false,false,near_mint,en,EUR,2026-07-16T12:25:25.850Z
Dragonbroods' Relic,TDM,Tarkir: Dragonstorm,140,foil,uncommon,1,104569,3d634087-77ba-4543-aa7a-8a3774d69cd7,0.07,false,false,near_mint,en,EUR,2026-07-16T12:25:25.849Z
Lie in Wait,TDM,Tarkir: Dragonstorm,203,foil,uncommon,1,104819,96fff22c-282b-4849-82ce-890013b53262,0.14,false,false,near_mint,en,EUR,2026-07-16T12:25:25.848Z
Twinmaw Stormbrood // Charring Bite,TDM,Tarkir: Dragonstorm,320,foil,uncommon,2,105038,ef466256-7d9c-46d0-a860-a0db6930db61,0.25,false,false,near_mint,en,EUR,2026-07-16T12:25:25.846Z
Glacierwood Siege,TDM,Tarkir: Dragonstorm,189,foil,rare,1,104449,0f37fad7-2385-409b-8375-fa5dfbcad833,0.56,false,false,near_mint,en,EUR,2026-07-16T12:25:25.844Z
Will of the Mardu,TDC,Tarkir: Dragonstorm Commander,57,normal,rare,1,104619,4a76e39d-d304-4bd0-96f4-1f4f368a57d6,3.49,false,false,near_mint,en,EUR,2026-07-16T12:25:25.843Z
United Battlefront,TDM,Tarkir: Dragonstorm,330,normal,rare,2,104272,3c6d8e5c-4b3d-4c5c-89c5-a2746cd4b578,0.27,false,false,near_mint,en,EUR,2026-07-16T12:25:25.842Z
Clarion Conqueror,TDM,Tarkir: Dragonstorm,377,normal,rare,1,104894,b3aecdfc-9d37-4f1f-9123-fc07b669d747,3.59,false,false,near_mint,en,EUR,2026-07-16T12:25:25.841Z
Tersa Lightshatter,TDM,Tarkir: Dragonstorm,345,foil,rare,1,104752,7a1689bb-f7a4-4b53-8473-75b7ce7b496d,2.36,false,false,near_mint,en,EUR,2026-07-16T12:25:25.840Z
Riverwalk Technique,TDM,Tarkir: Dragonstorm,54,foil,common,2,105118,043c25d5-13ee-4cab-98d5-fb89db9cf6e3,0.06,false,false,near_mint,en,EUR,2026-07-16T12:27:35.242Z
Tempest Hawk,TDM,Tarkir: Dragonstorm,31,foil,common,2,104587,422f9453-ab12-4e3c-8c51-be87391395a1,0.6,false,false,near_mint,en,EUR,2026-07-16T12:27:35.241Z
Dusyut Earthcarver,TDM,Tarkir: Dragonstorm,141,foil,common,1,104352,b98ecc96-f557-479a-8685-2b5487d5b407,0.03,false,false,near_mint,en,EUR,2026-07-16T12:27:35.240Z
Boulderborn Dragon,TDM,Tarkir: Dragonstorm,239,foil,common,1,104292,50c6e815-bfe7-4599-9227-d36504a3640f,0.07,false,false,near_mint,en,EUR,2026-07-16T12:27:35.239Z
Overwhelming Surge,TDM,Tarkir: Dragonstorm,115,foil,uncommon,1,105163,bd7af85f-354e-468a-990b-bd774e68240f,0.15,false,false,near_mint,en,EUR,2026-07-16T12:27:35.238Z
Wayspeaker Bodyguard,TDM,Tarkir: Dragonstorm,34,foil,uncommon,1,104676,5e5b2324-69fe-4105-b6f8-14dfbe359d59,0.02,false,false,near_mint,en,EUR,2026-07-16T12:27:35.237Z
Auroral Procession,TDM,Tarkir: Dragonstorm,169,foil,uncommon,1,104701,672f94ad-65d6-4c7d-925d-165ef264626f,0.59,false,false,near_mint,en,EUR,2026-07-16T12:27:35.236Z
Encroaching Dragonstorm,TDM,Tarkir: Dragonstorm,305,normal,uncommon,2,104799,8d1e6797-f938-4161-a231-dac2da23b573,0.46,false,false,near_mint,en,EUR,2026-07-16T12:27:35.235Z
Whirlwing Stormbrood // Dynamic Soar,TDM,Tarkir: Dragonstorm,322,foil,uncommon,1,104863,a621ea7f-f6d5-4663-897a-bbdc2556d665,0.51,false,false,near_mint,en,EUR,2026-07-16T12:27:35.234Z
Maelstrom of the Spirit Dragon,TDM,Tarkir: Dragonstorm,260,foil,rare,1,104359,c4e90bfb-d9a5-48a9-9ff9-b0f50a813eee,1.35,false,false,near_mint,en,EUR,2026-07-16T12:27:35.232Z
Will of the Abzan,TDC,Tarkir: Dragonstorm Commander,71,normal,rare,1,104893,b322ba2f-8474-4c73-b2fb-0f2e380a4e04,5.86,false,false,near_mint,en,EUR,2026-07-16T12:27:35.231Z
Inevitable Defeat,TDM,Tarkir: Dragonstorm,360,normal,rare,2,105172,e4f049ce-6bc7-437d-a530-8c4278151569,0.39,false,false,near_mint,en,EUR,2026-07-16T12:27:35.230Z
Magmatic Hellkite,TDM,Tarkir: Dragonstorm,301,normal,rare,1,104907,b8a8906f-8593-4ae8-ba65-f2a1cc4c8fa6,0.95,false,false,near_mint,en,EUR,2026-07-16T12:27:35.229Z
Fangkeeper's Familiar,TDM,Tarkir: Dragonstorm,357,foil,rare,1,104769,8178e63d-caa6-4088-aaef-367fb24638a4,0.81,false,false,near_mint,en,EUR,2026-07-16T12:27:35.228Z
Devoted Duelist,TDM,Tarkir: Dragonstorm,104,foil,common,1,104354,bbf9c673-37b4-48ed-a9ea-13f8e3e6c47b,0.1,false,false,near_mint,en,EUR,2026-07-16T13:31:11.209Z
Channeled Dragonfire,TDM,Tarkir: Dragonstorm,102,foil,uncommon,1,104499,24204881-690c-4043-8771-20cb93385072,0.16,false,false,near_mint,en,EUR,2026-07-16T13:31:11.208Z
Wingblade Disciple,TDM,Tarkir: Dragonstorm,65,foil,uncommon,1,105138,71de7dca-0231-4407-86a0-c7fc95f5aaa0,0.14,false,false,near_mint,en,EUR,2026-07-16T13:31:11.207Z
Abzan Monument,TDM,Tarkir: Dragonstorm,238,foil,uncommon,1,104363,d2da9024-3b58-4a57-8f7d-4094c193daee,0.14,false,false,near_mint,en,EUR,2026-07-16T13:31:11.206Z
Warden of the Grove,TDM,Tarkir: Dragonstorm,166,foil,rare,1,104498,2414db96-0e2b-4f7c-9b97-41f8e310b752,1.57,false,false,near_mint,en,EUR,2026-07-16T13:31:11.202Z
"Betor, Ancestor's Voice",TDC,Tarkir: Dragonstorm Commander,1,normal,mythic,1,103991,2e261489-8dde-4594-8868-69f432f03d03,2.96,false,false,near_mint,en,EUR,2026-07-16T13:31:11.201Z
"Kotis, the Fangkeeper",TDM,Tarkir: Dragonstorm,362,normal,rare,1,104388,f70098f2-e5a8-4056-b5b3-1229fc290c51,0.26,false,false,near_mint,en,EUR,2026-07-16T13:31:11.200Z
Dragonologist,TDM,Tarkir: Dragonstorm,295,normal,rare,1,104821,97e8d7d3-7e80-4742-9951-eb6679a0aa66,0.33,false,false,near_mint,en,EUR,2026-07-16T13:31:11.199Z
Zombie Druid,TTDM,Tarkir: Dragonstorm Tokens,10,foil,common,1,105047,f10d5813-7818-43e8-b08d-4ed8c54d0366,0.3,false,false,near_mint,en,EUR,2026-07-16T13:31:11.197Z
Champion of Dusan,TDM,Tarkir: Dragonstorm,137,foil,common,1,105164,c51dcdab-38ee-4804-8859-09adc353c182,0.13,false,false,near_mint,en,EUR,2026-07-16T13:31:11.193Z
Veteran Ice Climber,TDM,Tarkir: Dragonstorm,64,foil,uncommon,1,105162,bcccfd7b-2846-4552-a89a-2b868bc9ab20,0.23,false,false,near_mint,en,EUR,2026-07-16T13:31:11.192Z
Iridescent Tiger,TDM,Tarkir: Dragonstorm,109,foil,uncommon,1,105170,e3abbc8b-2bf8-478e-a541-f8019d150054,0.16,false,false,near_mint,en,EUR,2026-07-16T13:31:11.191Z
Rainveil Rejuvenator,TDM,Tarkir: Dragonstorm,152,foil,uncommon,1,105148,9bc5c316-6a41-48ba-864b-da3030dd3e0e,0.14,false,false,near_mint,en,EUR,2026-07-16T13:31:11.190Z
Teeming Dragonstorm,TDM,Tarkir: Dragonstorm,293,foil,uncommon,1,105059,f717301c-1ae8-44b4-b6e5-d3bdf052f5da,0.24,false,false,near_mint,en,EUR,2026-07-16T13:31:11.188Z
Forest,TDM,Tarkir: Dragonstorm,291,normal,common,1,104316,7e33e540-2828-46ad-a441-366552843d9c,5.1,false,false,near_mint,en,EUR,2026-07-16T13:31:11.187Z
Mox Jasper,TDM,Tarkir: Dragonstorm,246,foil,mythic,1,103999,a851d2d3-7e93-4887-bee5-4d6c9aaf9419,10.75,false,false,near_mint,en,EUR,2026-07-16T13:31:11.186Z
Jeskai Revelation,TDM,Tarkir: Dragonstorm,361,normal,mythic,1,104741,7679a6a2-7704-4f37-9fdd-24414d411599,2.35,false,false,near_mint,en,EUR,2026-07-16T13:31:11.183Z
"Kotis, the Fangkeeper",TDM,Tarkir: Dragonstorm,362,foil,rare,1,104388,f70098f2-e5a8-4056-b5b3-1229fc290c51,0.94,false,false,near_mint,en,EUR,2026-07-16T13:31:11.182Z
Sarkhan's Resolve,TDM,Tarkir: Dragonstorm,158,foil,common,1,104952,cae56fef-b661-4bc5-b9a1-3871ae06e491,0.08,false,false,near_mint,en,EUR,2026-07-16T13:31:11.178Z
Sunset Strikemaster,TDM,Tarkir: Dragonstorm,126,foil,uncommon,1,104394,f8f1a2f2-526d-4b2c-985b-0acfdc21a2ee,0.32,false,false,near_mint,en,EUR,2026-07-16T13:31:11.176Z
Aegis Sculptor,TDM,Tarkir: Dragonstorm,35,foil,uncommon,1,104248,19c1417a-9719-46f6-8749-d92b93ce0529,0.13,false,false,near_mint,en,EUR,2026-07-16T13:31:11.175Z
Bone-Cairn Butcher,TDM,Tarkir: Dragonstorm,173,foil,uncommon,1,104748,78bf36bc-6702-4c5d-b52d-ab7217cc8787,0.36,false,false,near_mint,en,EUR,2026-07-16T13:31:11.174Z
Corroding Dragonstorm,TDM,Tarkir: Dragonstorm,297,normal,uncommon,1,104339,a8f19964-b37b-4877-bdd5-c5c3022439ef,0.22,false,false,near_mint,en,EUR,2026-07-16T13:31:11.173Z
"Felothar, Dawn of the Abzan",TDM,Tarkir: Dragonstorm,184,foil,rare,1,104774,83e11f20-6524-4fba-9603-0b97e2d69aac,0.44,false,false,near_mint,en,EUR,2026-07-16T13:31:11.170Z
Warden of the Grove,TDM,Tarkir: Dragonstorm,351,normal,rare,1,104524,2e3d7969-5dcb-434d-8a8b-fb16da288bc4,1.32,false,false,near_mint,en,EUR,2026-07-16T13:31:11.168Z
Severance Priest,TDM,Tarkir: Dragonstorm,369,normal,rare,1,104663,585ccfa2-24e3-47aa-b244-31e29b216058,0.12,false,false,near_mint,en,EUR,2026-07-16T13:31:11.167Z
Lasyd Prowler,TDM,Tarkir: Dragonstorm,348,foil,rare,1,104506,2683ba05-13aa-44ca-8465-d9fa19ae610d,0.37,false,false,near_mint,en,EUR,2026-07-16T13:31:11.166Z
Nomad Outpost,TDM,Tarkir: Dragonstorm,263,foil,uncommon,1,104868,a68fbeaa-941f-4d53-becd-f93ed22b9a54,0.21,false,false,near_mint,en,EUR,2026-07-16T13:31:11.160Z
Strategic Betrayal,TDM,Tarkir: Dragonstorm,94,foil,uncommon,1,105145,95617742-548d-464a-bb89-a858ffa9018f,0.65,false,false,near_mint,en,EUR,2026-07-16T13:31:11.159Z
Armament Dragon,TDM,Tarkir: Dragonstorm,168,foil,uncommon,1,104469,17f61c01-0a41-4fa1-ac34-ffa83baad989,0.09,false,false,near_mint,en,EUR,2026-07-16T13:31:11.158Z
Whirlwing Stormbrood // Dynamic Soar,TDM,Tarkir: Dragonstorm,322,normal,uncommon,1,104863,a621ea7f-f6d5-4663-897a-bbdc2556d665,0.44,false,false,near_mint,en,EUR,2026-07-16T13:31:11.157Z
Rediscover the Way,TDM,Tarkir: Dragonstorm,215,foil,rare,1,104313,79d6decf-afd5-4e96-b87e-fd7ab7e3c068,0.29,false,false,near_mint,en,EUR,2026-07-16T13:31:11.154Z
Will of the Sultai,TDC,Tarkir: Dragonstorm Commander,89,normal,rare,1,104455,111c7261-e70c-4e7b-892e-42c95875feb7,2.92,false,false,near_mint,en,EUR,2026-07-16T13:31:11.153Z
Mistrise Village,TDM,Tarkir: Dragonstorm,397,normal,rare,1,104793,8c4f775c-98dd-4506-a02c-d22024f31d67,9.07,false,false,near_mint,en,EUR,2026-07-16T13:31:11.151Z
"Sarkhan, Dragon Ascendant",TDM,Tarkir: Dragonstorm,302,foil,rare,1,103994,57c03255-e3dc-44c2-982b-7efa188280df,0.99,false,false,near_mint,en,EUR,2026-07-16T13:31:11.150Z
Watcher of the Wayside,TDM,Tarkir: Dragonstorm,249,foil,common,1,104262,2dcafdac-a293-4adc-a540-3b3f469cf6f3,0.11,false,false,near_mint,en,EUR,2026-07-16T13:31:11.148Z
Agent of Kotis,TDM,Tarkir: Dragonstorm,36,foil,common,1,104318,812d0462-0158-467f-951d-a7a121188a10,0.06,false,false,near_mint,en,EUR,2026-07-16T13:31:11.147Z
Adorned Crocodile,TDM,Tarkir: Dragonstorm,69,foil,common,1,105159,bb13a34b-6ac8-47cb-9e91-47106a585fc1,0.06,false,false,near_mint,en,EUR,2026-07-16T13:31:11.146Z
Loxodon Battle Priest,TDM,Tarkir: Dragonstorm,15,foil,uncommon,1,104861,a527cdb0-f54a-4b53-83a0-6b3e8cafa45e,0.14,false,false,near_mint,en,EUR,2026-07-16T13:31:11.145Z
Dragon Sniper,TDM,Tarkir: Dragonstorm,139,foil,uncommon,1,105120,074b1e00-45bb-4436-8f5e-058512b2d08a,0.71,false,false,near_mint,en,EUR,2026-07-16T13:31:11.143Z
Jeskai Monument,TDM,Tarkir: Dragonstorm,244,foil,uncommon,1,104362,d0193ad6-39b7-4558-bd3e-36f809332ea2,0.13,false,false,near_mint,en,EUR,2026-07-16T13:31:11.142Z
Avenger of the Fallen,TDM,Tarkir: Dragonstorm,73,foil,rare,1,104984,d5397366-151f-46b0-b9b2-fa4d5bd892d8,0.61,false,false,near_mint,en,EUR,2026-07-16T13:31:11.138Z
Caldera Pyremaw,TDC,Tarkir: Dragonstorm Commander,73,normal,rare,1,105032,ec76d618-9e92-438c-9fbc-16994b805511,1.6,false,false,near_mint,en,EUR,2026-07-16T13:31:11.137Z
All-Out Assault,TDM,Tarkir: Dragonstorm,405,foil,mythic,1,104277,42c0f348-2435-4c62-9bf7-c1efded1fca0,3.41,false,false,near_mint,en,EUR,2026-07-16T13:31:11.134Z
Snakeskin Veil,TDM,Tarkir: Dragonstorm,159,foil,common,1,104856,a3d2c692-7566-468e-9c86-47a9f768fde2,0.19,false,false,near_mint,en,EUR,2026-07-16T13:31:11.129Z
Unrooted Ancestor,TDM,Tarkir: Dragonstorm,96,foil,uncommon,1,104689,6394b125-21a8-4439-9958-94b76684138e,0.11,false,false,near_mint,en,EUR,2026-07-16T13:31:11.128Z
Purging Stormbrood // Absorb Essence,TDM,Tarkir: Dragonstorm,213,foil,uncommon,1,104271,3988dc76-072c-4f43-849d-2e73c6f6ff58,0.12,false,false,near_mint,en,EUR,2026-07-16T13:31:11.126Z
Magmatic Hellkite,TDM,Tarkir: Dragonstorm,111,foil,rare,1,104895,b3b3aec8-d931-4c7f-86b5-1e7dfb717b59,0.53,false,false,near_mint,en,EUR,2026-07-16T13:31:11.122Z
Frostcliff Siege,TDM,Tarkir: Dragonstorm,385,normal,rare,1,104344,b32ab782-5f99-489c-895a-49c5c5ea249d,3.04,false,false,near_mint,en,EUR,2026-07-16T13:31:11.120Z
Lotuslight Dancers,TDM,Tarkir: Dragonstorm,363,foil,rare,1,104751,79dc69dc-6245-43fc-95a2-85b2c2957182,0.42,false,false,near_mint,en,EUR,2026-07-16T13:31:11.119Z
Bloomvine Regent // Claim Territory,TDM,Tarkir: Dragonstorm,381,foil,rare,1,104237,081f2de5-251a-41c9-a62f-11487f54d355,2.44,false,false,near_mint,en,EUR,2026-07-16T13:31:11.118Z
Rally the Monastery,TDM,Tarkir: Dragonstorm,19,foil,uncommon,1,104136,b56e0037-8143-4c13-83e1-0c3f44e685ea,0.23,false,false,near_mint,en,EUR,2026-07-16T13:31:11.112Z
Gurmag Rakshasa,TDM,Tarkir: Dragonstorm,81,foil,uncommon,1,105173,f05ad909-8860-473b-9a30-a322f7670b32,0.14,false,false,near_mint,en,EUR,2026-07-16T13:31:11.111Z
Effortless Master,TDM,Tarkir: Dragonstorm,181,foil,uncommon,1,104441,0ae03ca5-cd4b-42b7-8cd5-3f7e753b4147,0.05,false,false,near_mint,en,EUR,2026-07-16T13:31:11.110Z
Feral Deathgorger // Dusk Sight,TDM,Tarkir: Dragonstorm,298,normal,common,1,104664,58c446e6-8ffb-45ed-aca2-95161ac88d5c,0.1,false,false,near_mint,en,EUR,2026-07-16T13:31:11.109Z
Sonic Shrieker,TDM,Tarkir: Dragonstorm,318,foil,uncommon,1,104600,46a8ee3f-cee5-4971-9112-393f639a210e,0.19,false,false,near_mint,en,EUR,2026-07-16T13:31:11.108Z
Craterhoof Behemoth,TDM,Tarkir: Dragonstorm,138,foil,mythic,1,104255,276f5cee-a501-4658-bd4d-7a044bf1ccbc,15.99,false,false,near_mint,en,EUR,2026-07-16T13:31:11.106Z
Become the Avalanche,TDC,Tarkir: Dragonstorm Commander,83,normal,rare,1,104898,b5e1921a-5d75-4b9d-8293-3e78dfa664cc,0.48,false,false,near_mint,en,EUR,2026-07-16T13:31:11.105Z
Great Arashin City,TDM,Tarkir: Dragonstorm,395,normal,rare,1,104995,d98fdfc0-5dd2-4059-8fd6-73378235de55,0.46,false,false,near_mint,en,EUR,2026-07-16T13:31:11.103Z
"Ureni, the Song Unending",TDM,Tarkir: Dragonstorm,374,foil,mythic,1,104374,e8ea13cf-2fa3-411f-9dc5-13d75f0c67dd,11.38,false,false,near_mint,en,EUR,2026-07-16T13:31:11.102Z
Piercing Exhale,TDM,Tarkir: Dragonstorm,151,foil,common,1,104891,b2a0deb9-5bc3-42d5-9e1e-5f463d176aef,0.12,false,false,near_mint,en,EUR,2026-07-16T13:31:11.098Z
Temur Tawnyback,TDM,Tarkir: Dragonstorm,229,foil,common,1,104566,3cdb383f-bc04-46d1-aa3a-7459d57f1fec,0.09,false,false,near_mint,en,EUR,2026-07-16T13:31:11.097Z
Dalkovan Packbeasts,TDM,Tarkir: Dragonstorm,7,foil,uncommon,1,104631,4df7b253-6107-47d6-b650-cb4d3e0aec6b,0.19,false,false,near_mint,en,EUR,2026-07-16T13:31:11.096Z
Attuned Hunter,TDM,Tarkir: Dragonstorm,135,foil,uncommon,1,104977,d1a4f502-86a9-49fb-9cb9-7918d13c5313,0.05,false,false,near_mint,en,EUR,2026-07-16T13:31:11.095Z
Rakshasa's Bargain,TDM,Tarkir: Dragonstorm,214,foil,uncommon,1,104299,5c409f4f-3b2c-4c33-b850-55b2a46f51ca,0.9,false,false,near_mint,en,EUR,2026-07-16T13:31:11.094Z
Jeskai Shrinekeeper,TDM,Tarkir: Dragonstorm,311,normal,uncommon,1,104467,171ba15b-f981-4b0f-8062-24e4c78fc213,0.21,false,false,near_mint,en,EUR,2026-07-16T13:31:11.093Z
Awaken the Honored Dead,TDM,Tarkir: Dragonstorm,170,foil,rare,1,104461,14078a49-2230-4ad7-aea0-0c253813c646,0.51,false,false,near_mint,en,EUR,2026-07-16T13:31:11.090Z
Roar of Endless Song,TDM,Tarkir: Dragonstorm,390,foil,rare,1,105155,b2624c7f-1c10-49c7-be74-e7b2dc8dac12,0.34,false,false,near_mint,en,EUR,2026-07-16T13:31:11.086Z
Mardu Devotee,TDM,Tarkir: Dragonstorm,16,foil,common,1,104366,da45e9b0-a4f6-413b-9e62-666c511eb5b0,0.13,false,false,near_mint,en,EUR,2026-07-16T13:31:11.084Z
Highspire Bell-Ringer,TDM,Tarkir: Dragonstorm,47,foil,common,1,105020,e75dccf7-2894-4c4a-b516-3eee73acddd3,0.08,false,false,near_mint,en,EUR,2026-07-16T13:31:11.083Z
Salt Road Skirmish,TDM,Tarkir: Dragonstorm,88,foil,uncommon,1,105144,8f529a2e-5102-492e-84ab-68541d83b5a3,0.09,false,false,near_mint,en,EUR,2026-07-16T13:31:11.080Z
Sunpearl Kirin,TDM,Tarkir: Dragonstorm,29,foil,uncommon,1,104470,18292b9c-0f42-4ce2-8b85-35d06cf45a63,0.43,false,false,near_mint,en,EUR,2026-07-16T13:31:11.079Z
Cori Mountain Stalwart,TDM,Tarkir: Dragonstorm,175,foil,uncommon,1,104902,b6cbf54e-f30e-4e7b-b17c-217fa424971c,0.07,false,false,near_mint,en,EUR,2026-07-16T13:31:11.078Z
Hollowmurk Siege,TDM,Tarkir: Dragonstorm,192,foil,rare,1,104668,5ac0e136-8877-4bfc-a831-2bf7b7b5ad1e,1.06,false,false,near_mint,en,EUR,2026-07-16T13:31:11.074Z
Felothar the Steadfast,TDC,Tarkir: Dragonstorm Commander,4,normal,mythic,1,104260,2c3549f6-25df-4ea7-84ad-922ccd4af6b2,1.92,false,false,near_mint,en,EUR,2026-07-16T13:31:11.073Z
Thunder of Unity,TDM,Tarkir: Dragonstorm,391,foil,rare,1,104679,5fd218be-b4c1-4dc7-9672-a16892f1b1e7,0.43,false,false,near_mint,en,EUR,2026-07-16T13:31:11.070Z
Nightblade Brigade,TDM,Tarkir: Dragonstorm,85,foil,common,1,105134,648debd9-d4cf-4788-8882-f1601a3d87f5,0.14,false,false,near_mint,en,EUR,2026-07-16T13:31:11.068Z
Riling Dawnbreaker // Signaling Roar,TDM,Tarkir: Dragonstorm,21,foil,common,1,104532,312f7072-3bf8-449f-bfb7-93727ef26c66,0.09,false,false,near_mint,en,EUR,2026-07-16T13:31:11.067Z
Focus the Mind,TDM,Tarkir: Dragonstorm,45,foil,common,1,105153,abb0ba34-6904-4c17-a04d-ea4f12c7cf21,0.08,false,false,near_mint,en,EUR,2026-07-16T13:31:11.066Z
Wail of War,TDM,Tarkir: Dragonstorm,98,foil,uncommon,1,104764,7e9430dd-f583-400d-808a-64e2b5fa54f1,0.1,false,false,near_mint,en,EUR,2026-07-16T13:31:11.064Z
Roiling Dragonstorm,TDM,Tarkir: Dragonstorm,55,foil,uncommon,1,104280,455f4c96-684b-4b14-bd21-6799da2e1fa7,0.02,false,false,near_mint,en,EUR,2026-07-16T13:31:11.063Z
Whirlwing Stormbrood // Dynamic Soar,TDM,Tarkir: Dragonstorm,234,foil,uncommon,1,104656,56a25eb1-bdb8-4f86-8d9a-3055ad1b2a13,0.13,false,false,near_mint,en,EUR,2026-07-16T13:31:11.062Z
Corroding Dragonstorm,TDM,Tarkir: Dragonstorm,297,foil,uncommon,1,104339,a8f19964-b37b-4877-bdd5-c5c3022439ef,0.31,false,false,near_mint,en,EUR,2026-07-16T13:31:11.060Z
"Sidisi, Regent of the Mire",TDM,Tarkir: Dragonstorm,92,foil,rare,1,104281,47374d23-662b-4ba7-a94f-37c9bc759cc6,0.55,false,false,near_mint,en,EUR,2026-07-16T13:31:11.058Z
Ainok Strike Leader,TDC,Tarkir: Dragonstorm Commander,51,normal,rare,1,104521,2d1102e4-447a-4b40-8131-5b36b8979fe0,4.91,false,false,near_mint,en,EUR,2026-07-16T13:31:11.057Z
"Neriv, Heart of the Storm",TDM,Tarkir: Dragonstorm,314,normal,mythic,1,104329,9dc53504-0eab-4ed2-b498-d8a5267bd40f,5.61,false,false,near_mint,en,EUR,2026-07-16T13:31:11.055Z
Dragonfire Blade,TDM,Tarkir: Dragonstorm,324,foil,rare,1,104597,45f039ce-cbfd-46d7-a575-5e6c049f83ff,2.49,false,false,near_mint,en,EUR,2026-07-16T13:31:11.054Z
Meticulous Artisan,TDM,Tarkir: Dragonstorm,112,foil,common,1,104912,baf4c9dd-0546-41ac-a7ba-0bc312fef31e,0.09,false,false,near_mint,en,EUR,2026-07-16T13:31:11.050Z
Embermouth Sentinel,TDM,Tarkir: Dragonstorm,242,foil,common,1,104606,485f75d5-da5b-4605-885a-561ccd999cc6,0.15,false,false,near_mint,en,EUR,2026-07-16T13:31:11.049Z
Breaching Dragonstorm,TDM,Tarkir: Dragonstorm,101,foil,uncommon,1,105013,e2c2a069-7553-4879-abfb-b2aa3349e4b8,0.19,false,false,near_mint,en,EUR,2026-07-16T13:31:11.048Z
Host of the Hereafter,TDM,Tarkir: Dragonstorm,193,foil,uncommon,1,104448,0f182957-8133-45a7-80a3-1944bead4d43,0.19,false,false,near_mint,en,EUR,2026-07-16T13:31:11.047Z
Swamp,TDM,Tarkir: Dragonstorm,289,foil,common,1,104297,57da24a0-89a7-4756-b4ca-4dea132e8f67,7.99,false,false,near_mint,en,EUR,2026-07-16T13:31:11.043Z
Sage of the Skies,TDM,Tarkir: Dragonstorm,22,foil,rare,1,104710,6ade6918-6d1d-448d-ab56-93996051e9a9,0.66,false,false,near_mint,en,EUR,2026-07-16T13:31:11.042Z
Transforming Flourish,TDC,Tarkir: Dragonstorm Commander,79,normal,rare,1,104558,3973c8d4-e6e2-49dd-951f-77f6317c21d6,0.3,false,false,near_mint,en,EUR,2026-07-16T13:31:11.041Z
Ambling Stormshell,TDM,Tarkir: Dragonstorm,332,foil,rare,1,105140,7c67235e-13d3-40ba-9cb7-03c1db6d455e,0.48,false,false,near_mint,en,EUR,2026-07-16T13:31:11.040Z
"Elspeth, Storm Slayer",TDM,Tarkir: Dragonstorm,398,normal,mythic,1,104251,1fdf9438-fd5f-4638-8f41-dae35ae8f257,31.07,false,false,near_mint,en,EUR,2026-07-16T13:31:11.039Z
Herd Heirloom,TDM,Tarkir: Dragonstorm,347,foil,rare,1,104939,c5e7d936-60f8-40fc-b6a9-be677a97395b,4.76,false,false,near_mint,en,EUR,2026-07-16T13:31:11.038Z
Blossoming Sands,TDM,Tarkir: Dragonstorm,251,foil,common,1,104239,0a9df994-e0f4-4919-af99-4f643eb9199c,0.12,false,false,near_mint,en,EUR,2026-07-16T13:31:11.036Z
Stormplain Detainment,TDM,Tarkir: Dragonstorm,28,foil,common,1,104135,39f3aab5-7b54-4b55-8114-c6f9f79c255d,0.11,false,false,near_mint,en,EUR,2026-07-16T13:31:11.035Z
Shocking Sharpshooter,TDM,Tarkir: Dragonstorm,121,foil,uncommon,1,104618,4a10342d-ca04-4d1e-bca9-79f531951a16,0.3,false,false,near_mint,en,EUR,2026-07-16T13:31:11.032Z
Duty Beyond Death,TDM,Tarkir: Dragonstorm,10,foil,uncommon,1,104265,2e92640d-768b-4357-905f-bea017d351cc,0.28,false,false,near_mint,en,EUR,2026-07-16T13:31:11.031Z
Dragonclaw Strike,TDM,Tarkir: Dragonstorm,180,foil,uncommon,1,105161,bc7692ef-7091-4365-85a8-1edbd374f279,0.12,false,false,near_mint,en,EUR,2026-07-16T13:31:11.030Z
Kishla Village,TDM,Tarkir: Dragonstorm,259,foil,rare,1,104840,9f0ff90d-7312-44df-afc5-29c768fa7758,0.56,false,false,near_mint,en,EUR,2026-07-16T13:31:11.026Z
Voracious Bibliophile,TDC,Tarkir: Dragonstorm Commander,63,normal,rare,1,104820,97348a8d-e5b5-436c-a594-0cc2496ea4fa,0.78,false,false,near_mint,en,EUR,2026-07-16T13:31:11.025Z
Scavenger Regent // Exude Toxin,TDM,Tarkir: Dragonstorm,379,normal,rare,1,104834,9cf54062-7b5b-4e46-ae1e-fab7e419a9fa,0.81,false,false,near_mint,en,EUR,2026-07-16T13:31:11.023Z
Stormscale Scion,TDM,Tarkir: Dragonstorm,303,foil,mythic,1,104004,c250cbd2-2b78-4721-9977-02de20c3d7d1,5.56,false,false,near_mint,en,EUR,2026-07-16T13:31:11.022Z
Reliquary Dragon,TTDM,Tarkir: Dragonstorm Tokens,15,foil,common,2,105129,44465924-8cc2-49a4-bc07-8dbae7570af6,0.28,false,false,near_mint,en,EUR,2026-07-16T13:31:11.053Z
Stormshriek Feral // Flush Out,TDM,Tarkir: Dragonstorm,304,normal,common,2,104535,322e4880-f3f0-44d8-8f95-48b496af0e81,0.19,false,false,near_mint,en,EUR,2026-07-16T13:31:11.077Z
Nature's Lore,MSC,Marvel Super Heroes Commander,177,normal,common,1,114313,7afc4a15-5ff8-457a-aa62-803b2d78d912,2.27,false,false,near_mint,en,EUR,2026-07-18T12:07:00.874Z
Kami of Whispered Hopes,SOC,Secrets of Strixhaven Commander,273,normal,uncommon,1,111839,0be4e5f6-a1fc-4a91-aafe-f963878cd1b3,2.42,false,false,near_mint,en,EUR,2026-07-18T12:07:00.873Z
Fabled Passage,SOC,Secrets of Strixhaven Commander,130,normal,rare,1,111998,8119d329-6ee5-433c-bd81-8579bb061162,1.36,false,false,near_mint,en,EUR,2026-07-18T12:07:00.872Z
Clue,TMH2,Modern Horizons 2 Tokens,15,foil,common,1,59976,eb129b0d-1349-4e88-a6a7-b7968b26ee7e,,false,false,near_mint,en,EUR,2026-07-18T12:49:18.288Z
Urza's Saga,MH2,Modern Horizons 2,380,foil,rare,1,58960,2138dfbb-a4e3-49db-b908-95d0b2b7e82f,59.08,false,false,near_mint,en,EUR,2026-07-18T12:49:18.287Z
Shenanigans,H1R,Modern Horizons 1 Timeshifts,18,foil,uncommon,1,59639,7ee142dc-bb72-4aa0-9037-cfc70de19cae,0.76,false,false,near_mint,en,EUR,2026-07-18T12:49:18.285Z
Fractured Sanity,MH2,Modern Horizons 2,336,normal,rare,1,59787,c2a3b565-2880-48f1-bbfe-1eeafcb76c2b,1.38,false,false,near_mint,en,EUR,2026-07-18T12:49:18.282Z
Road // Ruin,MH2,Modern Horizons 2,376,normal,uncommon,1,59869,edf8a080-2327-4ae0-97bc-ed488a619797,0.11,false,false,near_mint,en,EUR,2026-07-18T12:49:18.281Z
Academy Manufactor,MH2,Modern Horizons 2,469,normal,rare,1,59779,bdb31a63-a4c9-4432-9029-eb5a50c769b4,6.03,false,false,near_mint,en,EUR,2026-07-18T12:49:18.280Z
Swamp,MH2,Modern Horizons 2,485,foil,common,1,59739,ac8546d1-bfea-4cf7-bfa1-48555ea81bd4,0.13,false,false,near_mint,en,EUR,2026-07-18T12:49:18.279Z
Sanctuary Raptor,MH2,Modern Horizons 2,233,foil,uncommon,1,59807,ccbdb1eb-2546-4c1a-bfab-ef61bdadd364,0.09,false,false,near_mint,en,EUR,2026-07-18T12:49:18.278Z
Ethersworn Sphinx,MH2,Modern Horizons 2,195,foil,uncommon,1,59483,315ae21a-4d95-488e-812b-0d018219af6c,0.29,false,false,near_mint,en,EUR,2026-07-18T12:49:18.277Z
Dihada's Ploy,MH2,Modern Horizons 2,193,foil,common,1,59675,9091e8dc-b546-4b74-9dc9-aef55f60d13a,0.28,false,false,near_mint,en,EUR,2026-07-18T12:49:18.276Z
Foul Watcher,MH2,Modern Horizons 2,43,foil,common,1,59619,71d00175-5e5e-40dd-a71b-5ba56d763134,0.05,false,false,near_mint,en,EUR,2026-07-18T12:49:18.275Z
Soul of Migration,MH2,Modern Horizons 2,33,foil,common,1,59524,4541217f-5e86-491b-918b-ed7a2eb3e4eb,0.08,false,false,near_mint,en,EUR,2026-07-18T12:49:18.274Z
Abundant Harvest,MH2,Modern Horizons 2,147,foil,common,1,59572,5ad86b17-3fed-418a-938c-c49adb409531,0.12,false,false,near_mint,en,EUR,2026-07-18T12:49:18.273Z
Timeless Dragon,MH2,Modern Horizons 2,388,foil,rare,1,59819,d476cc60-e59d-4f34-abc9-f3eafdc2890d,1.16,false,false,near_mint,en,EUR,2026-07-18T12:49:18.271Z
Prismatic Vista,H1R,Modern Horizons 1 Timeshifts,40,foil,rare,1,59694,991a1790-a3a2-4def-8848-cc698915a242,51.59,false,false,near_mint,en,EUR,2026-07-18T12:49:18.270Z
Late to Dinner,MH2,Modern Horizons 2,329,foil,common,1,59525,4613fc96-a98d-4ea8-b1e2-0a776dfd4d5a,0.21,false,false,near_mint,en,EUR,2026-07-18T12:49:18.268Z
Chatterstorm,MH2,Modern Horizons 2,152,foil,common,1,59757,b34f0ac1-6894-4761-b62c-b85d927acf09,0.25,false,false,near_mint,en,EUR,2026-07-18T12:49:18.267Z
Verdant Command,MH2,Modern Horizons 2,359,normal,rare,1,59397,070a3f30-0839-4678-a37c-475ee189811e,0.32,false,false,near_mint,en,EUR,2026-07-18T12:49:18.266Z
Rakdos Headliner,MH2,Modern Horizons 2,374,normal,uncommon,1,59471,2caad15a-b567-47b5-b055-e52bfed5b889,0.11,false,false,near_mint,en,EUR,2026-07-18T12:49:18.265Z
Sanctum Weaver,MH2,Modern Horizons 2,462,normal,rare,1,59422,15fd218c-3e14-4b82-9e03-16a0fad1b530,5.29,false,false,near_mint,en,EUR,2026-07-18T12:49:18.264Z
Island,MH2,Modern Horizons 2,484,foil,common,1,59683,95d781a5-2f5e-499f-b210-c4a5c50a180c,0.14,false,false,near_mint,en,EUR,2026-07-18T12:49:18.263Z
Slag Strider,MH2,Modern Horizons 2,141,foil,uncommon,1,59719,a3a271f3-ea5f-4947-aac3-b4cffdfa87ac,0.24,false,false,near_mint,en,EUR,2026-07-18T12:49:18.262Z
Vedalken Infiltrator,MH2,Modern Horizons 2,73,foil,uncommon,1,59706,9ddfc6a8-7880-4810-8c0a-d9ea931138f2,0.15,false,false,near_mint,en,EUR,2026-07-18T12:49:18.261Z
Goldmire Bridge,MH2,Modern Horizons 2,247,foil,common,1,59833,dbe2a1fa-196f-497f-a15f-0b3b04da9cbb,0.33,false,false,near_mint,en,EUR,2026-07-18T12:49:18.260Z
Fodder Tosser,MH2,Modern Horizons 2,226,foil,common,1,59902,fd401525-b874-4af2-99a3-c2c83e22547e,0.09,false,false,near_mint,en,EUR,2026-07-18T12:49:18.259Z
Hard Evidence,MH2,Modern Horizons 2,46,foil,common,1,59553,501599d6-1072-4124-b05d-01f96de153f3,0.19,false,false,near_mint,en,EUR,2026-07-18T12:49:18.258Z
Nested Shambler,MH2,Modern Horizons 2,399,foil,common,1,59864,eb8595c6-5237-4ed1-98e4-8615bb0eb8e1,0.34,false,false,near_mint,en,EUR,2026-07-18T12:49:18.257Z
Damn,MH2,Modern Horizons 2,396,foil,rare,1,59449,23b95b26-0bbf-4fa1-80c1-f621f1a1b947,3.88,false,false,near_mint,en,EUR,2026-07-18T12:49:18.255Z
Verdant Catacombs,MH2,Modern Horizons 2,440,foil,rare,1,59007,981b3a2e-de94-428d-8e5d-5a7ba6afe4a2,39.1,false,false,near_mint,en,EUR,2026-07-18T12:49:18.254Z
Blacksmith's Skill,MH2,Modern Horizons 2,381,foil,common,1,59498,37304f74-a925-444c-bff6-7811f7f06966,0.36,false,false,near_mint,en,EUR,2026-07-18T12:49:18.252Z
Talisman of Curiosity,H1R,Modern Horizons 1 Timeshifts,35,foil,uncommon,1,59770,b9383190-c4b2-4b38-8938-2c57782faf03,2.09,false,false,near_mint,en,EUR,2026-07-18T12:49:18.251Z
Vindicate,MH2,Modern Horizons 2,322,normal,rare,1,59848,e4978ecd-3c2e-49e2-98e0-0172887e4319,2.83,false,false,near_mint,en,EUR,2026-07-18T12:49:18.250Z
Lens Flare,MH2,Modern Horizons 2,330,normal,common,1,59399,09d044aa-abed-47dd-b3a1-268fab03f8af,0.04,false,false,near_mint,en,EUR,2026-07-18T12:49:18.249Z
Arid Mesa,MH2,Modern Horizons 2,244,normal,rare,1,58964,25ac5405-df7b-4097-914a-022cb18e20d4,25.16,false,false,near_mint,en,EUR,2026-07-18T12:49:18.248Z
Forest,MH2,Modern Horizons 2,489,foil,common,1,59528,46e93212-da68-48f8-9aeb-ee5eb92e9a54,0.08,false,false,near_mint,en,EUR,2026-07-18T12:49:18.247Z
Squirrel Sanctuary,MH2,Modern Horizons 2,174,foil,uncommon,1,59868,ed6ab503-5e9a-4339-a0e7-a909b2908f41,0.3,false,false,near_mint,en,EUR,2026-07-18T12:49:18.246Z
Scurry Oak,MH2,Modern Horizons 2,172,foil,uncommon,1,59410,0fb48c2e-ee0f-4fae-9c22-247870c10d5b,2.59,false,false,near_mint,en,EUR,2026-07-18T12:49:18.245Z
Blacksmith's Skill,MH2,Modern Horizons 2,6,foil,common,1,59482,31506792-d0ab-4c13-9ab8-6fa433220dbf,0.27,false,false,near_mint,en,EUR,2026-07-18T12:49:18.244Z
Phantasmal Dreadmaw,MH2,Modern Horizons 2,55,foil,common,1,59730,a7f09ddb-0dec-47a7-92d4-efbeaf8cd85c,0.13,false,false,near_mint,en,EUR,2026-07-18T12:49:18.243Z
Razortide Bridge,MH2,Modern Horizons 2,252,foil,common,1,59858,e7ea7395-430e-4036-92c9-17a850ec2371,0.78,false,false,near_mint,en,EUR,2026-07-18T12:49:18.242Z
Discerning Taste,MH2,Modern Horizons 2,82,foil,common,1,59710,9f395828-9d6d-4ffa-be92-b681350031b0,0.23,false,false,near_mint,en,EUR,2026-07-18T12:49:18.241Z
Clue,TMH2,Modern Horizons 2 Tokens,14,foil,common,1,59974,cfcf6efe-9f94-4a55-9994-701e596691ad,,false,false,near_mint,en,EUR,2026-07-18T12:49:18.240Z
Academy Manufactor,MH2,Modern Horizons 2,469,foil,rare,1,59779,bdb31a63-a4c9-4432-9029-eb5a50c769b4,10.21,false,false,near_mint,en,EUR,2026-07-18T12:49:18.239Z
Ranger-Captain of Eos,H1R,Modern Horizons 1 Timeshifts,5,foil,mythic,1,59737,ab9eef1c-8e8e-45e6-aaef-98ff569a1845,64.89,false,false,near_mint,en,EUR,2026-07-18T12:49:18.238Z
Universal Automaton,H1R,Modern Horizons 1 Timeshifts,38,foil,uncommon,1,59751,b1211495-12ba-4f57-90f9-8befec5fc03d,3.1,false,false,near_mint,en,EUR,2026-07-18T12:49:18.237Z
Brainstone,MH2,Modern Horizons 2,426,foil,uncommon,1,59002,8ef23258-511f-43f8-b84f-bd2256b5c86b,0.44,false,false,near_mint,en,EUR,2026-07-18T12:49:18.236Z
Imperial Recruiter,MH2,Modern Horizons 2,314,normal,mythic,1,59810,ce0dbf20-bb76-4f4b-960f-68bbb99bde33,13.09,false,false,near_mint,en,EUR,2026-07-18T12:49:18.234Z
Faithless Salvaging,MH2,Modern Horizons 2,349,normal,common,1,59461,2958aa5c-176d-4f6e-be52-ef2afbe8d452,0.09,false,false,near_mint,en,EUR,2026-07-18T12:49:18.233Z
Bloodbraid Marauder,MH2,Modern Horizons 2,454,normal,rare,1,59637,7e3af226-9f55-481a-87ec-da2861ac60e0,0.28,false,false,near_mint,en,EUR,2026-07-18T12:49:18.232Z
Archfiend of Sorrows,MH2,Modern Horizons 2,74,foil,uncommon,1,59889,f4d089f1-718e-4853-a634-64114735fba5,0.14,false,false,near_mint,en,EUR,2026-07-18T12:49:18.230Z
Sea Drake,MH2,Modern Horizons 2,268,foil,uncommon,1,59570,5a8b69ff-22ef-451f-8322-b54eec79bacf,0.1,false,false,near_mint,en,EUR,2026-07-18T12:49:18.229Z
Sinister Starfish,MH2,Modern Horizons 2,99,foil,common,1,59832,db209732-c290-4999-a1aa-2369dfa8790c,0.06,false,false,near_mint,en,EUR,2026-07-18T12:49:18.228Z
Viashino Lashclaw,MH2,Modern Horizons 2,146,foil,common,1,59492,3457e346-a5de-4624-b577-f59d4c186537,0.08,false,false,near_mint,en,EUR,2026-07-18T12:49:18.227Z
Sojourner's Companion,MH2,Modern Horizons 2,235,foil,common,1,59667,8c6af084-eee7-4259-a58b-a866e0cf171b,0.16,false,false,near_mint,en,EUR,2026-07-18T12:49:18.226Z
Rift Sower,MH2,Modern Horizons 2,170,foil,common,1,59688,97dbd212-f1e8-429a-bf00-b2ea966d880e,0.29,false,false,near_mint,en,EUR,2026-07-18T12:49:18.225Z
Fractured Sanity,MH2,Modern Horizons 2,336,foil,rare,1,59787,c2a3b565-2880-48f1-bbfe-1eeafcb76c2b,1.8,false,false,near_mint,en,EUR,2026-07-18T12:49:18.223Z
Fire // Ice,MH2,Modern Horizons 2,290,foil,rare,1,59406,0e09b054-4d33-4a12-bf2a-9b0009f33044,1.85,false,false,near_mint,en,EUR,2026-07-18T12:49:18.222Z
Terminal Agony,MH2,Modern Horizons 2,424,foil,common,1,59509,3ddb6d98-3a3a-4332-a64e-97aec71777a4,0.13,false,false,near_mint,en,EUR,2026-07-18T12:49:18.221Z
Jade Avenger,MH2,Modern Horizons 2,356,foil,common,1,59630,793f5aef-15ad-4ad7-b390-201b3c0c149d,0.2,false,false,near_mint,en,EUR,2026-07-18T12:49:18.220Z
Talisman of Conviction,H1R,Modern Horizons 1 Timeshifts,33,foil,uncommon,1,59631,7a32f159-cc51-40d9-8c33-88ca8eb8b6f4,2.29,false,false,near_mint,en,EUR,2026-07-18T12:49:18.219Z
"Chatterfang, Squirrel General",MH2,Modern Horizons 2,316,normal,mythic,1,59564,57b819b7-c193-446d-b7cf-75a09e1d58a4,11.46,false,false,near_mint,en,EUR,2026-07-18T12:49:18.218Z
Gargadon,MH2,Modern Horizons 2,351,normal,common,1,59659,88167b74-c25f-4a9b-a4f5-33a51e01d498,0.06,false,false,near_mint,en,EUR,2026-07-18T12:49:18.217Z
Sol Talisman,MH2,Modern Horizons 2,472,normal,rare,1,59425,18052761-39c3-4342-b6e6-38dc5b7b05dd,0.85,false,false,near_mint,en,EUR,2026-07-18T12:49:18.216Z
Radiant Epicure,MH2,Modern Horizons 2,98,foil,uncommon,1,59534,48c99e55-c605-4519-a52a-39dfdbabb44a,0.1,false,false,near_mint,en,EUR,2026-07-18T12:49:18.214Z
Caprichrome,MH2,Modern Horizons 2,9,foil,uncommon,1,59859,e8c71a1f-191b-45f6-bb34-fba3e981a711,0.12,false,false,near_mint,en,EUR,2026-07-18T12:49:18.213Z
Wavesifter,MH2,Modern Horizons 2,217,foil,common,1,59400,0a269277-7f4e-40de-a2b4-53aa50cfd665,0.2,false,false,near_mint,en,EUR,2026-07-18T12:49:18.212Z
Unbounded Potential,MH2,Modern Horizons 2,36,foil,common,1,59696,9955a344-dcd8-404d-9757-f62ed158ba22,0.22,false,false,near_mint,en,EUR,2026-07-18T12:49:18.211Z
Kitchen Imp,MH2,Modern Horizons 2,89,foil,common,1,59648,836ae711-e62f-49ec-850e-d25f6fd2a4d4,0.36,false,false,near_mint,en,EUR,2026-07-18T12:49:18.210Z
Late to Dinner,MH2,Modern Horizons 2,19,foil,common,1,59596,6633cab9-23f9-474e-96f1-ca7c0c67691c,0.16,false,false,near_mint,en,EUR,2026-07-18T12:49:18.209Z
Nettlecyst,MH2,Modern Horizons 2,471,foil,rare,1,59791,c3f3852d-e99a-418e-a235-da47ed38aabe,4.48,false,false,near_mint,en,EUR,2026-07-18T12:49:18.207Z
Garth One-Eye,MH2,Modern Horizons 2,420,foil,mythic,1,59595,662c23f8-feb3-43e3-add5-cf136cd54a1a,1.24,false,false,near_mint,en,EUR,2026-07-18T12:49:18.206Z
Ingenious Infiltrator,H1R,Modern Horizons 1 Timeshifts,28,foil,uncommon,1,59732,a92b3ded-40d9-4e50-a64c-b326e3fd52ed,2.62,false,false,near_mint,en,EUR,2026-07-18T12:49:18.205Z
"Dakkon, Shadow Slayer",MH2,Modern Horizons 2,363,normal,mythic,1,59391,05467b80-0781-4f03-8027-59dbb44d8826,0.46,false,false,near_mint,en,EUR,2026-07-18T12:49:18.202Z
Blossoming Calm,MH2,Modern Horizons 2,327,normal,uncommon,1,59822,d7667b9c-073d-456d-8c43-5e56316cef92,0.07,false,false,near_mint,en,EUR,2026-07-18T12:49:18.201Z
Scalding Tarn,MH2,Modern Horizons 2,254,normal,rare,1,58986,71e491c5-8c07-449b-b2f1-ffa052e6d311,26.66,false,false,near_mint,en,EUR,2026-07-18T12:49:18.200Z
Combine Chrysalis,MH2,Modern Horizons 2,191,foil,uncommon,1,59893,f7d54ec2-a458-4e13-97b8-be99b7338548,0.19,false,false,near_mint,en,EUR,2026-07-18T12:49:18.198Z
Altar of the Goyf,MH2,Modern Horizons 2,220,foil,uncommon,1,59841,e0b3a98f-2b3c-438b-b78c-eef8d917f68e,0.18,false,false,near_mint,en,EUR,2026-07-18T12:49:18.197Z
Mine Collapse,MH2,Modern Horizons 2,135,foil,common,1,59563,56e2e8b5-660d-4469-a4fe-2367dfadb709,0.22,false,false,near_mint,en,EUR,2026-07-18T12:49:18.196Z
Urban Daggertooth,MH2,Modern Horizons 2,181,foil,common,1,59539,4ab83a39-d90d-403e-b74d-fe99c8b2aacd,0.14,false,false,near_mint,en,EUR,2026-07-18T12:49:18.195Z
Knighted Myr,MH2,Modern Horizons 2,17,foil,common,1,59870,ee638303-fa02-41b6-8954-156544566b57,0.23,false,false,near_mint,en,EUR,2026-07-18T12:49:18.194Z
Rustvale Bridge,MH2,Modern Horizons 2,253,foil,common,1,59443,2207467a-b82a-47ae-8867-15a859328fe9,0.53,false,false,near_mint,en,EUR,2026-07-18T12:49:18.193Z
Ignoble Hierarch,MH2,Modern Horizons 2,414,foil,rare,1,59679,9417f14c-a853-42c6-a992-29139484260a,6.68,false,false,near_mint,en,EUR,2026-07-18T12:49:18.190Z
Skirge Familiar,MH2,Modern Horizons 2,276,foil,uncommon,1,59473,2d92fcf1-2ccd-47d2-9a24-f44b766a0b68,0.38,false,false,near_mint,en,EUR,2026-07-18T12:49:18.189Z
Underworld Hermit,MH2,Modern Horizons 2,347,foil,uncommon,1,59622,735a5082-72f4-4812-adcc-d8095d8eee51,0.16,false,false,near_mint,en,EUR,2026-07-18T12:49:18.188Z
World-Weary,MH2,Modern Horizons 2,348,foil,common,1,59877,f16d9113-d279-4a6d-9cf0-f5e104f77852,0.05,false,false,near_mint,en,EUR,2026-07-18T12:49:18.187Z
Geyadrone Dihada,MH2,Modern Horizons 2,305,normal,mythic,1,59604,69ef067b-58ac-4b88-a983-83316d157fcb,1.29,false,false,near_mint,en,EUR,2026-07-18T12:49:18.186Z
World-Weary,MH2,Modern Horizons 2,348,normal,common,1,59877,f16d9113-d279-4a6d-9cf0-f5e104f77852,0.07,false,false,near_mint,en,EUR,2026-07-18T12:49:18.185Z
"Zabaz, the Glimmerwasp",MH2,Modern Horizons 2,474,normal,rare,1,59580,5d58a96f-939c-4b9b-a4c2-fb83d896eefb,0.49,false,false,near_mint,en,EUR,2026-07-18T12:49:18.184Z
Swamp,MH2,Modern Horizons 2,486,foil,common,1,59682,959cb185-a280-493c-b85c-69b74e042c15,0.1,false,false,near_mint,en,EUR,2026-07-18T12:49:18.183Z
Batterbone,MH2,Modern Horizons 2,221,foil,uncommon,1,59680,94266c32-774f-42fa-84d7-7b646c950587,0.25,false,false,near_mint,en,EUR,2026-07-18T12:49:18.182Z
Specimen Collector,MH2,Modern Horizons 2,64,foil,uncommon,1,59780,bdfaed69-bc4c-4c73-abc3-00dce5e0177e,0.09,false,false,near_mint,en,EUR,2026-07-18T12:49:18.181Z
Darkmoss Bridge,MH2,Modern Horizons 2,245,foil,common,1,59875,f11f0be9-b9f7-45d2-9499-c5d849d7289f,0.34,false,false,near_mint,en,EUR,2026-07-18T12:49:18.180Z
Bannerhide Krushok,MH2,Modern Horizons 2,149,foil,common,1,59413,1271251b-7d79-4cb4-80bb-98574aa63249,0.26,false,false,near_mint,en,EUR,2026-07-18T12:49:18.179Z
Cabal Initiate,MH2,Modern Horizons 2,78,foil,common,1,59752,b279a03f-85ab-43f2-b5ca-1bc10563e5ad,0.19,false,false,near_mint,en,EUR,2026-07-18T12:49:18.178Z
Lose Focus,MH2,Modern Horizons 2,49,foil,common,1,59691,985bdb0c-ce6c-4506-8163-76f3b2fdf5fb,0.74,false,false,near_mint,en,EUR,2026-07-18T12:49:18.177Z
Garth One-Eye,MH2,Modern Horizons 2,365,foil,mythic,1,59803,c92aed86-4786-42c5-a599-7b3178eed478,0.72,false,false,near_mint,en,EUR,2026-07-18T12:49:18.175Z
Calibrated Blast,MH2,Modern Horizons 2,405,foil,rare,1,59615,70d81763-46c0-4e5e-9292-04a8aa461682,0.34,false,false,near_mint,en,EUR,2026-07-18T12:49:18.174Z
Monoskelion,MH2,Modern Horizons 2,429,foil,uncommon,1,59907,ff376d1a-85b4-4d8d-8862-5de0aae6fa4e,0.13,false,false,near_mint,en,EUR,2026-07-18T12:49:18.173Z
Undead Augur,H1R,Modern Horizons 1 Timeshifts,15,foil,uncommon,1,59758,b358328b-53f2-45ba-a5f2-d0a666241d53,2.11,false,false,near_mint,en,EUR,2026-07-18T12:49:18.171Z
Ignoble Hierarch,MH2,Modern Horizons 2,355,normal,rare,1,59480,3139cce8-3467-4c50-add2-5b78fb33b90a,2.12,false,false,near_mint,en,EUR,2026-07-18T12:49:18.170Z
Sudden Edict,MH2,Modern Horizons 2,346,normal,uncommon,1,59678,91d1d680-9a27-4850-9175-cc71220ea33d,0.11,false,false,near_mint,en,EUR,2026-07-18T12:49:18.169Z
"Yusri, Fortune's Flame",MH2,Modern Horizons 2,468,normal,rare,1,59866,ecc06edb-d7dd-40e4-abbb-03ec2d467193,0.29,false,false,near_mint,en,EUR,2026-07-18T12:49:18.168Z
Forest,MH2,Modern Horizons 2,490,foil,common,1,59423,17393110-c57e-487b-b07e-dc21a164efa7,0.09,false,false,near_mint,en,EUR,2026-07-18T12:49:18.167Z
Seal of Removal,MH2,Modern Horizons 2,269,foil,uncommon,1,59611,6dfc7060-e374-486f-8029-d3fdfe4b61e7,0.42,false,false,near_mint,en,EUR,2026-07-18T12:49:18.166Z
Rakdos Headliner,MH2,Modern Horizons 2,210,foil,uncommon,1,59736,aad6576b-605c-4007-a2a7-0d7550520d6d,0.23,false,false,near_mint,en,EUR,2026-07-18T12:49:18.165Z
Break Ties,MH2,Modern Horizons 2,8,foil,common,1,59620,723ec2ef-aa82-449d-88b0-405d06454fc2,0.05,false,false,near_mint,en,EUR,2026-07-18T12:49:18.164Z
Tanglepool Bridge,MH2,Modern Horizons 2,257,foil,common,1,59567,57d2b895-8921-4615-a674-fb85eed5ea3f,0.37,false,false,near_mint,en,EUR,2026-07-18T12:49:18.163Z
Tizerus Charger,MH2,Modern Horizons 2,101,foil,common,1,59477,2ed4901c-9b1e-4e0e-ae71-81cb10779f07,0.07,false,false,near_mint,en,EUR,2026-07-18T12:49:18.162Z
Marble Gargoyle,MH2,Modern Horizons 2,21,foil,common,1,59404,0c62efb9-11f2-4f82-af08-4587d58d6e3d,0.08,false,false,near_mint,en,EUR,2026-07-18T12:49:18.161Z
Patriarch's Bidding,MH2,Modern Horizons 2,275,foil,rare,1,59484,317686d8-b762-4598-b74a-8b1fa6b899ba,4.57,false,false,near_mint,en,EUR,2026-07-18T12:49:18.160Z
Food,TMH2,Modern Horizons 2 Tokens,17,foil,common,1,59964,4fdfb0ba-d086-4e7c-97e0-70d1e8328ded,,false,false,near_mint,en,EUR,2026-07-18T12:49:18.159Z
Imperial Recruiter,MH2,Modern Horizons 2,314,foil,mythic,1,59810,ce0dbf20-bb76-4f4b-960f-68bbb99bde33,19.74,false,false,near_mint,en,EUR,2026-07-18T12:49:18.158Z
Lavabelly Sliver,H1R,Modern Horizons 1 Timeshifts,29,foil,uncommon,1,59656,87731608-7038-453f-97dc-12cfa5b9211d,0.5,false,false,near_mint,en,EUR,2026-07-18T12:49:18.156Z
Abundant Harvest,MH2,Modern Horizons 2,354,foil,common,1,59745,ae42f372-2a17-4905-99d1-3371ca0ed6ae,0.16,false,false,near_mint,en,EUR,2026-07-18T12:49:18.155Z
Persist,MH2,Modern Horizons 2,345,normal,rare,1,59699,9beb3062-b3a2-4af5-867c-e6389554c1f5,3.02,false,false,near_mint,en,EUR,2026-07-18T12:49:18.154Z
Kitchen Imp,MH2,Modern Horizons 2,343,normal,common,1,59440,20c7b777-c002-45c7-b2bb-d21dab591445,0.12,false,false,near_mint,en,EUR,2026-07-18T12:49:18.153Z
Gaea's Will,MH2,Modern Horizons 2,162,normal,rare,1,59533,488996b2-06c8-4866-bf0d-4664640c2be1,0.22,false,false,near_mint,en,EUR,2026-07-18T12:49:18.152Z
Tireless Provisioner,MH2,Modern Horizons 2,180,foil,uncommon,1,59578,5c5be54d-660e-42ab-b5ea-5e1cf3bad0bc,2.59,false,false,near_mint,en,EUR,2026-07-18T12:49:18.150Z
Kaleidoscorch,MH2,Modern Horizons 2,133,foil,uncommon,1,59726,a5f07603-fd79-437a-9b12-495fc5a39b68,0.14,false,false,near_mint,en,EUR,2026-07-18T12:49:18.149Z
Drey Keeper,MH2,Modern Horizons 2,194,foil,common,1,59695,995529d1-e2b0-4cce-bd40-56c7ef3c33da,0.17,false,false,near_mint,en,EUR,2026-07-18T12:49:18.148Z
Silverbluff Bridge,MH2,Modern Horizons 2,255,foil,common,1,59825,d80dc025-c2c4-48c2-8354-7d9ddb430eb9,0.67,false,false,near_mint,en,EUR,2026-07-18T12:49:18.147Z
Duskshell Crawler,MH2,Modern Horizons 2,156,foil,common,1,59428,1af03fc3-5eb6-404e-96d9-e291a1e11ec3,0.29,false,false,near_mint,en,EUR,2026-07-18T12:49:18.146Z
Burdened Aerialist,MH2,Modern Horizons 2,38,foil,common,1,59649,8387bc7c-2e0a-4ff2-9882-e5e7c92c8463,0.1,false,false,near_mint,en,EUR,2026-07-18T12:49:18.145Z
Food,TMH2,Modern Horizons 2 Tokens,18,foil,common,1,59962,37e32ba6-108a-421f-9dad-3d03f7ebe239,,false,false,near_mint,en,EUR,2026-07-18T12:49:18.144Z
Scalding Tarn,MH2,Modern Horizons 2,254,foil,rare,1,58986,71e491c5-8c07-449b-b2f1-ffa052e6d311,30.58,false,false,near_mint,en,EUR,2026-07-18T12:49:18.143Z
Gaea's Will,MH2,Modern Horizons 2,412,foil,rare,1,59705,9db3283b-e74c-4991-9369-cf3415db41e0,0.47,false,false,near_mint,en,EUR,2026-07-18T12:49:18.142Z
Angelic Curator,MH2,Modern Horizons 2,262,foil,uncommon,1,59489,332352c2-98f2-4eb8-b49a-026a39df227b,0.27,false,false,near_mint,en,EUR,2026-07-18T12:49:18.141Z
Arcbound Shikari,MH2,Modern Horizons 2,360,foil,uncommon,1,59660,896eceec-7dcc-48fb-acc2-1ca5ee28ea3b,0.23,false,false,near_mint,en,EUR,2026-07-18T12:49:18.139Z
Fury,MH2,Modern Horizons 2,313,normal,mythic,1,59398,071daca8-ccc6-4707-843e-adac40dd1588,6.0,false,false,near_mint,en,EUR,2026-07-18T12:49:18.138Z
Jade Avenger,MH2,Modern Horizons 2,356,normal,common,1,59630,793f5aef-15ad-4ad7-b390-201b3c0c149d,0.1,false,false,near_mint,en,EUR,2026-07-18T12:49:18.137Z
Misty Rainforest,MH2,Modern Horizons 2,477,normal,rare,1,58963,23d8e67a-5150-4782-98d1-da2ca79607ad,27.06,false,false,near_mint,en,EUR,2026-07-18T12:49:18.136Z
Mountain,MH2,Modern Horizons 2,487,foil,common,1,59721,a4be3032-c55b-43b5-9ae0-f4e7470f4f83,0.12,false,false,near_mint,en,EUR,2026-07-18T12:49:18.135Z
Flame Blitz,MH2,Modern Horizons 2,124,foil,uncommon,1,59733,a93c6ba8-666b-4c05-8137-8ffa1d5d928b,0.23,false,false,near_mint,en,EUR,2026-07-18T12:49:18.134Z
Underworld Hermit,MH2,Modern Horizons 2,105,foil,uncommon,1,59794,c4f1a23a-084a-429b-823a-a8e7e5f26e0d,0.2,false,false,near_mint,en,EUR,2026-07-18T12:49:18.133Z
Drossforge Bridge,MH2,Modern Horizons 2,246,foil,common,1,59574,5b46b8d8-723a-4752-b97d-29ef83bd294c,1.78,false,false,near_mint,en,EUR,2026-07-18T12:49:18.132Z
Step Through,MH2,Modern Horizons 2,66,foil,common,1,59617,716534cb-aa89-4de7-9aa5-8d8aa4422a6a,0.37,false,false,near_mint,en,EUR,2026-07-18T12:49:18.131Z
Tourach's Canticle,MH2,Modern Horizons 2,103,foil,common,1,59547,4d97fd7d-c29f-4db0-b909-2f6aa9c39d65,0.14,false,false,near_mint,en,EUR,2026-07-18T12:49:18.130Z
Breathless Knight,MH2,Modern Horizons 2,187,foil,common,1,59793,c4785739-821d-49b0-a298-3c2b95e16972,0.17,false,false,near_mint,en,EUR,2026-07-18T12:49:18.129Z
"Chainer, Nightmare Adept",MH2,Modern Horizons 2,419,foil,rare,1,59655,875244ac-d129-407a-bd9b-9fb59958bef9,0.91,false,false,near_mint,en,EUR,2026-07-18T12:49:18.127Z
Nevinyrral's Disk,MH2,Modern Horizons 2,298,foil,rare,1,59579,5c9e6af4-522c-4dfa-895a-6946fe983e3c,0.61,false,false,near_mint,en,EUR,2026-07-18T12:49:18.126Z
Soul Snare,MH2,Modern Horizons 2,387,foil,uncommon,1,59510,3e612763-6611-40e7-ab47-3161f8275b9d,0.2,false,false,near_mint,en,EUR,2026-07-18T12:49:18.124Z
Glimmer Bairn,MH2,Modern Horizons 2,413,foil,common,1,59839,e0691a6a-bfbd-411b-b147-bf9702e7d149,0.14,false,false,near_mint,en,EUR,2026-07-18T12:49:18.123Z
Cabal Coffers,MH2,Modern Horizons 2,325,normal,mythic,1,59610,6cd01460-901c-4d75-bc29-e97ed26afc39,27.01,false,false,near_mint,en,EUR,2026-07-18T12:49:18.122Z
Floodhound,MH2,Modern Horizons 2,335,foil,common,1,59762,b56d6402-a941-46cc-b1d6-352d5aa5cc3f,0.2,false,false,near_mint,en,EUR,2026-07-18T12:49:18.121Z
Rishadan Dockhand,MH2,Modern Horizons 2,447,normal,rare,1,59689,97f6f1da-ddef-44d0-af1b-e0c4024d9985,0.2,false,false,near_mint,en,EUR,2026-07-18T12:49:18.120Z
Plains,MH2,Modern Horizons 2,482,foil,common,1,59843,e14e6193-f60b-46c8-a7eb-02a437138568,0.14,false,false,near_mint,en,EUR,2026-07-18T12:49:18.119Z
Seal of Cleansing,MH2,Modern Horizons 2,264,foil,uncommon,1,59457,27885a9a-3bcd-476d-97a9-acaec0553a60,0.31,false,false,near_mint,en,EUR,2026-07-18T12:49:18.118Z
Flame Rift,MH2,Modern Horizons 2,278,foil,uncommon,1,59854,e63ed449-d249-4639-85d2-f8fe75496d5c,0.34,false,false,near_mint,en,EUR,2026-07-18T12:49:18.117Z
Revolutionist,MH2,Modern Horizons 2,139,foil,common,1,59776,bb8f3008-a3ba-4f73-afa6-ad81074b3196,0.1,false,false,near_mint,en,EUR,2026-07-18T12:49:18.116Z
Parcel Myr,MH2,Modern Horizons 2,54,foil,common,1,59408,0f288ee5-4bf9-476a-a89f-b6b8fa7e87dc,0.2,false,false,near_mint,en,EUR,2026-07-18T12:49:18.115Z
Landscaper Colos,MH2,Modern Horizons 2,18,foil,common,1,59887,f45a9e86-133e-4626-a239-73ef88d9ae12,0.16,false,false,near_mint,en,EUR,2026-07-18T12:49:18.114Z
Storm God's Oracle,MH2,Modern Horizons 2,213,foil,common,1,59728,a6d22f24-f752-4bc8-ba97-061b2c060ec8,0.08,false,false,near_mint,en,EUR,2026-07-18T12:49:18.113Z
Glimpse of Tomorrow,MH2,Modern Horizons 2,407,foil,rare,1,59692,988137f8-40a3-4308-b297-a9a4d171181d,0.51,false,false,near_mint,en,EUR,2026-07-18T12:49:18.111Z
Marsh Flats,MH2,Modern Horizons 2,437,foil,rare,1,59044,f19a6f20-8ca1-4a8b-8488-bcb5d86868dc,38.32,false,false,near_mint,en,EUR,2026-07-18T12:49:18.110Z
Ornithopter of Paradise,MH2,Modern Horizons 2,430,foil,common,1,59448,23ac45cf-4dc8-47b9-8ca8-e72464f745d6,0.62,false,false,near_mint,en,EUR,2026-07-18T12:49:18.109Z
Gargadon,MH2,Modern Horizons 2,351,foil,common,1,59659,88167b74-c25f-4a9b-a4f5-33a51e01d498,0.22,false,false,near_mint,en,EUR,2026-07-18T12:49:18.107Z
Thought Monitor,MH2,Modern Horizons 2,341,normal,rare,1,59562,55c98ef7-be05-4bcf-be4b-62a437297330,0.98,false,false,near_mint,en,EUR,2026-07-18T12:49:18.106Z
Abundant Harvest,MH2,Modern Horizons 2,354,normal,common,1,59745,ae42f372-2a17-4905-99d1-3371ca0ed6ae,0.06,false,false,near_mint,en,EUR,2026-07-18T12:49:18.105Z
"Yavimaya, Cradle of Growth",MH2,Modern Horizons 2,480,normal,rare,1,59872,ee7c2820-e36e-4024-a542-02ca42bb7e2f,11.92,false,false,near_mint,en,EUR,2026-07-18T12:49:18.104Z
Plains,MH2,Modern Horizons 2,481,foil,common,1,59821,d5aa2449-6b74-4319-858f-caa9282da5c1,0.14,false,false,near_mint,en,EUR,2026-07-18T12:49:18.103Z
Constable of the Realm,MH2,Modern Horizons 2,10,foil,uncommon,1,59623,73b5a0a5-5486-409a-b324-668ae03fc62a,0.18,false,false,near_mint,en,EUR,2026-07-18T12:49:18.102Z
Arcbound Whelp,MH2,Modern Horizons 2,113,foil,uncommon,1,59420,154ed1d3-e24a-48ba-8f7b-be254c08d1cc,0.08,false,false,near_mint,en,EUR,2026-07-18T12:49:18.101Z
Gilt-Blade Prowler,MH2,Modern Horizons 2,86,foil,common,1,59488,32a8cf47-cfe4-4a11-a57d-bebeb2fae437,0.04,false,false,near_mint,en,EUR,2026-07-18T12:49:18.100Z
Lens Flare,MH2,Modern Horizons 2,20,foil,common,1,59635,7d92f037-a121-428a-ac53-98437366ecfd,0.13,false,false,near_mint,en,EUR,2026-07-18T12:49:18.099Z
Vermin Gorger,MH2,Modern Horizons 2,107,foil,common,1,59817,d3166b10-5bc3-4db6-bb5b-81045d98e446,0.15,false,false,near_mint,en,EUR,2026-07-18T12:49:18.098Z
Smell Fear,MH2,Modern Horizons 2,173,foil,common,1,59681,956a2a42-6a91-45b5-99f1-87c2cf1dd608,0.22,false,false,near_mint,en,EUR,2026-07-18T12:49:18.097Z
Marble Gargoyle,MH2,Modern Horizons 2,382,foil,common,2,59434,1e9900b8-da89-433b-ada5-f17c82e60c64,0.06,false,false,near_mint,en,EUR,2026-07-18T12:49:18.108Z
Talisman of Resilience,H1R,Modern Horizons 1 Timeshifts,37,foil,uncommon,2,59805,ca1f4df7-6c34-406d-9cb5-84e18f6a7f3f,2.48,false,false,near_mint,en,EUR,2026-07-18T12:49:18.125Z
Aeromoeba,MH2,Modern Horizons 2,389,foil,common,2,59453,25de0eb6-94f5-440f-8201-cc7dad2f0805,0.14,false,false,near_mint,en,EUR,2026-07-18T12:49:18.140Z
Island,MH2,Modern Horizons 2,483,foil,common,2,59515,423927e6-2419-4d88-b0c4-425e5cac1a3f,0.12,false,false,near_mint,en,EUR,2026-07-18T12:49:18.151Z
Step Through,MH2,Modern Horizons 2,392,foil,common,2,59795,c5688978-1744-4986-bda3-09629541b827,0.31,false,false,near_mint,en,EUR,2026-07-18T12:49:18.157Z
Faithless Salvaging,MH2,Modern Horizons 2,349,foil,common,2,59461,2958aa5c-176d-4f6e-be52-ef2afbe8d452,0.14,false,false,near_mint,en,EUR,2026-07-18T12:49:18.172Z
"Ayula, Queen Among Bears",H1R,Modern Horizons 1 Timeshifts,19,foil,rare,2,59742,ad7eac9d-31e3-480e-92fa-58458d6f83b2,1.88,false,false,near_mint,en,EUR,2026-07-18T12:49:18.191Z
Mountain,MH2,Modern Horizons 2,488,foil,common,2,59409,0f5a0d49-71ae-42c4-a896-6828dc4f1e85,0.11,false,false,near_mint,en,EUR,2026-07-18T12:49:18.199Z
Mine Collapse,MH2,Modern Horizons 2,408,foil,common,2,59847,e3eeb96a-1e2c-47fa-9cfc-7d1ead1cfab6,0.25,false,false,near_mint,en,EUR,2026-07-18T12:49:18.269Z
Squirrel,TMH2,Modern Horizons 2 Tokens,11,foil,common,4,59969,977ddd05-1aae-46fc-95ce-866710d1c5c6,,false,false,near_mint,en,EUR,2026-07-18T12:49:18.112Z
Treasure,TMH2,Modern Horizons 2 Tokens,21,foil,common,2,59975,d0ab4943-3943-4b83-8da3-90a1fb0988b3,,false,false,near_mint,en,EUR,2026-07-18T12:49:18.128Z
Treasure,TMH2,Modern Horizons 2 Tokens,20,foil,common,2,59966,630c0d1c-9ddb-4e76-a82a-9cdd8a5b487b,,false,false,near_mint,en,EUR,2026-07-18T12:49:18.176Z
Syndicate Guildmage,RNA,Ravnica Allegiance,211,normal,uncommon,1,43654,e82d3c8d-849a-445b-bc7c-365514d1511f,0.04,false,false,near_mint,en,EUR,2026-07-19T11:00:59.358Z
Pitiless Pontiff,RNA,Ravnica Allegiance,194,normal,uncommon,1,43671,98f66c03-cf79-4de0-be55-b921cbdc5038,0.13,false,false,near_mint,en,EUR,2026-07-19T11:00:59.352Z
Forbidding Spirit,RNA,Ravnica Allegiance,9,normal,uncommon,1,43855,c17056e7-95c6-4bed-a747-3b40dcda275a,0.11,false,false,near_mint,en,EUR,2026-07-19T11:00:59.350Z
Rally to Battle,RNA,Ravnica Allegiance,18,normal,uncommon,1,43846,d0798546-1ef4-485e-b094-cba12a12c67c,0.2,false,false,near_mint,en,EUR,2026-07-19T11:00:59.349Z
Grotesque Demise,RNA,Ravnica Allegiance,75,foil,common,1,43789,b698c5e1-3816-4f35-8e39-65dc68f5c64f,0.16,false,false,near_mint,en,EUR,2026-07-19T11:00:59.345Z
Ministrant of Obligation,RNA,Ravnica Allegiance,16,normal,uncommon,1,43848,bf2a093a-25f0-4247-94dc-550865d86317,0.1,false,false,near_mint,en,EUR,2026-07-19T11:00:59.342Z
Depose // Deploy,RNA,Ravnica Allegiance,225,normal,uncommon,1,43640,ab0ba4ef-9e82-4177-a80f-8fa6f6a5bd60,0.07,false,false,near_mint,en,EUR,2026-07-19T11:00:59.335Z
Knight of the Last Breath,RNA,Ravnica Allegiance,188,normal,uncommon,1,43677,76fccf60-2df5-4c14-893f-41d3f86c545f,0.09,false,false,near_mint,en,EUR,2026-07-19T11:00:59.329Z
Watchful Giant,RNA,Ravnica Allegiance,30,normal,common,1,43834,61a38f24-1eb3-4914-be1f-0b5f6d4b09d5,0.1,false,false,near_mint,en,EUR,2026-07-19T11:00:59.328Z
Senate Guildmage,RNA,Ravnica Allegiance,204,normal,uncommon,1,43661,913b3a2a-e3fd-4095-ab2a-5e356ea179df,0.11,false,false,near_mint,en,EUR,2026-07-19T11:00:59.322Z
Archway Angel,RNA,Ravnica Allegiance,3,normal,uncommon,1,43861,b209d219-b946-4226-a8b4-65a5f3837fac,0.15,false,false,near_mint,en,EUR,2026-07-19T11:00:59.320Z
Ethereal Absolution,RNA,Ravnica Allegiance,170,normal,rare,1,43695,0872d0ff-1060-44cc-9ed0-a6aa496440c8,0.36,false,false,near_mint,en,EUR,2026-07-19T11:00:59.297Z
Lumbering Battlement,RNA,Ravnica Allegiance,15,normal,rare,1,43849,2469bc93-57ca-4077-bda2-160b4160adad,0.18,false,false,near_mint,en,EUR,2026-07-19T11:00:59.296Z
Spawn of Mayhem,RNA,Ravnica Allegiance,85,normal,mythic,1,43779,8be01b8d-e0ef-44d1-ac97-39bb5a0e76be,0.94,false,false,near_mint,en,EUR,2026-07-19T11:00:59.295Z
Azorius Guildgate,RNA,Ravnica Allegiance,244,normal,common,2,43621,e52013ba-9b17-497b-a844-1e7eb5607019,0.08,false,false,near_mint,en,EUR,2026-07-19T11:00:59.301Z
Grasping Thrull,RNA,Ravnica Allegiance,177,normal,common,2,43688,56f82d97-ce50-490c-ad7f-46d70a73e454,0.08,false,false,near_mint,en,EUR,2026-07-19T11:00:59.331Z
Demon,TCLB,Battle for Baldur's Gate Tokens,7,foil,common,1,69672,d744d755-ac09-4511-8664-5ff973e92fc5,0.3,false,false,near_mint,en,EUR,2026-07-21T13:21:35.519Z
Caves of Chaos Adventurer,CLB,Commander Legends: Battle for Baldur's Gate,579,foil,rare,1,69060,5eb5d440-8f2c-4b21-8fdb-fd40e5710475,1.87,false,false,near_mint,en,EUR,2026-07-21T13:21:35.518Z
"Shadowheart, Dark Justiciar",CLB,Commander Legends: Battle for Baldur's Gate,392,normal,rare,1,69166,94951251-91a2-4b71-9346-903d400cc28e,0.6,false,false,near_mint,en,EUR,2026-07-21T13:21:35.517Z
Nine-Fingers Keene,CLB,Commander Legends: Battle for Baldur's Gate,546,etched,rare,1,69130,8223ccdc-abf2-42b5-a8b3-c5afbf843552,0.25,false,false,near_mint,en,EUR,2026-07-21T13:21:35.516Z
Fraying Line,CLB,Commander Legends: Battle for Baldur's Gate,597,normal,rare,1,69312,d31f831e-3ed1-464f-8b7a-dbbff0733f81,0.24,false,false,near_mint,en,EUR,2026-07-21T13:21:35.515Z
Solemn Doomguide,CLB,Commander Legends: Battle for Baldur's Gate,625,normal,rare,1,69814,5a013f6d-e8ac-4fed-8e9f-a616881b0404,0.28,false,false,near_mint,en,EUR,2026-07-21T13:21:35.514Z
The Council of Four,CLB,Commander Legends: Battle for Baldur's Gate,271,foil,rare,1,68832,0873cfa8-046c-4b14-ae22-3fd6a691f763,1.05,false,false,near_mint,en,EUR,2026-07-21T13:21:35.513Z
Agent of the Shadow Thieves,CLB,Commander Legends: Battle for Baldur's Gate,493,etched,uncommon,1,69221,ae796b5c-1979-4dd2-9539-4b9e18903834,0.4,false,false,near_mint,en,EUR,2026-07-21T13:21:35.512Z
Flaming Fist,CLB,Commander Legends: Battle for Baldur's Gate,18,foil,common,1,69361,ec122c9f-5513-4ba7-ae04-3c2060121d73,0.24,false,false,near_mint,en,EUR,2026-07-21T13:21:35.511Z
Cloak of the Bat,CLB,Commander Legends: Battle for Baldur's Gate,443,foil,common,1,69009,4ea5a5f3-7147-4abd-af8d-8baab4c2aa06,0.11,false,false,near_mint,en,EUR,2026-07-21T13:21:35.510Z
Mountain,CLB,Commander Legends: Battle for Baldur's Gate,463,foil,common,1,68837,0ab63e49-0869-4c7c-a033-d8e50032dd13,0.15,false,false,near_mint,en,EUR,2026-07-21T13:21:35.509Z
Owlbear Shepherd,CLB,Commander Legends: Battle for Baldur's Gate,247,foil,uncommon,1,68836,0a4813b2-3fd7-4a2b-b87a-9ce5bb18bdd4,0.18,false,false,near_mint,en,EUR,2026-07-21T13:21:35.508Z
Split the Spoils,CLB,Commander Legends: Battle for Baldur's Gate,257,foil,uncommon,1,69031,55893f8b-0fea-40a5-b96d-954c99938810,0.09,false,false,near_mint,en,EUR,2026-07-21T13:21:35.507Z
Marut,CLB,Commander Legends: Battle for Baldur's Gate,322,foil,common,1,69196,a3ce857f-2870-4dc9-a763-9ce710e4b375,0.15,false,false,near_mint,en,EUR,2026-07-21T13:21:35.506Z
Marble Diamond,CLB,Commander Legends: Battle for Baldur's Gate,320,foil,common,1,68833,0930f71c-c3c8-4bdd-8468-6a61349cc8ca,0.44,false,false,near_mint,en,EUR,2026-07-21T13:21:35.505Z
Navigation Orb,CLB,Commander Legends: Battle for Baldur's Gate,329,foil,common,1,69317,d512a77e-2435-4695-9408-df8e17dd1fbd,0.37,false,false,near_mint,en,EUR,2026-07-21T13:21:35.504Z
Devil,TCLB,Battle for Baldur's Gate Tokens,10,foil,common,1,69588,895df6af-6799-4ec6-b8f4-912b06f30ed2,,false,false,near_mint,en,EUR,2026-07-21T13:21:35.503Z
Kindred Discovery,CLB,Commander Legends: Battle for Baldur's Gate,565,foil,rare,1,69122,7f744b4e-18be-4d41-8ea5-eac47a32cfcf,13.21,false,false,near_mint,en,EUR,2026-07-21T13:21:35.502Z
The Council of Four,CLB,Commander Legends: Battle for Baldur's Gate,419,normal,rare,1,69360,eba6df0f-d190-4683-b2fe-567e20c54028,0.81,false,false,near_mint,en,EUR,2026-07-21T13:21:35.501Z
"Raphael, Fiendish Savior",CLB,Commander Legends: Battle for Baldur's Gate,549,etched,rare,1,68979,3ee93ebf-710c-4c8b-a62b-26c41d8a5406,0.45,false,false,near_mint,en,EUR,2026-07-21T13:21:35.500Z
Reflecting Pool,CLB,Commander Legends: Battle for Baldur's Gate,604,normal,rare,1,67523,b6509467-3acf-4e53-9087-b6bc18bf0fd1,12.83,false,false,near_mint,en,EUR,2026-07-21T13:21:35.499Z
Deep Gnome Terramancer,CLB,Commander Legends: Battle for Baldur's Gate,607,normal,rare,1,69891,ac23a376-4b3a-4316-b3e2-2e25ca2b5e76,10.32,false,false,near_mint,en,EUR,2026-07-21T13:21:35.498Z
Descent into Avernus,CLB,Commander Legends: Battle for Baldur's Gate,169,foil,rare,1,69388,faadf72f-b2d5-4271-8d5c-a586acf63453,13.38,false,false,near_mint,en,EUR,2026-07-21T13:21:35.497Z
Master Chef,CLB,Commander Legends: Battle for Baldur's Gate,519,etched,common,1,69216,acd941ff-b423-4379-91c3-7c3d95a4b0cb,0.14,false,false,near_mint,en,EUR,2026-07-21T13:21:35.496Z
Tavern Brawler,CLB,Commander Legends: Battle for Baldur's Gate,200,foil,common,1,69227,b07f8fc3-83a5-4e0a-b87f-ce415292c790,0.3,false,false,near_mint,en,EUR,2026-07-21T13:21:35.495Z
"Wilson, Refined Grizzly",CLB,Commander Legends: Battle for Baldur's Gate,411,foil,uncommon,1,69389,fb3ebc0c-ae58-46c9-addc-a91d32201a95,0.31,false,false,near_mint,en,EUR,2026-07-21T13:21:35.494Z
Dawnhand Eulogist,ECL,Lorwyn Eclipsed,99,foil,common,1,110536,75a97f69-f3dc-4d33-8008-c1f1a7c15a2f,0.12,false,false,near_mint,en,EUR,2026-07-21T13:21:35.493Z
Cut a Deal,CLB,Commander Legends: Battle for Baldur's Gate,14,foil,uncommon,1,68848,0d846a4d-da81-41e0-89a9-6685c821dbb4,0.47,false,false,near_mint,en,EUR,2026-07-21T13:21:35.492Z
Inspired Tinkering,CLB,Commander Legends: Battle for Baldur's Gate,183,foil,uncommon,1,69271,c1e6b1d3-1ac2-4f20-997e-25c93f1f7897,1.27,false,false,near_mint,en,EUR,2026-07-21T13:21:35.491Z
Chain Devil,CLB,Commander Legends: Battle for Baldur's Gate,120,foil,common,1,68971,3b434c1d-792e-4ca7-aea0-938e85fe167c,0.18,false,false,near_mint,en,EUR,2026-07-21T13:21:35.490Z
Javelin of Lightning,CLB,Commander Legends: Battle for Baldur's Gate,185,foil,common,1,68865,13d2f660-97f9-404b-82bb-37e396602580,0.14,false,false,near_mint,en,EUR,2026-07-21T13:21:35.489Z
Druid of the Emerald Grove,CLB,Commander Legends: Battle for Baldur's Gate,226,foil,common,1,69148,8a270d07-29da-4c31-ae6a-5f60c162f508,0.18,false,false,near_mint,en,EUR,2026-07-21T13:21:35.488Z
Construct,TCLB,Battle for Baldur's Gate Tokens,16,foil,common,1,69421,0f5715cf-fbf6-4b13-af91-525edc7706ea,0.99,false,false,near_mint,en,EUR,2026-07-21T13:21:35.487Z
Altar of Bhaal // Bone Offering,CLB,Commander Legends: Battle for Baldur's Gate,569,foil,rare,1,68878,18098505-2d75-4310-bf1e-788b85ac3aed,1.09,false,false,near_mint,en,EUR,2026-07-21T13:21:35.486Z
"Lae'zel, Vlaakith's Champion",CLB,Commander Legends: Battle for Baldur's Gate,378,normal,rare,1,68993,44927f22-0017-4c19-bd0a-41f09c0ce19f,3.39,false,false,near_mint,en,EUR,2026-07-21T13:21:35.485Z
"Baba Lysaga, Night Witch",CLB,Commander Legends: Battle for Baldur's Gate,525,etched,rare,1,69236,b330c216-4c1f-4318-8add-20b766afd94c,0.31,false,false,near_mint,en,EUR,2026-07-21T13:21:35.484Z
Earthquake Dragon,CLB,Commander Legends: Battle for Baldur's Gate,588,normal,rare,1,69077,67edfb64-2177-442d-bd10-7ed1fdaa3537,4.5,false,false,near_mint,en,EUR,2026-07-21T13:21:35.483Z
Death Kiss,CLB,Commander Legends: Battle for Baldur's Gate,629,normal,rare,1,69919,cc0c414b-4345-4787-8a9e-d9f82c5ba9b9,5.88,false,false,near_mint,en,EUR,2026-07-21T13:21:35.482Z
Baldur's Gate,CLB,Commander Legends: Battle for Baldur's Gate,345,foil,rare,1,68915,2436aa14-9200-4295-8041-b682cf3c4216,3.71,false,false,near_mint,en,EUR,2026-07-21T13:21:35.481Z
"Minthara, Merciless Soul",CLB,Commander Legends: Battle for Baldur's Gate,543,etched,uncommon,1,69304,d09de7bd-ad2a-46c0-bdfb-f529d7f9ebc6,0.82,false,false,near_mint,en,EUR,2026-07-21T13:21:35.480Z
"Wilson, Refined Grizzly",CLB,Commander Legends: Battle for Baldur's Gate,261,foil,uncommon,1,69337,dfe0daf8-43da-484b-baa1-76f8313c5a0c,0.23,false,false,near_mint,en,EUR,2026-07-21T13:21:35.479Z
"Lozhan, Dragons' Legacy",CLB,Commander Legends: Battle for Baldur's Gate,428,foil,uncommon,1,69346,e49228e0-b944-458d-a832-8d374efb69df,0.47,false,false,near_mint,en,EUR,2026-07-21T13:21:35.478Z
Forest,CLB,Commander Legends: Battle for Baldur's Gate,469,foil,common,1,68972,3ca33d91-3c1a-4351-9d9d-d46a6e3de084,0.14,false,false,near_mint,en,EUR,2026-07-21T13:21:35.477Z
Campfire,CLB,Commander Legends: Battle for Baldur's Gate,304,foil,uncommon,1,69253,ba581225-0966-4ff0-be04-1ad11f37937f,3.71,false,false,near_mint,en,EUR,2026-07-21T13:21:35.476Z
Meteor Golem,CLB,Commander Legends: Battle for Baldur's Gate,323,foil,uncommon,1,68866,14e17f8c-c705-43ab-ae1a-cde48aceca0a,0.19,false,false,near_mint,en,EUR,2026-07-21T13:21:35.475Z
Undercellar Myconid,CLB,Commander Legends: Battle for Baldur's Gate,259,foil,common,1,69113,786c5b3e-737f-4794-b482-af5f0ee901e5,0.28,false,false,near_mint,en,EUR,2026-07-21T13:21:35.474Z
Hezrou // Demonic Stench,CLB,Commander Legends: Battle for Baldur's Gate,131,foil,common,1,68841,0c2f40e7-82b0-4847-994d-9326a88c4965,0.22,false,false,near_mint,en,EUR,2026-07-21T13:21:35.473Z
Basilisk Gate,CLB,Commander Legends: Battle for Baldur's Gate,346,foil,common,1,69001,4a306025-d429-4006-b7ed-bdb287e83f57,1.21,false,false,near_mint,en,EUR,2026-07-21T13:21:35.472Z
"Karlach, Fury of Avernus",CLB,Commander Legends: Battle for Baldur's Gate,400,foil,mythic,1,69195,a3b123fa-c232-4bb4-ba9d-2cde4a0eef99,21.18,false,false,near_mint,en,EUR,2026-07-21T13:21:35.470Z
Ancient Gold Dragon,CLB,Commander Legends: Battle for Baldur's Gate,365,normal,mythic,1,69170,966ae6ea-fc0b-4ff0-92bc-4a20c7ba7e38,38.34,false,false,near_mint,en,EUR,2026-07-21T13:21:35.469Z
Popular Entertainer,CLB,Commander Legends: Battle for Baldur's Gate,509,etched,rare,1,69251,b98fe671-e358-43f6-8f85-a84668be3a5d,0.33,false,false,near_mint,en,EUR,2026-07-21T13:21:35.468Z
Tomb of Horrors Adventurer,CLB,Commander Legends: Battle for Baldur's Gate,567,normal,rare,1,69185,9d4cbadb-ca60-4a4b-97d3-c9133feefb54,0.42,false,false,near_mint,en,EUR,2026-07-21T13:21:35.467Z
Delayed Blast Fireball,CLB,Commander Legends: Battle for Baldur's Gate,630,normal,rare,1,69798,400c76c6-f677-4e7e-87ad-2e526d4b498a,14.09,false,false,near_mint,en,EUR,2026-07-21T13:21:35.466Z
Pact Weapon,CLB,Commander Legends: Battle for Baldur's Gate,139,foil,mythic,1,68904,20b0cf66-c6ec-4ff6-96a5-334e2c9c7818,2.0,false,false,near_mint,en,EUR,2026-07-21T13:21:35.465Z
"Sivriss, Nightmare Speaker",CLB,Commander Legends: Battle for Baldur's Gate,500,etched,uncommon,1,69171,96d27849-e6a5-44e9-8d7e-a742351d2a05,0.3,false,false,near_mint,en,EUR,2026-07-21T13:21:35.464Z
Agent of the Iron Throne,CLB,Commander Legends: Battle for Baldur's Gate,107,foil,uncommon,1,69046,5a5984d3-1e76-4d97-9373-b59cfa9c38ae,0.95,false,false,near_mint,en,EUR,2026-07-21T13:21:35.463Z
"Sivriss, Nightmare Speaker",CLB,Commander Legends: Battle for Baldur's Gate,393,foil,uncommon,1,69327,da9af754-e96a-46b5-9c28-3420a447b098,0.16,false,false,near_mint,en,EUR,2026-07-21T13:21:35.462Z
Plains,CLB,Commander Legends: Battle for Baldur's Gate,454,foil,common,1,68851,0f55597c-f265-4c4b-a5f1-cc58da609534,0.2,false,false,near_mint,en,EUR,2026-07-21T13:21:35.461Z
Prophetic Prism,CLB,Commander Legends: Battle for Baldur's Gate,335,foil,common,1,68890,1b837b21-9165-4965-a7b5-c59811647951,0.2,false,false,near_mint,en,EUR,2026-07-21T13:21:35.458Z
Myrkul's Edict,CLB,Commander Legends: Battle for Baldur's Gate,135,foil,common,1,69219,adc7c427-aa31-4077-8397-74a9a3802ee7,0.25,false,false,near_mint,en,EUR,2026-07-21T13:21:35.457Z
Poison the Blade,CLB,Commander Legends: Battle for Baldur's Gate,248,foil,common,1,68977,3de4bf10-a502-4748-9118-5459684542a7,0.16,false,false,near_mint,en,EUR,2026-07-21T13:21:35.456Z
Boo,TCLB,Battle for Baldur's Gate Tokens,9,foil,common,1,69418,0d0475e9-68ae-4553-a5ef-650091e04967,4.7,false,false,near_mint,en,EUR,2026-07-21T13:21:35.455Z
Luxury Suite,CLB,Commander Legends: Battle for Baldur's Gate,602,foil,rare,1,67503,35f76198-f04c-433b-823f-e99ea54c01ee,27.26,false,false,near_mint,en,EUR,2026-07-21T13:21:35.454Z
"Bhaal, Lord of Murder",CLB,Commander Legends: Battle for Baldur's Gate,416,normal,rare,1,68943,2fef6465-987c-461b-8177-b6b7332bbe4e,0.21,false,false,near_mint,en,EUR,2026-07-21T13:21:35.453Z
"Wyll, Blade of Frontiers",CLB,Commander Legends: Battle for Baldur's Gate,512,etched,rare,1,69087,6e01be28-d138-4204-b425-a9922448d97c,0.53,false,false,near_mint,en,EUR,2026-07-21T13:21:35.452Z
Baldur's Gate,CLB,Commander Legends: Battle for Baldur's Gate,600,normal,rare,1,69207,a890abef-5291-4ffd-9c15-41c776ea9a00,2.94,false,false,near_mint,en,EUR,2026-07-21T13:21:35.451Z
Endless Evil,CLB,Commander Legends: Battle for Baldur's Gate,615,normal,rare,1,69799,428343cf-54e6-42df-aee3-d85e6874e437,2.95,false,false,near_mint,en,EUR,2026-07-21T13:21:35.450Z
Wizards of Thay,CLB,Commander Legends: Battle for Baldur's Gate,105,foil,rare,1,69168,952e4e6b-fe74-4f3c-95d1-8e043f72072c,1.11,false,false,near_mint,en,EUR,2026-07-21T13:21:35.449Z
Agent of the Iron Throne,CLB,Commander Legends: Battle for Baldur's Gate,492,etched,uncommon,1,69323,d82bfc55-8ebd-4a0f-b301-027b76416f7d,1.28,false,false,near_mint,en,EUR,2026-07-21T13:21:35.448Z
"Lozhan, Dragons' Legacy",CLB,Commander Legends: Battle for Baldur's Gate,281,foil,uncommon,1,69397,fe604232-19da-4331-a6f2-ddb004f1dd90,0.6,false,false,near_mint,en,EUR,2026-07-21T13:21:35.447Z
Decanter of Endless Water,CLB,Commander Legends: Battle for Baldur's Gate,444,foil,common,1,69162,914b42b3-03af-4945-9f1f-46c09a1a2314,2.75,false,false,near_mint,en,EUR,2026-07-21T13:21:35.446Z
Mountain,CLB,Commander Legends: Battle for Baldur's Gate,466,foil,common,1,68956,35132c99-01b9-463c-a00d-6f125893c870,0.14,false,false,near_mint,en,EUR,2026-07-21T13:21:35.445Z
Taunting Kobold,CLB,Commander Legends: Battle for Baldur's Gate,199,foil,uncommon,1,69140,87149c2a-503b-46e0-9a7f-cc40a9507883,0.2,false,false,near_mint,en,EUR,2026-07-21T13:21:35.444Z
Gnoll War Band,CLB,Commander Legends: Battle for Baldur's Gate,178,foil,uncommon,1,69217,acfecffd-33af-43a9-b26c-f1ff193c6323,0.19,false,false,near_mint,en,EUR,2026-07-21T13:21:35.443Z
Kenku Artificer,CLB,Commander Legends: Battle for Baldur's Gate,80,foil,common,1,68905,20f30aca-5055-45f1-9121-e7a5675f07e4,1.17,false,false,near_mint,en,EUR,2026-07-21T13:21:35.442Z
Wayfarer's Bauble,CLB,Commander Legends: Battle for Baldur's Gate,344,foil,common,1,69248,b865d247-fe0a-4583-b088-ae900ffe521b,0.66,false,false,near_mint,en,EUR,2026-07-21T13:21:35.441Z
Summon Undead,CLB,Commander Legends: Battle for Baldur's Gate,151,foil,common,1,68924,278f7705-01a4-4baf-929b-b93e538a8d77,0.22,false,false,near_mint,en,EUR,2026-07-21T13:21:35.440Z
Rabbit,TCLB,Battle for Baldur's Gate Tokens,4,foil,common,1,69454,22ca55e0-d269-4178-bc90-920a12066e4f,,false,false,near_mint,en,EUR,2026-07-21T13:21:35.439Z
"Raphael, Fiendish Savior",CLB,Commander Legends: Battle for Baldur's Gate,438,foil,rare,1,69155,8daf0dab-7660-49bc-a959-1906a2796c01,0.56,false,false,near_mint,en,EUR,2026-07-21T13:21:35.438Z
Duke Ulder Ravengard,CLB,Commander Legends: Battle for Baldur's Gate,420,foil,rare,1,69394,fd153bb9-6b47-4d27-9928-82b6cc3d6d02,0.37,false,false,near_mint,en,EUR,2026-07-21T13:21:35.437Z
"Gluntch, the Bestower",CLB,Commander Legends: Battle for Baldur's Gate,533,etched,rare,1,68961,3836d7e5-98cd-4f1e-9a66-150b80cd0325,0.35,false,false,near_mint,en,EUR,2026-07-21T13:21:35.436Z
Descent into Avernus,CLB,Commander Legends: Battle for Baldur's Gate,580,normal,rare,1,69284,c75e9d08-489d-42ee-9513-0984d25d8c4a,14.12,false,false,near_mint,en,EUR,2026-07-21T13:21:35.435Z
Astral Dragon,CLB,Commander Legends: Battle for Baldur's Gate,613,normal,rare,1,69898,b5bf8b03-1f5c-46c5-a684-ae5c04630286,22.53,false,false,near_mint,en,EUR,2026-07-21T13:21:35.434Z
Ancient Bronze Dragon,CLB,Commander Legends: Battle for Baldur's Gate,214,foil,mythic,1,69111,781af4dd-9e3c-48af-80e9-b52c427d2120,15.58,false,false,near_mint,en,EUR,2026-07-21T13:21:35.433Z
Far Traveler,CLB,Commander Legends: Battle for Baldur's Gate,473,etched,uncommon,1,69322,d826e586-8efd-4725-9d0c-22a7cb7baed9,0.44,false,false,near_mint,en,EUR,2026-07-21T13:21:35.432Z
Criminal Past,CLB,Commander Legends: Battle for Baldur's Gate,122,foil,uncommon,1,69070,6410a2a2-48d9-4032-b585-4eaa5bc06581,0.22,false,false,near_mint,en,EUR,2026-07-21T13:21:35.431Z
"Vhal, Candlekeep Researcher",CLB,Commander Legends: Battle for Baldur's Gate,387,foil,uncommon,1,68909,21a373d7-43b8-4037-828d-080ecb5c2a08,0.16,false,false,near_mint,en,EUR,2026-07-21T13:21:35.430Z
Island,CLB,Commander Legends: Battle for Baldur's Gate,456,foil,common,1,68910,21b99a83-bfe4-4149-b626-269953c5ac51,0.17,false,false,near_mint,en,EUR,2026-07-21T13:21:35.429Z
Sword Coast Serpent // Capsizing Wave,CLB,Commander Legends: Battle for Baldur's Gate,99,foil,common,1,68838,0bbfb7ae-9a32-428d-903c-99d0d8669b8d,0.45,false,false,near_mint,en,EUR,2026-07-21T13:21:35.426Z
Oceanus Dragon,CLB,Commander Legends: Battle for Baldur's Gate,87,foil,common,1,68983,3fda8b66-fdf1-43e9-9d65-60b991348aac,0.11,false,false,near_mint,en,EUR,2026-07-21T13:21:35.425Z
Tymora's Invoker,CLB,Commander Legends: Battle for Baldur's Gate,101,foil,common,1,69223,af5535db-696f-4c43-a8b9-c8e521b62c9c,0.06,false,false,near_mint,en,EUR,2026-07-21T13:21:35.424Z
Soldier,TCLB,Battle for Baldur's Gate Tokens,5,foil,common,1,69631,b5000cf8-2104-4d85-95df-29efa92256f6,,false,false,near_mint,en,EUR,2026-07-21T13:21:35.423Z
"Mazzy, Truesword Paladin",CLB,Commander Legends: Battle for Baldur's Gate,430,foil,rare,1,69199,a47b5f9c-4db8-4257-8999-18b9210c5708,0.29,false,false,near_mint,en,EUR,2026-07-21T13:21:35.422Z
"Raphael, Fiendish Savior",CLB,Commander Legends: Battle for Baldur's Gate,438,normal,rare,1,69155,8daf0dab-7660-49bc-a959-1906a2796c01,0.24,false,false,near_mint,en,EUR,2026-07-21T13:21:35.421Z
Alaundo the Seer,CLB,Commander Legends: Battle for Baldur's Gate,523,etched,rare,1,69157,8e31d6fa-187f-4163-af23-aea86bc2e5cb,0.17,false,false,near_mint,en,EUR,2026-07-21T13:21:35.420Z
White Plume Adventurer,CLB,Commander Legends: Battle for Baldur's Gate,558,normal,rare,1,69250,b944490b-4366-46d1-b499-9c3f66c9ba35,3.3,false,false,near_mint,en,EUR,2026-07-21T13:21:35.419Z
From the Catacombs,CLB,Commander Legends: Battle for Baldur's Gate,623,normal,rare,1,69769,1df4c09f-0140-4b7c-85f8-c3d9e5b91638,1.5,false,false,near_mint,en,EUR,2026-07-21T13:21:35.418Z
"Astarion, the Decadent",CLB,Commander Legends: Battle for Baldur's Gate,265,foil,rare,1,69072,64d932b9-5682-4427-a871-7d452a488674,1.61,false,false,near_mint,en,EUR,2026-07-21T13:21:35.417Z
Amber Gristle O'Maul,CLB,Commander Legends: Battle for Baldur's Gate,502,etched,uncommon,1,69399,ff35b8d7-d6e5-4474-8648-79f2c538a434,0.2,false,false,near_mint,en,EUR,2026-07-21T13:21:35.416Z
Cloakwood Hermit,CLB,Commander Legends: Battle for Baldur's Gate,221,foil,uncommon,1,69003,4bd8689d-a0c1-4041-bead-7b512fe25663,0.35,false,false,near_mint,en,EUR,2026-07-21T13:21:35.415Z
"Oji, the Exquisite Blade",CLB,Commander Legends: Battle for Baldur's Gate,436,foil,uncommon,1,69369,f1d41d4f-d2e0-490c-bde0-ce57eb8fda22,0.25,false,false,near_mint,en,EUR,2026-07-21T13:21:35.414Z
Forest,CLB,Commander Legends: Battle for Baldur's Gate,470,foil,common,1,68960,3812e162-3511-4988-b2a1-3bc6945ac45b,0.17,false,false,near_mint,en,EUR,2026-07-21T13:21:35.413Z
Heap Gate,CLB,Commander Legends: Battle for Baldur's Gate,354,foil,common,1,69079,68489d65-1978-48b1-a903-2ef38c583239,1.59,false,false,near_mint,en,EUR,2026-07-21T13:21:35.410Z
Roving Harper,CLB,Commander Legends: Battle for Baldur's Gate,40,foil,common,1,69283,c6b0ed9c-9a99-4a50-80a9-396420a8dcf9,0.16,false,false,near_mint,en,EUR,2026-07-21T13:21:35.409Z
Warehouse Thief,CLB,Commander Legends: Battle for Baldur's Gate,205,foil,common,1,69058,5e7a5951-4f71-47a0-ad80-f236f61d3f22,0.11,false,false,near_mint,en,EUR,2026-07-21T13:21:35.408Z
Dragon,TCLB,Battle for Baldur's Gate Tokens,11,foil,common,1,69690,e32b97de-9cbb-40a2-ba3b-54e861023df0,,false,false,near_mint,en,EUR,2026-07-21T13:21:35.407Z
Battle Angels of Tyr,CLB,Commander Legends: Battle for Baldur's Gate,370,foil,mythic,1,68891,1bd40caa-0cbb-426d-a988-1d826988e707,28.43,false,false,near_mint,en,EUR,2026-07-21T13:21:35.406Z
Alaundo the Seer,CLB,Commander Legends: Battle for Baldur's Gate,412,normal,rare,1,69151,8b95de91-03bf-48a2-9947-b818ac78dec6,0.2,false,false,near_mint,en,EUR,2026-07-21T13:21:35.405Z
"Zevlor, Elturel Exile",CLB,Commander Legends: Battle for Baldur's Gate,552,etched,rare,1,69186,9e4c302c-47d6-42af-9fdd-e13f11d803a5,0.3,false,false,near_mint,en,EUR,2026-07-21T13:21:35.404Z
Wyll's Reversal,CLB,Commander Legends: Battle for Baldur's Gate,586,normal,rare,1,69154,8d4070ed-146e-490e-ae76-bfaa26b13b18,2.31,false,false,near_mint,en,EUR,2026-07-21T13:21:35.403Z
Journey to the Lost City,CLB,Commander Legends: Battle for Baldur's Gate,637,normal,rare,1,69831,6b0a5d1d-0aa2-4655-96ce-156eb82d7afa,0.34,false,false,near_mint,en,EUR,2026-07-21T13:21:35.402Z
Alaundo the Seer,CLB,Commander Legends: Battle for Baldur's Gate,264,foil,rare,1,69230,b22c33bb-47fe-4334-9105-00f4b87811bd,0.33,false,false,near_mint,en,EUR,2026-07-21T13:21:35.401Z
Candlekeep Sage,CLB,Commander Legends: Battle for Baldur's Gate,482,etched,common,1,69042,59fcbcce-bcce-4806-9c73-e4a82a630b76,0.28,false,false,near_mint,en,EUR,2026-07-21T13:21:35.400Z
"Mahadi, Emporium Master",CLB,Commander Legends: Battle for Baldur's Gate,282,foil,uncommon,1,69277,c3da2b1a-76c5-4d36-bdf8-025b86f61eb5,2.72,false,false,near_mint,en,EUR,2026-07-21T13:21:35.399Z
"Erinis, Gloom Stalker",CLB,Commander Legends: Battle for Baldur's Gate,407,foil,uncommon,1,69382,f73d15f7-d36c-45b8-a933-dac17040c9ee,0.19,false,false,near_mint,en,EUR,2026-07-21T13:21:35.398Z
Island,CLB,Commander Legends: Battle for Baldur's Gate,457,foil,common,1,68932,2995e06d-8145-485e-aeed-3da27a07545b,0.2,false,false,near_mint,en,EUR,2026-07-21T13:21:35.397Z
Thieves' Tools,CLB,Commander Legends: Battle for Baldur's Gate,152,foil,common,1,69276,c3bf4ee1-b6a8-4a69-adab-6839c1786cc9,0.12,false,false,near_mint,en,EUR,2026-07-21T13:21:35.394Z
Scaled Nurturer,CLB,Commander Legends: Battle for Baldur's Gate,252,foil,common,1,69137,84ae5a76-b8b9-431d-8060-a6a96f5d1e0b,0.69,false,false,near_mint,en,EUR,2026-07-21T13:21:35.393Z
Cliffgate,CLB,Commander Legends: Battle for Baldur's Gate,350,foil,common,1,69029,557470dc-c594-4b26-81b9-356bedb0c215,1.01,false,false,near_mint,en,EUR,2026-07-21T13:21:35.392Z
"Bhaal, Lord of Murder",CLB,Commander Legends: Battle for Baldur's Gate,416,foil,rare,1,68943,2fef6465-987c-461b-8177-b6b7332bbe4e,0.38,false,false,near_mint,en,EUR,2026-07-21T13:21:35.390Z
"Jan Jansen, Chaos Crafter",CLB,Commander Legends: Battle for Baldur's Gate,424,normal,rare,1,69197,a40cb9ff-9f85-44e0-90b4-574814868a25,0.26,false,false,near_mint,en,EUR,2026-07-21T13:21:35.389Z
"Bhaal, Lord of Murder",CLB,Commander Legends: Battle for Baldur's Gate,527,etched,rare,1,68868,15a5e627-69a5-4e31-9744-97d4589d606b,0.19,false,false,near_mint,en,EUR,2026-07-21T13:21:35.388Z
Eldritch Pact,CLB,Commander Legends: Battle for Baldur's Gate,574,normal,rare,1,68926,281a741f-288c-4f19-b200-cacef57674e9,0.21,false,false,near_mint,en,EUR,2026-07-21T13:21:35.387Z
Multiclass Baldric,CLB,Commander Legends: Battle for Baldur's Gate,644,normal,rare,1,69781,2d1feb99-eb5d-454a-b1bc-0ffb4778d5f4,0.63,false,false,near_mint,en,EUR,2026-07-21T13:21:35.386Z
Lae'zel's Acrobatics,CLB,Commander Legends: Battle for Baldur's Gate,30,foil,rare,1,68847,0d102241-4463-437f-b2bb-f574d9dbbd1e,4.04,false,false,near_mint,en,EUR,2026-07-21T13:21:35.385Z
Dungeon Delver,CLB,Commander Legends: Battle for Baldur's Gate,483,etched,uncommon,1,69149,8a772b9d-2331-4444-a897-c78196ce4836,0.23,false,false,near_mint,en,EUR,2026-07-21T13:21:35.384Z
"Korlessa, Scale Singer",CLB,Commander Legends: Battle for Baldur's Gate,280,foil,uncommon,1,69395,fe2d08ac-6c24-4158-87a1-c59d1cd447a8,0.33,false,false,near_mint,en,EUR,2026-07-21T13:21:35.383Z
"Renari, Merchant of Marvels",CLB,Commander Legends: Battle for Baldur's Gate,386,foil,uncommon,1,68952,33ff38ea-53e4-49e3-bf54-233100107fee,0.39,false,false,near_mint,en,EUR,2026-07-21T13:21:35.382Z
Swamp,CLB,Commander Legends: Battle for Baldur's Gate,460,foil,common,1,69340,e0866a19-429b-43e4-a4a1-338fe12ead42,0.16,false,false,near_mint,en,EUR,2026-07-21T13:21:35.381Z
Overwhelming Encounter,CLB,Commander Legends: Battle for Baldur's Gate,245,foil,uncommon,1,69064,616c498c-ac7c-4e58-8789-9bde047c2d47,0.41,false,false,near_mint,en,EUR,2026-07-21T13:21:35.379Z
Lightning Bolt,CLB,Commander Legends: Battle for Baldur's Gate,187,foil,common,1,67522,ae5f9fb1-5a55-4db3-98a1-2628e3598c18,1.76,false,false,near_mint,en,EUR,2026-07-21T13:21:35.378Z
You're Confronted by Robbers,CLB,Commander Legends: Battle for Baldur's Gate,53,foil,common,1,69383,f76e5d23-a45f-4100-8638-fce33f290fc6,0.15,false,false,near_mint,en,EUR,2026-07-21T13:21:35.377Z
Ingenious Artillerist,CLB,Commander Legends: Battle for Baldur's Gate,182,foil,common,1,68898,1d8dd6c3-3699-4dd1-a019-fdb569eaf722,1.74,false,false,near_mint,en,EUR,2026-07-21T13:21:35.376Z
Ox,TCLB,Battle for Baldur's Gate Tokens,13,foil,common,1,69545,6655f22c-963f-42d6-b45c-8ea5fb256785,,false,false,near_mint,en,EUR,2026-07-21T13:21:35.375Z
"Shadowheart, Dark Justiciar",CLB,Commander Legends: Battle for Baldur's Gate,392,foil,rare,1,69166,94951251-91a2-4b71-9346-903d400cc28e,0.86,false,false,near_mint,en,EUR,2026-07-21T13:21:35.374Z
"Volo, Itinerant Scholar",CLB,Commander Legends: Battle for Baldur's Gate,388,normal,mythic,1,69206,a8772547-79b8-4516-8d75-9b85202d9c32,0.48,false,false,near_mint,en,EUR,2026-07-21T13:21:35.373Z
"Jon Irenicus, Shattered One",CLB,Commander Legends: Battle for Baldur's Gate,536,etched,rare,1,68987,41796670-081a-41e9-8c1c-e6cf391b5896,0.35,false,false,near_mint,en,EUR,2026-07-21T13:21:35.372Z
Archivist of Oghma,CLB,Commander Legends: Battle for Baldur's Gate,553,normal,rare,1,69181,9a67ef30-a8ef-4437-8c9a-d125a98fbd6b,8.57,false,false,near_mint,en,EUR,2026-07-21T13:21:35.371Z
Stick Together,CLB,Commander Legends: Battle for Baldur's Gate,611,normal,rare,1,69879,a0870aef-cae2-4670-a866-28cad523ca39,0.37,false,false,near_mint,en,EUR,2026-07-21T13:21:35.370Z
Gale's Redirection,CLB,Commander Legends: Battle for Baldur's Gate,73,foil,rare,1,68901,1f5ddcf8-c87b-4a26-b226-8593f517a74a,0.31,false,false,near_mint,en,EUR,2026-07-21T13:21:35.369Z
Thrakkus the Butcher,CLB,Commander Legends: Battle for Baldur's Gate,551,etched,uncommon,1,69220,adfa117d-2404-418d-8d5b-0a68550c1e9b,0.57,false,false,near_mint,en,EUR,2026-07-21T13:21:35.368Z
Street Urchin,CLB,Commander Legends: Battle for Baldur's Gate,197,foil,uncommon,1,69381,f6d5249c-52b6-4349-adcd-dafdc21f572b,0.19,false,false,near_mint,en,EUR,2026-07-21T13:21:35.367Z
"Sarevok, Deathbringer",CLB,Commander Legends: Battle for Baldur's Gate,391,foil,uncommon,1,69287,c8ff9756-12cc-4144-a815-a244fbe13b72,0.28,false,false,near_mint,en,EUR,2026-07-21T13:21:35.366Z
Swamp,CLB,Commander Legends: Battle for Baldur's Gate,461,foil,common,1,69094,716460ce-2602-476c-aa53-40d1f22ea7c8,0.34,false,false,near_mint,en,EUR,2026-07-21T13:21:35.365Z
Saddle of the Cavalier,CLB,Commander Legends: Battle for Baldur's Gate,251,foil,uncommon,1,69124,7fc8d802-33bd-48c1-bb4f-31fefac85a5a,0.24,false,false,near_mint,en,EUR,2026-07-21T13:21:35.364Z
Stonespeaker Crystal,CLB,Commander Legends: Battle for Baldur's Gate,338,foil,uncommon,1,69153,8c99e6e1-3b88-4d2f-bc5d-70439585a063,0.83,false,false,near_mint,en,EUR,2026-07-21T13:21:35.363Z
Contact Other Plane,CLB,Commander Legends: Battle for Baldur's Gate,62,foil,common,1,69118,7b5d9323-ddf4-49b0-9d39-c2249c50f1e3,0.16,false,false,near_mint,en,EUR,2026-07-21T13:21:35.362Z
Greatsword of Tyr,CLB,Commander Legends: Battle for Baldur's Gate,22,foil,common,1,69012,50088a60-642b-47ed-a289-ef0b617b688f,0.7,false,false,near_mint,en,EUR,2026-07-21T13:21:35.361Z
Carnelian Orb of Dragonkind,CLB,Commander Legends: Battle for Baldur's Gate,166,foil,common,1,69355,e7e41166-bdaa-4aed-986a-7be1d043240c,1.11,false,false,near_mint,en,EUR,2026-07-21T13:21:35.360Z
Boar,TCLB,Battle for Baldur's Gate Tokens,12,foil,common,1,69626,afb796a0-4eb0-4fc5-bf84-92a71bec4466,,false,false,near_mint,en,EUR,2026-07-21T13:21:35.359Z
Wand of Wonder,CLB,Commander Legends: Battle for Baldur's Gate,584,foil,rare,1,67519,9c8fffd5-dba1-4987-ac99-7d516dcd203b,2.28,false,false,near_mint,en,EUR,2026-07-21T13:21:35.358Z
Battle Angels of Tyr,CLB,Commander Legends: Battle for Baldur's Gate,370,normal,mythic,1,68891,1bd40caa-0cbb-426d-a988-1d826988e707,28.03,false,false,near_mint,en,EUR,2026-07-21T13:21:35.357Z
"Dynaheir, Invoker Adept",CLB,Commander Legends: Battle for Baldur's Gate,532,etched,rare,1,69052,5c92d2a9-a4f9-4fff-a57f-9cd2370bb5bf,0.24,false,false,near_mint,en,EUR,2026-07-21T13:21:35.356Z
Lae'zel's Acrobatics,CLB,Commander Legends: Battle for Baldur's Gate,556,normal,rare,1,68897,1d3d9db1-c3e9-4efa-a095-9c2b8a61dcec,3.65,false,false,near_mint,en,EUR,2026-07-21T13:21:35.355Z
Loot Dispute,CLB,Commander Legends: Battle for Baldur's Gate,631,normal,rare,1,69861,8a225e62-e95d-4b9b-aab7-25925e35b925,0.25,false,false,near_mint,en,EUR,2026-07-21T13:21:35.354Z
Ascend from Avernus,CLB,Commander Legends: Battle for Baldur's Gate,5,foil,rare,1,69082,6b26c05b-f166-40ab-9693-2129b4bf75e9,5.04,false,false,near_mint,en,EUR,2026-07-21T13:21:35.353Z
"Halsin, Emerald Archdruid",CLB,Commander Legends: Battle for Baldur's Gate,516,etched,uncommon,1,69377,f546b455-20b5-4970-adb8-24d469842298,0.17,false,false,near_mint,en,EUR,2026-07-21T13:21:35.352Z
Inspiring Leader,CLB,Commander Legends: Battle for Baldur's Gate,28,foil,uncommon,1,69393,fc6eb9f3-0f7b-4623-806e-5e604a05d470,0.78,false,false,near_mint,en,EUR,2026-07-21T13:21:35.351Z
"Ganax, Astral Hunter",CLB,Commander Legends: Battle for Baldur's Gate,398,foil,uncommon,1,69332,dc3347e3-df90-465d-9346-77d3b4fead10,3.07,false,false,near_mint,en,EUR,2026-07-21T13:21:35.350Z
Island,CLB,Commander Legends: Battle for Baldur's Gate,458,foil,common,1,69291,c9c9ea23-93c5-4aae-9786-3b3c03a07778,0.15,false,false,near_mint,en,EUR,2026-07-21T13:21:35.349Z
Thunderwave,CLB,Commander Legends: Battle for Baldur's Gate,201,foil,uncommon,1,69357,e9531098-63ea-4568-81e9-80e00a5f8995,0.25,false,false,near_mint,en,EUR,2026-07-21T13:21:35.348Z
Overgrown Arch,STX,Strixhaven: School of Mages,139,foil,uncommon,1,58253,a71dddf5-8f72-4018-9cc8-5f63a17f1ee5,0.2,false,false,near_mint,en,EUR,2026-07-21T13:21:35.346Z
Marching Duodrone,CLB,Commander Legends: Battle for Baldur's Gate,321,foil,common,1,69131,822e46fc-1ebc-4151-bfd3-333fa6b77816,0.17,false,false,near_mint,en,EUR,2026-07-21T13:21:35.345Z
Insufferable Balladeer,CLB,Commander Legends: Battle for Baldur's Gate,184,foil,common,1,68843,0c7f401e-1403-49f8-a39e-1eed05b41c34,0.21,false,false,near_mint,en,EUR,2026-07-21T13:21:35.344Z
Goat,TCLB,Battle for Baldur's Gate Tokens,1,foil,common,1,69532,5ce4f2b0-d63e-4f65-8261-ae61a8c9f591,,false,false,near_mint,en,EUR,2026-07-21T13:21:35.343Z
Firbolg Flutist,CLB,Commander Legends: Battle for Baldur's Gate,582,foil,rare,1,69097,738abf75-009d-439d-91d5-07545bccdb1f,0.58,false,false,near_mint,en,EUR,2026-07-21T13:21:35.342Z
"Tasha, the Witch Queen",CLB,Commander Legends: Battle for Baldur's Gate,364,normal,mythic,1,69299,ce387e9c-2d0e-4314-ac8d-4b7c93286fb2,7.0,false,false,near_mint,en,EUR,2026-07-21T13:21:35.341Z
The Council of Four,CLB,Commander Legends: Battle for Baldur's Gate,530,etched,rare,1,68870,1610d8b1-6b4c-450a-96c2-b56fd08b3f86,0.96,false,false,near_mint,en,EUR,2026-07-21T13:21:35.340Z
Morphic Pool,CLB,Commander Legends: Battle for Baldur's Gate,603,normal,rare,1,67518,98c569b0-f011-4570-9eb8-b819f8fe54f6,29.24,false,false,near_mint,en,EUR,2026-07-21T13:21:35.339Z
Spectacular Showdown,CLB,Commander Legends: Battle for Baldur's Gate,634,normal,rare,1,69946,f0036977-7dc3-4147-9303-4060694c5db4,0.91,false,false,near_mint,en,EUR,2026-07-21T13:21:35.338Z
Intellect Devourer,CLB,Commander Legends: Battle for Baldur's Gate,132,foil,rare,1,69200,a52d30a3-a436-4854-91e9-2c359c40457b,0.34,false,false,near_mint,en,EUR,2026-07-21T13:21:35.337Z
Dragon Cultist,CLB,Commander Legends: Battle for Baldur's Gate,503,etched,uncommon,1,68995,465cb37e-627d-44ec-9d2d-6a630b14c25f,0.19,false,false,near_mint,en,EUR,2026-07-21T13:21:35.336Z
Candlekeep Sage,CLB,Commander Legends: Battle for Baldur's Gate,60,foil,common,1,69091,6f706ac3-0ad8-44ac-a99e-21c04075951d,0.21,false,false,near_mint,en,EUR,2026-07-21T13:21:35.335Z
Fire Diamond,CLB,Commander Legends: Battle for Baldur's Gate,445,foil,common,1,69129,81fa8865-c600-4d8d-976d-789cd565802e,0.37,false,false,near_mint,en,EUR,2026-07-21T13:21:35.334Z
Island,CLB,Commander Legends: Battle for Baldur's Gate,455,foil,common,1,69400,ff3ffe47-53a3-42ec-ae89-afc79793380d,0.16,false,false,near_mint,en,EUR,2026-07-21T13:21:35.333Z
Dungeoneer's Pack,CLB,Commander Legends: Battle for Baldur's Gate,312,foil,uncommon,1,69210,aa74e656-480a-4c1b-963d-1b207075c27f,0.22,false,false,near_mint,en,EUR,2026-07-21T13:21:35.332Z
Candlekeep Inspiration,CLB,Commander Legends: Battle for Baldur's Gate,59,foil,uncommon,1,68948,33464767-45f3-42b8-8d83-33b090eead93,0.2,false,false,near_mint,en,EUR,2026-07-21T13:21:35.331Z
Blur,CLB,Commander Legends: Battle for Baldur's Gate,58,foil,common,1,69110,77a43413-3ab0-4ef6-83de-192a11d48f00,0.61,false,false,near_mint,en,EUR,2026-07-21T13:21:35.330Z
Stirge,CLB,Commander Legends: Battle for Baldur's Gate,150,foil,common,1,69002,4b1d59fb-c3ff-4995-a695-51f2a4dae404,0.24,false,false,near_mint,en,EUR,2026-07-21T13:21:35.329Z
Coronation of Chaos,CLB,Commander Legends: Battle for Baldur's Gate,168,foil,common,1,69139,8647092a-9d09-42cb-bcda-4e5e7a6c8a1c,0.29,false,false,near_mint,en,EUR,2026-07-21T13:21:35.328Z
Draconic Muralists,CLB,Commander Legends: Battle for Baldur's Gate,224,foil,uncommon,2,69007,4c9bf864-1f93-4d73-a212-f71265411768,0.53,false,false,near_mint,en,EUR,2026-07-21T13:21:35.347Z
Bag of Holding,CLB,Commander Legends: Battle for Baldur's Gate,299,foil,uncommon,2,68931,290f4b4f-4f48-4031-b62a-91a0d6716ddd,0.28,false,false,near_mint,en,EUR,2026-07-21T13:21:35.380Z
Undercity // The Initiative,TCLB,Battle for Baldur's Gate Tokens,20,foil,common,2,68937,2c65185b-6cf0-451d-985e-56aa45d9a57d,0.44,false,false,near_mint,en,EUR,2026-07-21T13:21:35.391Z
Burnished Hart,CLB,Commander Legends: Battle for Baldur's Gate,303,foil,uncommon,2,69178,98c3f711-7191-4621-b36e-6c1e281216e2,0.25,false,false,near_mint,en,EUR,2026-07-21T13:21:35.396Z
You Look Upon the Tarrasque,CLB,Commander Legends: Battle for Baldur's Gate,262,foil,uncommon,2,69062,5f00a908-1898-48e9-8b04-88c2450b2dd3,0.4,false,false,near_mint,en,EUR,2026-07-21T13:21:35.412Z
Arcane Signet,CLB,Commander Legends: Battle for Baldur's Gate,298,foil,uncommon,2,69049,5b245a5b-5a99-4d22-99ef-3f5bf49c3262,1.59,false,false,near_mint,en,EUR,2026-07-21T13:21:35.428Z
Destiny Spinner,THB,Theros Beyond Death,168,normal,uncommon,1,46894,ba264166-948b-47d4-b302-64476acc1a55,1.0,false,false,near_mint,en,EUR,2026-07-22T19:14:19.672Z
Weaver of Harmony,NEO,Kamigawa: Neon Dynasty,213,normal,rare,1,66610,d1682673-e947-44e2-b9c9-cbcb9a16892b,1.66,false,false,near_mint,ja,EUR,2026-07-22T19:14:19.673Z
Grasp of Fate,WHO,Doctor Who,466,normal,rare,1,87230,3a91ea06-154c-4d55-b0b3-9c49dbafddc7,0.4,false,false,near_mint,en,EUR,2026-07-22T19:14:19.674Z
Everflowing Chalice,M3C,Modern Horizons 3 Commander,291,normal,uncommon,1,94948,5261ff88-270b-4ab4-b5c0-e028f2a55ece,0.24,false,false,near_mint,en,EUR,2026-07-22T19:14:19.675Z
Kalonian Hydra,BLC,Bloomburrow Commander,226,normal,mythic,1,96396,9a936dcd-684a-47f6-860c-2f3541d8286c,4.63,false,false,near_mint,en,EUR,2026-07-22T19:14:19.676Z
Forgotten Ancient,BLC,Bloomburrow Commander,217,normal,rare,1,96462,c90b37d1-e708-494a-bc93-b1bfbaf29de5,0.39,false,false,near_mint,en,EUR,2026-07-22T19:14:19.677Z
Gyre Sage,FIC,Final Fantasy Commander,306,normal,rare,1,105856,236c4e0d-1a54-4024-85ef-4d73028bfb87,1.57,false,false,near_mint,en,EUR,2026-07-22T19:14:19.678Z
Inspiring Call,FIC,Final Fantasy Commander,310,normal,uncommon,1,106144,be938240-214d-4726-ba2a-aaedc5bbe7ba,0.35,false,false,near_mint,en,EUR,2026-07-22T19:14:19.679Z
Temur Ascendancy,TSR,Time Spiral Remastered,387,normal,special,1,57624,4512f8d1-0d81-424a-a6e4-2a38411dc84b,4.02,false,false,near_mint,en,EUR,2026-07-27T14:15:12.089Z
Herald's Horn,JMP,Jumpstart,469,normal,uncommon,1,51552,e64d51b3-20a2-4cc3-bd70-7f165940c157,5.26,false,false,near_mint,en,EUR,2026-07-27T14:15:12.090Z
Three Visits,CMR,Commander Legends,261,normal,uncommon,1,55864,bd9307ec-987b-4bbf-a679-cfaabe283a80,5.38,false,false,near_mint,en,EUR,2026-07-27T14:15:12.091Z
Farseek,RAV,Ravnica: City of Guilds,163,normal,common,1,27847,8180abec-9459-4b81-987e-b1794e45d543,0.71,false,false,near_mint,en,EUR,2026-07-27T14:15:12.092Z
Chromatic Lantern,GRN,Guilds of Ravnica,233,normal,rare,1,250,ea123356-3055-4e42-b816-ac3c4e9087d1,1.2,false,false,near_mint,en,EUR,2026-07-27T14:15:12.093Z
Hellkite Courser,CMR,Commander Legends,183,normal,mythic,1,55920,db45122e-b5ef-487b-8ea9-59ea066d3c88,3.88,false,false,near_mint,en,EUR,2026-07-27T14:15:12.094Z
Garruk's Uprising,M21,Core Set 2021,186,normal,uncommon,1,50850,71a4860a-8bb6-45c0-b00a-b4a42da33ab9,0.59,false,false,near_mint,en,EUR,2026-07-27T14:15:12.095Z
Scourge of Valkas,C17,Commander 2017,142,normal,mythic,1,4313,726a3816-f782-4cb7-ba6f-c4b70d59f96c,4.72,false,false,near_mint,en,EUR,2026-07-27T14:15:12.096Z
"Atarka, World Render",FRF,Fate Reforged,149,normal,rare,1,11977,7c341df3-177c-49b4-91fe-38f73c64ef88,0.54,false,false,near_mint,en,EUR,2026-07-27T14:15:12.097Z
Crucible of the Spirit Dragon,FRF,Fate Reforged,167,normal,rare,1,11959,6bf563e0-1f42-4768-a667-3e120bdb6534,0.56,false,false,near_mint,en,EUR,2026-07-27T14:15:12.098Z
Exotic Orchard,CN2,Conspiracy: Take the Crown,219,normal,rare,1,7878,f9083583-6fa9-4b8a-86bb-59e51ad06b33,0.43,false,false,near_mint,en,EUR,2026-07-27T14:15:12.099Z
Dragonlord's Servant,DTK,Dragons of Tarkir,138,normal,uncommon,1,11676,0ffcdd54-b6be-4d42-82c0-ae927037e859,0.36,false,false,near_mint,en,EUR,2026-07-27T14:15:12.100Z
Haven of the Spirit Dragon,DTK,Dragons of Tarkir,249,normal,rare,1,11565,9910042e-091f-47da-ad29-8f76c9d3b8c1,1.25,false,false,near_mint,en,EUR,2026-07-27T14:15:12.101Z
Cultivate,M11,Magic 2011,168,normal,common,1,21221,2ef3dbe4-5c03-4be4-ab48-45b6689b6712,0.52,false,false,near_mint,en,EUR,2026-07-27T14:15:12.102Z
"Lathliss, Dragon Queen",M19,Core Set 2019,149,normal,rare,1,1163,54a4c37d-5eeb-42c9-9688-c2ed0d5044cd,1.78,false,false,near_mint,en,EUR,2026-07-27T14:15:12.103Z
Dragonlord Dromoka,2X2,Double Masters 2022,202,normal,mythic,1,70182,4262e71a-b1fa-4b54-b623-34f4a7ccd500,2.17,false,false,near_mint,en,EUR,2026-07-27T14:15:12.104Z
Dragon's Hoard,AFC,Forgotten Realms Commander,204,normal,rare,1,60792,8845aa0f-f52d-4d9e-a4e2-1cadad84f948,0.8,false,false,near_mint,en,EUR,2026-07-27T14:15:12.105Z
Call the Spirit Dragons,TDM,Tarkir: Dragonstorm,309,foil,mythic,1,104812,9473ac65-acb4-454b-84ce-2a505387cc24,5.9,false,false,near_mint,en,EUR,2026-07-27T14:15:12.106Z
Crux of Fate,C17,Commander 2017,107,normal,rare,1,4348,11721b88-2654-482c-b9d4-80e54efdbf63,1.15,false,false,near_mint,en,EUR,2026-07-27T14:15:12.107Z
"Morophon, the Boundless",MH1,Modern Horizons,1,normal,mythic,1,44933,9693e59b-032d-4ddc-a7d1-88a0f52dcc6c,3.85,false,false,near_mint,en,EUR,2026-07-28T13:52:34.478Z
Utvara Hellkite,C17,Commander 2017,144,normal,mythic,1,4311,33f6914d-808f-4502-a87a-70912d7ae6e8,11.21,false,false,good,en,EUR,2026-07-28T13:52:34.479Z
Urza's Incubator,MH3,Modern Horizons 3,297,normal,rare,1,94809,c4589226-6072-409b-b598-ebd87f675a6a,16.33,false,false,near_mint,en,EUR,2026-07-28T13:52:34.480Z
Tiamat,AFR,Adventures in the Forgotten Realms,298,normal,mythic,1,58972,492fe79b-7af2-4911-8497-cbee8d529d18,30.98,false,false,near_mint,en,EUR,2026-07-28T13:52:34.481Z
Revoke Existence,THB,Theros Beyond Death,34,foil,common,1,47028,9dbb9f86-f487-44b1-815f-30d87868b531,0.17,false,false,near_mint,en,EUR,2026-07-31T16:34:56.914Z
Altar of the Pantheon,THB,Theros Beyond Death,231,foil,common,1,46831,e1f2a587-443d-4626-a6f6-9a26838a42b1,0.35,false,false,near_mint,en,EUR,2026-07-31T16:34:56.915Z
Sunmane Pegasus,THB,Theros Beyond Death,38,foil,common,1,47024,52e28f5a-55ee-4fcc-bc16-e59944592fcd,0.17,false,false,near_mint,en,EUR,2026-07-31T16:34:56.916Z
Flicker of Fate,THB,Theros Beyond Death,16,foil,common,1,47046,59e19bac-176c-4e37-bfc8-27c00de7c37f,0.32,false,false,near_mint,en,EUR,2026-07-31T16:34:56.917Z
Underworld Rage-Hound,THB,Theros Beyond Death,163,foil,common,1,46899,a04eef82-fd53-41f4-9c7e-28b9ac039032,0.21,false,false,near_mint,en,EUR,2026-07-31T16:34:56.918Z
Captivating Unicorn,THB,Theros Beyond Death,6,foil,common,1,47056,13893599-0b87-4fc0-863d-f3e0ae51cc31,0.23,false,false,near_mint,en,EUR,2026-07-31T16:34:56.919Z
Entrancing Lyre,THB,Theros Beyond Death,233,foil,uncommon,1,46829,064abee6-7394-4b75-946f-4ad9840034ac,0.16,false,false,near_mint,en,EUR,2026-07-31T16:34:56.921Z
Eidolon of Inspiration,THB,Theros Beyond Death,271,normal,uncommon,1,46791,53343a0c-d97c-4d6f-b696-5343a962e3dd,0.19,false,false,near_mint,en,EUR,2026-07-31T16:34:56.924Z
Dream Trawler,THB,Theros Beyond Death,336,normal,rare,1,46726,ea1072d6-afda-4282-8dff-06a76ceb447d,1.99,false,false,near_mint,en,EUR,2026-07-31T16:34:56.925Z
Nadir Kraken,THB,Theros Beyond Death,305,foil,rare,1,46757,f0c5d004-78bd-4564-9f4a-fcf463f3a76a,6.69,false,false,near_mint,en,EUR,2026-07-31T16:34:56.926Z
Human Soldier,TTHB,Theros Beyond Death Tokens,2,foil,common,1,47074,1e76f0e3-9411-401d-ab38-9c3c64769483,0.37,false,false,near_mint,en,EUR,2026-07-31T16:34:56.929Z
Moss Viper,THB,Theros Beyond Death,179,foil,common,1,46883,a4d35ec4-0e0d-4611-8ad9-39d2c8a2ad6e,0.48,false,false,near_mint,en,EUR,2026-07-31T16:34:56.931Z
Oread of Mountain's Blaze,THB,Theros Beyond Death,146,foil,common,1,46916,0f9bb73a-5b4e-4c9b-b0a6-8e531dc27394,0.2,false,false,near_mint,en,EUR,2026-07-31T16:34:56.932Z
Setessan Training,THB,Theros Beyond Death,201,foil,common,1,46861,b8322d31-6194-4fda-99a3-b6426c57488a,0.16,false,false,near_mint,en,EUR,2026-07-31T16:34:56.933Z
Satyr's Cunning,THB,Theros Beyond Death,152,foil,common,1,46910,646d8201-be68-42fa-bcfd-42d81a2ad195,0.13,false,false,near_mint,en,EUR,2026-07-31T16:34:56.934Z
Alseid of Life's Bounty,THB,Theros Beyond Death,1,foil,uncommon,1,47061,36c8c075-9597-412e-9fc4-9d73b4405d12,1.04,false,false,near_mint,en,EUR,2026-07-31T16:34:56.936Z
Hero of the Winds,THB,Theros Beyond Death,23,foil,uncommon,1,47039,7da95097-dbe7-416a-8571-6ab6d88a531a,0.08,false,false,near_mint,en,EUR,2026-07-31T16:34:56.937Z
"Ashiok, Sculptor of Fears",THB,Theros Beyond Death,274,normal,mythic,1,46788,36a5fc37-e7bd-41a9-88ac-74a3f14fea8b,1.92,false,false,near_mint,en,EUR,2026-07-31T16:34:56.940Z
"Uro, Titan of Nature's Wrath",THB,Theros Beyond Death,343,normal,mythic,1,46719,bcf6e4d1-1b4f-450c-a0fc-2d02313979ca,13.88,false,false,near_mint,en,EUR,2026-07-31T16:34:56.941Z
Underworld Breach,THB,Theros Beyond Death,161,foil,rare,1,46901,0e51d796-7279-4c06-87f0-37adbdaa41df,8.98,false,false,near_mint,en,EUR,2026-07-31T16:34:56.942Z
"Klothys, God of Destiny",THB,Theros Beyond Death,268,normal,mythic,1,46794,4d747889-04db-4e7a-ad4c-7549514b5112,2.55,false,false,near_mint,en,EUR,2026-07-31T16:34:56.943Z
Hyrax Tower Scout,THB,Theros Beyond Death,173,foil,common,1,46889,bb7f2638-d757-4df6-90b0-b616534dd3a0,0.3,false,false,near_mint,en,EUR,2026-07-31T16:34:56.946Z
Mogis's Favor,THB,Theros Beyond Death,107,foil,common,1,46955,de6bf7fb-11ca-4878-8072-cebaa763a549,0.19,false,false,near_mint,en,EUR,2026-07-31T16:34:56.948Z
Omen of the Sun,CMM,Commander Masters,831,normal,common,1,84084,157e4f28-d1b1-41e4-a2f1-6613a952bca2,0.1,false,false,near_mint,en,EUR,2026-07-31T16:34:56.949Z
Setessan Skirmisher,THB,Theros Beyond Death,200,foil,common,1,46862,46739993-6afe-428d-bf63-b57649e38a65,0.1,false,false,near_mint,en,EUR,2026-07-31T16:34:56.950Z
Rumbling Sentry,THB,Theros Beyond Death,35,foil,common,1,47027,4f93f3c9-b317-40c1-87f5-0038c09b646d,0.06,false,false,near_mint,en,EUR,2026-07-31T16:34:56.951Z
Glimpse of Freedom,THB,Theros Beyond Death,50,foil,uncommon,1,47012,c1e9c025-1cdb-4da8-8d28-14ad5efb512d,0.11,false,false,near_mint,en,EUR,2026-07-31T16:34:56.952Z
Cling to Dust,THB,Theros Beyond Death,87,foil,uncommon,1,46975,52c2de5f-e486-4cfe-9fb6-be0078ce5f93,4.04,false,false,near_mint,en,EUR,2026-07-31T16:34:56.953Z
Grasping Giant,THB,Theros Beyond Death,288,normal,rare,1,46774,a238aa9c-661e-449a-8f05-70b7954e544f,0.35,false,false,near_mint,en,EUR,2026-07-31T16:34:56.956Z
Mantle of the Wolf,THB,Theros Beyond Death,327,normal,rare,1,46735,168614ac-0126-47f6-a491-5a57490c74a7,0.22,false,false,near_mint,en,EUR,2026-07-31T16:34:56.957Z
Tymaret Calls the Dead,THB,Theros Beyond Death,118,foil,rare,1,46944,68c0d087-540a-4249-9265-f13cc8e776ea,0.41,false,false,near_mint,en,EUR,2026-07-31T16:34:56.958Z
Nyxborn Colossus,THB,Theros Beyond Death,191,foil,common,1,46871,8b4f003c-1e99-4e53-ad6d-81ff3c592b2c,0.12,false,false,near_mint,en,EUR,2026-07-31T16:34:56.963Z
Relentless Pursuit,THB,Theros Beyond Death,195,foil,common,1,46867,752b9560-b1d6-441c-8bc8-bf6988112d25,0.17,false,false,near_mint,en,EUR,2026-07-31T16:34:56.964Z
Starlit Mantle,THB,Theros Beyond Death,67,foil,common,1,46995,68c53625-6928-494a-af87-7eee2f6643a5,0.17,false,false,near_mint,en,EUR,2026-07-31T16:34:56.965Z
Leonin of the Lost Pride,THB,Theros Beyond Death,28,foil,common,1,47034,e1be3729-7970-45df-8c26-4fe09e56629d,0.13,false,false,near_mint,en,EUR,2026-07-31T16:34:56.966Z
Field of Ruin,THB,Theros Beyond Death,242,foil,uncommon,1,46820,3e84e179-9d59-4d08-8a36-51ad2fc32ae3,0.83,false,false,near_mint,en,EUR,2026-07-31T16:34:56.968Z
Dawn Evangel,THB,Theros Beyond Death,8,foil,uncommon,1,47054,f7e152ae-43ec-4b9d-a43f-786c2f6c7366,0.15,false,false,near_mint,en,EUR,2026-07-31T16:34:56.969Z
Deathbellow War Cry,THB,Theros Beyond Death,294,normal,rare,1,46768,cf0f58ac-88ef-445c-a12b-0bb1cf482298,1.16,false,false,near_mint,en,EUR,2026-07-31T16:34:56.972Z
Thassa's Intervention,THB,Theros Beyond Death,72,normal,rare,1,46990,2c1241d0-20d4-4eab-970d-74e476f023b4,0.31,false,false,near_mint,en,EUR,2026-07-31T16:34:56.973Z
"Ashiok, Nightmare Muse",THB,Theros Beyond Death,208,foil,mythic,1,46854,112eb5ce-4fe5-45b3-b810-79fef74b07f9,2.94,false,false,near_mint,en,EUR,2026-07-31T16:34:56.974Z
Witness of Tomorrows,THB,Theros Beyond Death,82,foil,common,1,46980,64cd9d60-826c-4b35-9684-dccb0880399e,0.06,false,false,near_mint,en,EUR,2026-07-31T16:34:56.978Z
Elite Instructor,THB,Theros Beyond Death,49,foil,common,1,47013,821cd2dd-aa03-4c55-b9e4-98e0284889d3,0.2,false,false,near_mint,en,EUR,2026-07-31T16:34:56.979Z
Inspire Awe,THB,Theros Beyond Death,175,foil,common,1,46887,b23c8b5a-2e18-4dd8-b236-5b1fd356f867,0.12,false,false,near_mint,en,EUR,2026-07-31T16:34:56.980Z
Nyxborn Brute,THB,Theros Beyond Death,144,foil,common,1,46918,05bc4236-566f-401b-b9d7-f58126fa228b,0.12,false,false,near_mint,en,EUR,2026-07-31T16:34:56.982Z
Rage-Scarred Berserker,THB,Theros Beyond Death,113,foil,common,1,46949,1f76d7c4-a5d6-4144-b5f3-e43b96b695b7,0.11,false,false,near_mint,en,EUR,2026-07-31T16:34:56.983Z
Drag to the Underworld,THB,Theros Beyond Death,89,foil,uncommon,1,46973,91852444-9361-4588-a44f-fb90ba1b30e5,0.22,false,false,near_mint,en,EUR,2026-07-31T16:34:56.984Z
Acolyte of Affliction,THB,Theros Beyond Death,206,foil,uncommon,1,46856,a14afed6-ca42-442d-ba86-621179e6957c,0.32,false,false,near_mint,en,EUR,2026-07-31T16:34:56.985Z
Swimmer in Nightmares,THB,Theros Beyond Death,275,normal,uncommon,1,46787,ebc6b5ee-e764-444e-8b27-26e00f4b2074,0.12,false,false,near_mint,en,EUR,2026-07-31T16:34:56.988Z
Storm Herald,THB,Theros Beyond Death,321,normal,rare,1,46741,af4d50d7-6b7c-4109-8f47-443bce9c4451,0.4,false,false,near_mint,en,EUR,2026-07-31T16:34:56.989Z
Mantle of the Wolf,THB,Theros Beyond Death,327,foil,rare,1,46735,168614ac-0126-47f6-a491-5a57490c74a7,1.13,false,false,near_mint,en,EUR,2026-07-31T16:34:56.990Z
Stern Dismissal,THB,Theros Beyond Death,68,foil,common,1,46994,0aec4d0f-ba1e-45f8-9764-9bcc3fa50e51,0.34,false,false,near_mint,en,EUR,2026-07-31T16:34:56.994Z
Loathsome Chimera,THB,Theros Beyond Death,177,foil,common,1,46885,3afe6283-3642-4883-ac6e-83ae3280af9c,0.06,false,false,near_mint,en,EUR,2026-07-31T16:34:56.995Z
Forest,CMM,Commander Masters,798,normal,common,1,84339,4c08f11e-0f3f-464e-abe9-20f18de237d8,0.17,false,false,near_mint,en,EUR,2026-07-31T16:34:56.996Z
Underworld Charger,THB,Theros Beyond Death,120,foil,common,1,46942,f2dd847f-0db2-4f6a-bdfb-5c88ce7802f9,0.24,false,false,near_mint,en,EUR,2026-07-31T16:34:56.997Z
Brine Giant,THB,Theros Beyond Death,44,foil,common,1,47018,6811a9dc-e521-4c9e-accb-1efb8346c1db,0.05,false,false,near_mint,en,EUR,2026-07-31T16:34:56.998Z
Bronze Sword,THB,Theros Beyond Death,232,foil,common,1,46830,0b33162d-8d8f-4312-b31e-04ce86e3b914,0.22,false,false,near_mint,en,EUR,2026-07-31T16:34:56.999Z
Heroes of the Revel,THB,Theros Beyond Death,138,foil,uncommon,1,46924,dfdfb481-3446-42f4-a1c3-a88b69f2189a,0.08,false,false,near_mint,en,EUR,2026-07-31T16:34:57.000Z
Elspeth's Devotee,THB,Theros Beyond Death,272,normal,rare,1,46790,0f82064c-b335-454c-9be6-9fbcb21aa8e5,0.2,false,false,near_mint,en,EUR,2026-07-31T16:34:57.004Z
Temple of Abandon,THB,Theros Beyond Death,347,normal,rare,1,46715,2a4471a4-efcf-46a9-87df-62af9d616bd1,1.24,false,false,near_mint,en,EUR,2026-07-31T16:34:57.005Z
Nadir Kraken,THB,Theros Beyond Death,55,foil,rare,1,47007,7817e039-e509-4b6f-b5a3-deb3769bbdc8,1.07,false,false,near_mint,en,EUR,2026-07-31T16:34:57.006Z
Stampede Rider,THB,Theros Beyond Death,155,foil,common,1,46907,c32c6192-2f8d-4656-af8b-c488e27a75e1,0.1,false,false,near_mint,en,EUR,2026-07-31T16:34:57.010Z
Lampad of Death's Vigil,THB,Theros Beyond Death,103,foil,common,1,46959,e8c9ada9-ea25-4a96-a4be-e4cf8f7a014f,0.23,false,false,near_mint,en,EUR,2026-07-31T16:34:57.011Z
Swamp,CMM,Commander Masters,791,normal,common,1,84029,0b3f0063-9a59-4ce1-90b5-e45921d5cc3c,0.24,false,false,near_mint,en,EUR,2026-07-31T16:34:57.012Z
Triton Waverider,THB,Theros Beyond Death,78,foil,common,1,46984,b8cb11d7-feae-4511-9a03-bda23119b6a5,0.09,false,false,near_mint,en,EUR,2026-07-31T16:34:57.013Z
Aspect of Manticore,THB,Theros Beyond Death,127,foil,common,1,46935,f67d0091-1925-44a5-89f3-21c2afd5665c,0.17,false,false,near_mint,en,EUR,2026-07-31T16:34:57.014Z
Wrap in Flames,THB,Theros Beyond Death,164,foil,common,1,46898,b5f7ff4f-3fd6-4084-aaf7-9f290ecc0181,0.09,false,false,near_mint,en,EUR,2026-07-31T16:34:57.015Z
Favored of Iroas,THB,Theros Beyond Death,15,foil,uncommon,1,47047,f09e7aff-d873-4420-b0d5-1c63d686dd73,0.17,false,false,near_mint,en,EUR,2026-07-31T16:34:57.016Z
"Daxos, Blessed by the Sun",THB,Theros Beyond Death,9,foil,uncommon,1,47053,0fd2adb3-a6f4-448e-af2a-15ca92b1de63,0.25,false,false,near_mint,en,EUR,2026-07-31T16:34:57.017Z
"Elspeth, Undaunted Hero",THB,Theros Beyond Death,270,normal,mythic,1,46792,bf9867e5-9d69-400c-a84f-3b085a4fd510,0.45,false,false,near_mint,en,EUR,2026-07-31T16:34:57.020Z
"Atris, Oracle of Half-Truths",THB,Theros Beyond Death,333,normal,rare,1,46729,a3085763-e65b-49cb-a4e0-2cbad2658a1b,0.45,false,false,near_mint,en,EUR,2026-07-31T16:34:57.021Z
Phoenix of Ash,THB,Theros Beyond Death,148,foil,rare,1,46914,7010ce26-16de-44cb-ba7e-3d904175b429,0.45,false,false,near_mint,en,EUR,2026-07-31T16:34:57.022Z
"Erebos, Bleak-Hearted",THB,Theros Beyond Death,262,normal,mythic,1,46800,68f3c60d-2fcb-476f-bcc6-eec5879b08ee,1.7,false,false,near_mint,en,EUR,2026-07-31T16:34:57.023Z
"Anax, Hardened in the Forge",THB,Theros Beyond Death,264,foil,uncommon,1,46798,badac9b4-bfaf-4b02-a48a-ec141393566c,0.32,false,false,near_mint,en,EUR,2026-07-31T16:34:57.024Z
Hero of the Pride,THB,Theros Beyond Death,22,foil,common,1,47040,81b56863-a52a-4559-a662-f6d9145d5804,0.18,false,false,near_mint,en,EUR,2026-07-31T16:34:57.026Z
Plains,THB,Theros Beyond Death,278,foil,common,1,46784,40aca5ca-a37b-4919-aef6-2510b4779161,0.14,false,false,near_mint,en,EUR,2026-07-31T16:34:57.027Z
Mire's Grasp,THB,Theros Beyond Death,106,foil,common,1,46956,0ae0c536-612d-4916-a8da-5aaaf14218b1,0.15,false,false,near_mint,en,EUR,2026-07-31T16:34:57.028Z
Omen of the Sea,THB,Theros Beyond Death,58,foil,common,1,47004,a5f30ecd-d009-4d44-aef4-c926ed55a521,0.8,false,false,near_mint,en,EUR,2026-07-31T16:34:57.029Z
Sentinel's Eyes,THB,Theros Beyond Death,36,foil,common,1,47026,32adc118-b81e-48c2-b7ef-b62e8c3308d6,0.41,false,false,near_mint,en,EUR,2026-07-31T16:34:57.030Z
Riptide Turtle,THB,Theros Beyond Death,61,foil,common,1,47001,cc4ba296-950c-4e39-ab5e-06be07e4a190,0.18,false,false,near_mint,en,EUR,2026-07-31T16:34:57.031Z
Sweet Oblivion,THB,Theros Beyond Death,70,foil,uncommon,1,46992,51ac77d4-f918-4bbc-b023-8117a8c401ee,0.29,false,false,near_mint,en,EUR,2026-07-31T16:34:57.032Z
Shimmerwing Chimera,THB,Theros Beyond Death,64,foil,uncommon,1,46998,f3b54bea-f2c5-4000-9cbd-04c03a1d2ea2,0.14,false,false,near_mint,en,EUR,2026-07-31T16:34:57.033Z
Serpent of Yawning Depths,THB,Theros Beyond Death,291,normal,rare,1,46771,a4ac18ae-0d1e-43f5-9cc9-722fa6e36fe5,7.42,false,false,near_mint,en,EUR,2026-07-31T16:34:57.036Z
Storm's Wrath,THB,Theros Beyond Death,322,normal,rare,1,46740,6f774b26-7b8b-4d06-bec8-764429445e93,0.75,false,false,near_mint,en,EUR,2026-07-31T16:34:57.037Z
Gravebreaker Lamia,THB,Theros Beyond Death,98,foil,rare,1,46964,408a2073-d068-44bc-b596-5a3a3a446ee1,0.95,false,false,near_mint,en,EUR,2026-07-31T16:34:57.038Z
Nylea's Huntmaster,THB,Theros Beyond Death,187,foil,common,1,46875,2a4fe89a-0d2b-493f-883e-a1e0b0918340,0.11,false,false,near_mint,en,EUR,2026-07-31T16:34:57.043Z
Portent of Betrayal,THB,Theros Beyond Death,149,foil,common,1,46913,b9c2b855-5079-418e-bfb4-9fc575ebe4f7,0.23,false,false,near_mint,en,EUR,2026-07-31T16:34:57.044Z
Soulreaper of Mogis,THB,Theros Beyond Death,115,foil,common,1,46947,55e2f383-d2a0-4424-bf7a-79e82d6f691f,0.2,false,false,near_mint,en,EUR,2026-07-31T16:34:57.045Z
Omen of the Forge,THB,Theros Beyond Death,145,foil,common,1,46917,70388773-709b-4cd8-a8b7-56093fd77a1d,0.12,false,false,near_mint,en,EUR,2026-07-31T16:34:57.046Z
Forest,CMM,Commander Masters,797,normal,common,1,84618,90db81be-753b-4d0e-9d66-9292364d2a60,0.19,false,false,near_mint,en,EUR,2026-07-31T16:34:57.047Z
Chainweb Aracnir,THB,Theros Beyond Death,167,foil,uncommon,1,46895,874afaad-546a-4cb2-ad01-2b4a4862b219,0.51,false,false,near_mint,en,EUR,2026-07-31T16:34:57.049Z
Ironscale Hydra,THB,Theros Beyond Death,296,normal,rare,1,46766,0215cbbf-7bac-4ff7-bceb-23d728797848,0.85,false,false,near_mint,en,EUR,2026-07-31T16:34:57.052Z
Allure of the Unknown,THB,Theros Beyond Death,207,normal,rare,1,46855,f77e09c3-917c-4bbb-bb94-60f4e9417832,0.1,false,false,near_mint,en,EUR,2026-07-31T16:34:57.053Z
Nessian Boar,THB,Theros Beyond Death,181,foil,rare,1,46881,aaf91fc2-7317-47e4-9e6c-d7d74cdf0153,0.24,false,false,near_mint,en,EUR,2026-07-31T16:34:57.054Z
Hero of the Games,2X2,Double Masters 2022,112,foil,common,1,70401,9abd74bb-01b8-4382-90d4-0ffc43e5295d,0.04,false,false,near_mint,en,EUR,2026-07-31T16:34:57.058Z
Swamp,CMM,Commander Masters,792,normal,common,1,84374,541e7f83-4a77-4544-ac4f-53b8c993724d,0.19,false,false,near_mint,en,EUR,2026-07-31T16:34:57.059Z
Memory Drain,THB,Theros Beyond Death,54,foil,common,1,47008,aadc1809-d6bb-455c-b6ce-dd11521808b6,0.17,false,false,near_mint,en,EUR,2026-07-31T16:34:57.060Z
Omen of the Hunt,CMM,Commander Masters,906,normal,common,1,84976,e0d5877d-fa0f-4117-adc1-9153aeba4777,0.16,false,false,near_mint,en,EUR,2026-07-31T16:34:57.061Z
Scavenging Harpy,THB,Theros Beyond Death,114,foil,common,1,46948,b0e237c5-45b4-49df-adb9-62b9f3b62986,0.03,false,false,near_mint,en,EUR,2026-07-31T16:34:57.062Z
Revoke Existence,2XM,Double Masters,28,foil,common,1,52164,7bd4fc26-8351-4371-948b-f43346c3e771,0.35,false,false,near_mint,en,EUR,2026-07-31T16:34:57.063Z
Staggering Insight,THB,Theros Beyond Death,228,foil,uncommon,1,46834,125b8be1-76b9-434e-a505-5099d950767c,0.63,false,false,near_mint,en,EUR,2026-07-31T16:34:57.064Z
Pheres-Band Brawler,THB,Theros Beyond Death,193,foil,uncommon,1,46869,10ac20a9-6b10-4165-ad81-a47587b64d1e,0.07,false,false,near_mint,en,EUR,2026-07-31T16:34:57.065Z
Mindwrack Harpy,CMM,Commander Masters,869,normal,common,1,84191,2dabd3ef-eac8-48ed-b2c1-f4ce8adcedf5,0.31,false,false,near_mint,en,EUR,2026-07-31T16:34:57.068Z
Setessan Champion,THB,Theros Beyond Death,331,normal,rare,1,46731,e8b2168d-38e5-429f-8663-f0d258c9c441,5.83,false,false,near_mint,en,EUR,2026-07-31T16:34:57.069Z
Gallia of the Endless Dance,THB,Theros Beyond Death,217,foil,rare,1,46845,0744f08e-a588-4efe-ad56-5e9ed91dda40,0.35,false,false,near_mint,en,EUR,2026-07-31T16:34:57.070Z
Triumphant Surge,THB,Theros Beyond Death,41,foil,common,1,47021,75d6eb18-a49d-4fa5-a333-78aafbc4abcb,0.08,false,false,near_mint,en,EUR,2026-07-31T16:34:57.074Z
Blight-Breath Catoblepas,THB,Theros Beyond Death,86,foil,common,1,46976,7865c079-1d91-48d4-852d-d104b6e0c157,0.08,false,false,near_mint,en,EUR,2026-07-31T16:34:57.075Z
Arena Trickster,THB,Theros Beyond Death,126,foil,common,1,46936,e096049d-9f02-4abb-bb5a-97b14fd17099,0.07,false,false,near_mint,en,EUR,2026-07-31T16:34:57.076Z
Final Flare,THB,Theros Beyond Death,134,foil,common,1,46928,f0c95dee-a480-4878-a967-9e46be9ee372,0.12,false,false,near_mint,en,EUR,2026-07-31T16:34:57.077Z
Irreverent Revelers,THB,Theros Beyond Death,143,foil,common,1,46919,55405dca-3555-45ff-be1c-e276fe1a0c2e,0.14,false,false,near_mint,en,EUR,2026-07-31T16:34:57.078Z
Karametra's Blessing,THB,Theros Beyond Death,26,foil,common,1,47036,88c8e4dc-5378-48d6-85b2-f5ea9ec7cf36,0.46,false,false,near_mint,en,EUR,2026-07-31T16:34:57.079Z
Rise to Glory,THB,Theros Beyond Death,225,foil,uncommon,1,46837,cf6c11c8-64a1-46a4-979c-56a6d5b873d3,0.18,false,false,near_mint,en,EUR,2026-07-31T16:34:57.080Z
Mirror Shield,THB,Theros Beyond Death,234,foil,uncommon,1,46828,e7624e84-93ce-4983-8624-ebc934cab67f,0.95,false,false,near_mint,en,EUR,2026-07-31T16:34:57.081Z
Demon of Loathing,THB,Theros Beyond Death,292,normal,rare,1,46770,57564f6f-7c99-4325-8a0e-22342e73767b,0.32,false,false,near_mint,en,EUR,2026-07-31T16:34:57.084Z
Wavebreak Hippocamp,THB,Theros Beyond Death,310,normal,rare,1,46752,543356bc-d4ab-4250-80c8-5ca69c11af87,2.12,false,false,near_mint,en,EUR,2026-07-31T16:34:57.085Z
Wavebreak Hippocamp,THB,Theros Beyond Death,80,foil,rare,1,46982,d900dff5-1196-443f-b9b0-b8e75c67c868,1.64,false,false,near_mint,en,EUR,2026-07-31T16:34:57.086Z
Tymaret Calls the Dead,THB,Theros Beyond Death,118,normal,rare,1,46944,68c0d087-540a-4249-9265-f13cc8e776ea,0.15,false,false,near_mint,en,EUR,2026-07-31T16:34:57.087Z
Nyxborn Marauder,THB,Theros Beyond Death,109,foil,common,1,46953,fd2a923a-1f9c-4a29-9c6b-344ae4d5ae8f,0.09,false,false,near_mint,en,EUR,2026-07-31T16:34:57.090Z
Thrill of Possibility,THB,Theros Beyond Death,159,foil,common,1,46903,2e807edb-838d-44fe-a37e-fb864d59beaa,0.25,false,false,near_mint,en,EUR,2026-07-31T16:34:57.092Z
Gift of Strength,THB,Theros Beyond Death,171,foil,common,1,46891,75f5e144-4dd6-441f-b3e2-433aa82bdf7b,0.05,false,false,near_mint,en,EUR,2026-07-31T16:34:57.093Z
Voracious Typhon,THB,Theros Beyond Death,203,foil,common,1,46859,efa2bccb-0e01-4629-b9a8-5c0ea26239b3,0.07,false,false,near_mint,en,EUR,2026-07-31T16:34:57.094Z
Discordant Piper,THB,Theros Beyond Death,88,foil,common,1,46974,a8cce294-f6ee-4b18-8b65-7d01d0317b00,0.18,false,false,near_mint,en,EUR,2026-07-31T16:34:57.095Z
Escape Velocity,THB,Theros Beyond Death,132,foil,uncommon,1,46930,90c2a3da-2458-4921-8574-9eb9d5925ae8,0.16,false,false,near_mint,en,EUR,2026-07-31T16:34:57.097Z
Ashiok's Forerunner,THB,Theros Beyond Death,277,normal,rare,1,46785,781bfbae-acd9-4583-88d2-d31978eef565,0.11,false,false,near_mint,en,EUR,2026-07-31T16:34:57.100Z
Enigmatic Incarnation,THB,Theros Beyond Death,337,normal,rare,1,46725,1059102b-d094-47ea-b39c-8627a50f5bbf,0.74,false,false,near_mint,en,EUR,2026-07-31T16:34:57.101Z
"Aphemia, the Cacophony",THB,Theros Beyond Death,84,foil,rare,1,46978,5b359607-d699-4ba9-a438-48f0dd8f1bf5,0.26,false,false,near_mint,en,EUR,2026-07-31T16:34:57.102Z
"Erebos, Bleak-Hearted",THB,Theros Beyond Death,262,foil,mythic,1,46800,68f3c60d-2fcb-476f-bcc6-eec5879b08ee,3.49,false,false,near_mint,en,EUR,2026-07-31T16:34:57.104Z
Satyr,TTHB,Theros Beyond Death Tokens,9,foil,common,1,47067,903e30f3-580e-4a14-989b-ae0632363407,0.41,false,false,near_mint,en,EUR,2026-07-31T16:34:57.105Z
Hydra's Growth,THB,Theros Beyond Death,172,foil,uncommon,2,46890,5112ee2a-a6f3-4280-a915-000a97a9cdef,1.92,false,false,near_mint,en,EUR,2026-07-31T16:34:56.920Z
Island,THB,Theros Beyond Death,251,foil,common,5,46811,acf7b664-3e75-4018-81f6-2a14ab59f258,2.03,false,false,near_mint,en,EUR,2026-07-31T16:34:56.922Z
Swamp,THB,Theros Beyond Death,252,foil,common,5,46810,02cb5cfd-018e-4c5e-bef1-166262aa5f1d,2.19,false,false,near_mint,en,EUR,2026-07-31T16:34:56.923Z
"Renata, Called to the Hunt",THB,Theros Beyond Death,267,normal,uncommon,2,46795,97ce113d-6757-45ac-8517-5fd531079ff9,0.08,false,false,near_mint,en,EUR,2026-07-31T16:34:56.927Z
"Renata, Called to the Hunt",THB,Theros Beyond Death,267,foil,uncommon,3,46795,97ce113d-6757-45ac-8517-5fd531079ff9,0.24,false,false,near_mint,en,EUR,2026-07-31T16:34:56.928Z
Mountain,THB,Theros Beyond Death,285,foil,common,2,46777,d10d759b-db5b-4a59-840c-05bcbf2381f3,0.13,false,false,near_mint,en,EUR,2026-07-31T16:34:56.930Z
Plains,CMM,Commander Masters,784,normal,common,2,84569,859e0813-96e9-40c3-8e7c-bee8bef27585,0.17,false,false,near_mint,en,EUR,2026-07-31T16:34:56.935Z
Mountain,THB,Theros Beyond Death,253,foil,common,5,46809,53fb7b99-9e47-46a6-9c8a-88e28b5197f1,1.62,false,false,near_mint,en,EUR,2026-07-31T16:34:56.938Z
Forest,THB,Theros Beyond Death,254,foil,common,4,46808,32af9f41-89e2-4e7a-9fec-fffe79cae077,1.39,false,false,near_mint,en,EUR,2026-07-31T16:34:56.939Z
"Callaphe, Beloved of the Sea",THB,Theros Beyond Death,260,foil,uncommon,2,46802,69641e64-d4f5-4654-8da8-9eb9a71e51c8,0.24,false,false,near_mint,en,EUR,2026-07-31T16:34:56.944Z
Island,THB,Theros Beyond Death,280,foil,common,2,46782,92daaa39-cd2f-4c03-8f41-92d99d0a3366,0.17,false,false,near_mint,en,EUR,2026-07-31T16:34:56.947Z
Plains,THB,Theros Beyond Death,250,foil,common,5,46812,a9891b7b-fc52-470c-9f74-292ae665f378,1.44,false,false,near_mint,en,EUR,2026-07-31T16:34:56.955Z
"Tymaret, Chosen from Death",THB,Theros Beyond Death,263,foil,uncommon,2,46799,1bcb02d3-dcf4-41a6-8b9a-f8ad477faea0,0.15,false,false,near_mint,en,EUR,2026-07-31T16:34:56.960Z
Island,THB,Theros Beyond Death,281,foil,common,2,46781,b82c12c2-2ebf-470b-b0d2-92ccc5faa056,0.17,false,false,near_mint,en,EUR,2026-07-31T16:34:56.962Z
"Daxos, Blessed by the Sun",THB,Theros Beyond Death,258,normal,uncommon,2,46804,f5770e8a-045d-42bc-b6aa-17b89488c9d4,0.17,false,false,near_mint,en,EUR,2026-07-31T16:34:56.975Z
"Daxos, Blessed by the Sun",THB,Theros Beyond Death,258,foil,uncommon,3,46804,f5770e8a-045d-42bc-b6aa-17b89488c9d4,0.22,false,false,near_mint,en,EUR,2026-07-31T16:34:56.976Z
"Callaphe, Beloved of the Sea",THB,Theros Beyond Death,260,normal,uncommon,2,46802,69641e64-d4f5-4654-8da8-9eb9a71e51c8,0.12,false,false,near_mint,en,EUR,2026-07-31T16:34:56.991Z
Satyr,TCMM,Commander Masters Tokens,29,foil,common,2,84325,49bdae00-bcbd-4238-87d6-7e12ff7ffd83,0.29,false,false,near_mint,en,EUR,2026-07-31T16:34:56.993Z
Impending Doom,THB,Theros Beyond Death,139,foil,uncommon,2,46923,5681db91-5dab-41e6-96f2-275ec9495e5b,0.15,false,false,near_mint,en,EUR,2026-07-31T16:34:57.048Z
"Tymaret, Chosen from Death",THB,Theros Beyond Death,263,normal,uncommon,2,46799,1bcb02d3-dcf4-41a6-8b9a-f8ad477faea0,0.12,false,false,near_mint,en,EUR,2026-07-31T16:34:57.055Z
Human Soldier,TWOC,Wilds of Eldraine Commander Tokens,7,foil,common,8,85193,dd0f8dba-e34e-443c-9e92-9ae9d3e4d585,,false,false,near_mint,en,EUR,2026-07-31T16:34:56.945Z
"Teneb, the Harvester",2X2,Double Masters 2022,282,normal,rare,1,70366,8caa7115-1b26-4615-842f-671b24dc96d8,0.34,false,false,near_mint,en,EUR,2026-08-05T16:29:12.080Z
The Scarab God,SLD,Secret Lair Drop,900,normal,mythic,1,77266,2025bd7b-ddef-40cf-9ffd-80591a67b508,3.86,false,false,near_mint,en,EUR,2026-08-05T16:29:12.081Z
"Rith, Liberated Primeval",DMU,Dominaria United,313,normal,mythic,1,71763,ca9d804a-09ea-4339-aa89-0ff2a5f5d4eb,1.8,false,false,near_mint,en,EUR,2026-08-05T16:29:12.084Z
Crystalline Crawler,PLST,The List,CM2-183,normal,rare,1,98048,949b2310-7f38-4e5d-841f-b4d79e6200a6,0.42,false,false,near_mint,en,EUR,2026-08-05T16:29:12.085Z
"Silumgar, the Drifting Death",C17,Commander 2017,194,normal,rare,1,4261,ca5afa5e-6e8d-4390-8de5-217413807d89,0.78,false,false,near_mint,en,EUR,2026-08-05T16:29:12.086Z
Scalelord Reckoner,MB2,Mystery Booster 2,151,normal,rare,1,96824,68d50004-9bda-414f-bbad-9fc1e69faff1,2.5,false,false,near_mint,en,EUR,2026-08-05T16:29:12.087Z
Debtors' Knell,C21,Commander 2021,215,normal,rare,1,58689,c9618200-f4ea-4572-9f17-9db8b785982e,0.46,false,false,near_mint,en,EUR,2026-08-05T16:29:12.088Z
Boon of the Spirit Realm,CMM,Commander Masters,753,normal,rare,1,84367,52906cd4-3877-4554-8bf9-1d082cdfd331,10.06,false,false,near_mint,en,EUR,2026-08-05T16:29:38.184Z
Sol Ring,MSC,Marvel Super Heroes Commander,213,normal,uncommon,10,114252,a7fc546e-7e3c-436d-a0b9-9ac3548ec344,1.43,false,false,near_mint,en,EUR,2026-08-05T16:30:15.463Z
Marina Vendrell,DSK,Duskmourn: House of Horror,221,normal,rare,1,99182,6428cddc-2fb6-41af-a643-e83c81dc04f5,0.08,false,false,near_mint,de,EUR,2026-08-05T20:16:36.162Z
Island,DSK,Duskmourn: House of Horror,273,normal,common,1,95595,40e3bf00-84cc-498c-b214-1052b4904d92,0.3,false,false,near_mint,de,EUR,2026-08-05T20:16:36.163Z
Bedhead Beastie,DSK,Duskmourn: House of Horror,125,normal,common,1,99216,77c72b5b-dd81-4eb4-80d9-a0124e27e1dc,0.07,false,false,near_mint,de,EUR,2026-08-05T20:16:36.164Z
Spirit,TDSK,Duskmourn: House of Horror Tokens,6,normal,common,1,99142,4b7697e3-b3fb-481c-a90f-1ae08d8a9880,,false,false,near_mint,de,EUR,2026-08-05T20:16:36.165Z
Most Valuable Slayer,DSK,Duskmourn: House of Horror,144,normal,common,1,98910,c2b7b635-4c72-4129-bf95-1eef05cce3d3,0.08,false,false,near_mint,de,EUR,2026-08-05T20:16:36.166Z
Monstrous Emergence,DSK,Duskmourn: House of Horror,191,normal,common,1,99316,b999eb47-b842-47f1-be91-c79fc46e1896,0.18,false,false,near_mint,de,EUR,2026-08-05T20:16:36.167Z
Hand That Feeds,DSK,Duskmourn: House of Horror,139,normal,common,1,98798,297c2860-5a68-4a18-a23a-ca5cfdfbcac8,0.03,false,false,near_mint,de,EUR,2026-08-05T20:16:36.168Z
Grasping Longneck,DSK,Duskmourn: House of Horror,180,normal,common,1,98715,7fddcd48-3efe-4b56-9d69-9659b3dc6021,0.02,false,false,near_mint,de,EUR,2026-08-05T20:16:36.169Z
Found Footage,DSK,Duskmourn: House of Horror,246,normal,common,1,98899,b12eb087-762e-4e7d-a6e0-f48df603b7c7,0.06,false,false,near_mint,de,EUR,2026-08-05T20:16:36.170Z
Fear of Lost Teeth,DSK,Duskmourn: House of Horror,97,normal,common,1,98613,259045fe-f349-4be1-bf29-465d084ed35e,0.1,false,false,near_mint,de,EUR,2026-08-05T20:16:36.171Z
Jump Scare,DSK,Duskmourn: House of Horror,17,normal,common,1,98993,a2dd8903-31ca-470d-b2ff-280f6d40c794,0.03,false,false,near_mint,de,EUR,2026-08-05T20:16:36.172Z
Fear of Being Hunted,DSK,Duskmourn: House of Horror,134,normal,uncommon,1,98881,a0a5e716-68c1-4fa0-aa08-5b08114e08d8,0.11,false,false,near_mint,de,EUR,2026-08-05T20:16:36.173Z
Fear of Infinity,DSK,Duskmourn: House of Horror,214,normal,uncommon,1,98857,81756844-c642-406f-842d-35c1e404fec0,0.1,false,false,near_mint,de,EUR,2026-08-05T20:16:36.174Z
Fear of Abduction,DSK,Duskmourn: House of Horror,9,normal,uncommon,1,98949,fc9374be-5e4b-4c23-8b6e-94c03d4f5ef1,0.12,false,false,near_mint,de,EUR,2026-08-05T20:16:36.175Z
"Toby, Beastie Befriender",DSK,Duskmourn: House of Horror,35,normal,rare,1,95620,f33d3948-fe7b-4c3b-ab67-1022623fbb2b,0.27,false,false,near_mint,de,EUR,2026-08-05T20:16:36.176Z
Leyline of Hope,DSK,Duskmourn: House of Horror,18,normal,rare,1,95594,40960e47-3065-485e-aede-29a62411034e,0.43,false,false,near_mint,de,EUR,2026-08-05T20:16:36.177Z
Forest,DSK,Duskmourn: House of Horror,285,normal,common,1,98935,e84c0880-728d-4ac2-b685-4f18f66c24db,0.17,false,false,near_mint,de,EUR,2026-08-05T20:16:36.178Z
Grand Entryway // Elegant Rotunda,DSK,Duskmourn: House of Horror,15,normal,common,1,98938,ef8a8ba7-f955-425d-9a16-816fc48a2a83,0.11,false,false,near_mint,de,EUR,2026-08-05T20:16:36.179Z
Don't Make a Sound,DSK,Duskmourn: House of Horror,49,normal,common,1,99305,b5f42e59-7315-41cb-9c41-346e44f0c5fb,0.16,false,false,near_mint,de,EUR,2026-08-05T20:16:36.180Z
Spectral Snatcher,DSK,Duskmourn: House of Horror,116,normal,common,1,98982,68f90f57-94a0-4ee1-9383-093e8fca52ea,0.06,false,false,near_mint,de,EUR,2026-08-05T20:16:36.181Z
Tunnel Surveyor,DSK,Duskmourn: House of Horror,76,normal,common,1,98782,12ee2690-f464-4a38-81e1-6dd2053a3327,0.03,false,false,near_mint,de,EUR,2026-08-05T20:16:36.182Z
Rampaging Soulrager,DSK,Duskmourn: House of Horror,151,normal,common,1,98973,569c914b-95af-428f-a142-6f20e418bc59,0.02,false,false,near_mint,de,EUR,2026-08-05T20:16:36.183Z
House Cartographer,DSK,Duskmourn: House of Horror,185,normal,uncommon,1,98799,2a534918-a009-4f7d-87c9-5ef600b6e7c2,0.12,false,false,near_mint,de,EUR,2026-08-05T20:16:36.185Z
Fear of Isolation,DSK,Duskmourn: House of Horror,58,normal,uncommon,1,98634,69aa6054-8c59-4bbc-a283-adb453639786,0.16,false,false,near_mint,de,EUR,2026-08-05T20:16:36.187Z
Dashing Bloodsucker,DSK,Duskmourn: House of Horror,90,normal,uncommon,1,98849,790a90cc-d36f-43b5-8423-89e30bdf7b9f,0.03,false,false,near_mint,de,EUR,2026-08-05T20:16:36.188Z
Greenhouse // Rickety Gazebo,DSK,Duskmourn: House of Horror,181,normal,uncommon,1,98884,a22e8038-0706-47ec-bfda-f421a4912774,0.13,false,false,near_mint,de,EUR,2026-08-05T20:16:36.189Z
Underwater Tunnel // Slimy Aquarium,DSK,Duskmourn: House of Horror,79,normal,common,1,99092,2dd69f2d-8c9c-41fc-93ea-48fc7a6d5272,0.05,false,false,near_mint,de,EUR,2026-08-05T20:16:36.190Z
Valgavoth's Lair,DSK,Duskmourn: House of Horror,271,normal,rare,1,98633,65ff914e-3f3e-4b7a-b69d-73575b68fb8e,0.73,false,false,near_mint,de,EUR,2026-08-05T20:16:36.191Z
Swamp,DSK,Duskmourn: House of Horror,281,normal,common,1,98814,3c51de66-a3ed-4ca9-befb-9813e96c4ade,0.09,false,false,near_mint,de,EUR,2026-08-05T20:16:36.192Z
Living Phone,DSK,Duskmourn: House of Horror,20,foil,common,1,99234,8266f93b-f91c-4427-a222-075ceb0be3af,0.13,false,false,near_mint,de,EUR,2026-08-05T20:16:36.193Z
Ragged Playmate,DSK,Duskmourn: House of Horror,150,normal,common,1,98762,000499a4-3f39-4d25-a2a2-b2f014e30754,0.13,false,false,near_mint,de,EUR,2026-08-05T20:16:36.194Z
Spineseeker Centipede,DSK,Duskmourn: House of Horror,199,normal,common,1,98904,b50d697c-8358-429b-8f79-7ad9d01a5edd,0.04,false,false,near_mint,de,EUR,2026-08-05T20:16:36.195Z
Seized from Slumber,DSK,Duskmourn: House of Horror,28,normal,common,1,99080,24456083-0c76-46c5-9b18-8d468702df69,0.04,false,false,near_mint,de,EUR,2026-08-05T20:16:36.196Z
Living Phone,DSK,Duskmourn: House of Horror,20,normal,common,1,99234,8266f93b-f91c-4427-a222-075ceb0be3af,0.07,false,false,near_mint,de,EUR,2026-08-05T20:16:36.199Z
Twist Reality,DSK,Duskmourn: House of Horror,77,normal,common,1,98834,644714dd-7a0b-4d4b-9a61-8f6e505b1d22,0.1,false,false,near_mint,de,EUR,2026-08-05T20:16:36.200Z
Shroudstomper,DSK,Duskmourn: House of Horror,233,normal,uncommon,1,99155,53f746bf-0642-48db-835e-27a7fe369fef,0.15,false,false,near_mint,de,EUR,2026-08-05T20:16:36.201Z
Live or Die,DSK,Duskmourn: House of Horror,107,normal,uncommon,1,99006,cd81e438-e38f-42a1-b677-202dbcb3837c,0.04,false,false,near_mint,de,EUR,2026-08-05T20:16:36.202Z
Insidious Fungus,DSK,Duskmourn: House of Horror,186,normal,uncommon,1,98922,d60d2e62-06da-410a-81ed-6cebb2632fb6,0.35,false,false,near_mint,de,EUR,2026-08-05T20:16:36.203Z
Keys to the House,DSK,Duskmourn: House of Horror,251,normal,uncommon,1,99246,8c11a413-7f33-4b63-bdd9-e143e529f56d,0.12,false,false,near_mint,de,EUR,2026-08-05T20:16:36.204Z
Horrid Vigor,DSK,Duskmourn: House of Horror,184,normal,common,2,99335,c175c998-7b80-4187-bdbc-5b6e0d7eac91,0.1,false,false,near_mint,de,EUR,2026-08-05T20:16:36.184Z
Fear of the Dark,DSK,Duskmourn: House of Horror,98,normal,common,2,98866,8700eb8d-1cc0-45ff-b769-c875ee6500ea,0.08,false,false,near_mint,de,EUR,2026-08-05T20:16:36.186Z
Watery Grave,GRN,Guilds of Ravnica,259,normal,rare,1,224,7d4595f2-9297-40dc-b2dd-7144bbb401f7,9.95,false,false,near_mint,en,EUR,2026-08-06T10:38:07.212Z
Lightning Greaves,DSC,Duskmourn: House of Horror Commander,93,normal,uncommon,1,99210,732779aa-3000-4a7b-a155-dbddc7de8d03,4.78,false,false,near_mint,en,EUR,2026-08-06T10:38:07.213Z
Polluted Delta,MH3,Modern Horizons 3,224,normal,rare,1,91764,6e288374-2b71-4ace-b1d2-a19fee6cb4af,18.47,false,false,near_mint,en,EUR,2026-08-06T10:38:07.214Z
Baleful Mastery,STX,Strixhaven: School of Mages,64,normal,rare,1,58056,35f1a6ba-e46f-44fb-93f4-fb883d677b36,2.11,false,false,near_mint,en,EUR,2026-08-06T10:38:07.215Z
Consecrated Sphinx,2X2,Double Masters 2022,345,normal,mythic,1,70531,d4397224-5e64-4615-8c53-e6672655f2ad,28.63,false,false,near_mint,en,EUR,2026-08-06T10:38:07.216Z
Sunken Hollow,LCC,The Lost Caverns of Ixalan Commander,355,normal,rare,1,88451,4622cb98-5a82-4fbf-9a81-d18c56dfea50,0.27,false,false,near_mint,en,EUR,2026-08-06T10:38:07.217Z
Underground River,M3C,Modern Horizons 3 Commander,400,normal,rare,1,94945,5045f269-d931-4786-b7aa-4e0b1db1cd26,2.27,false,false,near_mint,en,EUR,2026-08-06T10:38:07.218Z
Gravecrawler,DRC,Aetherdrift Commander,43,normal,rare,1,102895,08ef7130-5051-4e2c-b473-2dae3176078e,0.95,false,false,near_mint,en,EUR,2026-08-06T10:38:07.219Z
Stitcher's Supplier,FIC,Final Fantasy Commander,287,normal,uncommon,1,106249,fa6c734a-672b-44cb-9232-5688e3534ccc,0.45,false,false,near_mint,en,EUR,2026-08-06T10:38:07.220Z
Undercity Sewers,PZA,Teenage Mutant Ninja Turtles Source Material,20,normal,mythic,1,111190,19545db3-8be5-41e5-8d13-dec4f96fe624,11.73,false,false,near_mint,en,EUR,2026-08-06T10:38:07.221Z
Infernal Grasp,SOC,Secrets of Strixhaven Commander,216,normal,uncommon,1,112187,f67b323d-0dda-45f8-84b7-d883ce5045a8,0.23,false,false,near_mint,en,EUR,2026-08-06T10:38:07.222Z
Toxic Deluge,MSC,Marvel Super Heroes Commander,161,normal,rare,2,114269,de5afccc-8d42-4bd6-b068-b9ea2361655e,5.03,false,false,near_mint,en,EUR,2026-08-06T10:38:07.223Z
Choked Estuary,MSC,Marvel Super Heroes Commander,229,normal,rare,1,114213,0c37e84e-e7e0-4dfe-bf17-daeb2e434861,0.22,false,false,near_mint,en,EUR,2026-08-06T10:38:07.224Z
Drowned Catacomb,MSC,Marvel Super Heroes Commander,239,normal,rare,1,114271,ebea49ab-e5cf-46d9-ae35-226a7321ede0,1.17,false,false,near_mint,en,EUR,2026-08-06T10:38:07.225Z
Fetid Pools,MSC,Marvel Super Heroes Commander,243,normal,rare,1,114235,5fa4556f-2fdc-42e6-98cb-291cee2ca3ac,0.21,false,false,near_mint,en,EUR,2026-08-06T10:38:07.226Z
"April O'Neil, Kunoichi Trainee",TMT,Teenage Mutant Ninja Turtles,3,foil,common,1,111587,8b1982ea-686b-4acd-b677-47571430efb0,0.11,false,false,near_mint,en,EUR,2026-08-06T19:36:26.492Z
Zoo Escapees,TMT,Teenage Mutant Ninja Turtles,138,foil,common,1,111542,f57ba8ff-2f8c-4ca1-9b13-42a7cc213e99,0.09,false,false,near_mint,en,EUR,2026-08-06T19:36:26.493Z
Make Your Move,TMT,Teenage Mutant Ninja Turtles,20,foil,common,1,111537,ed8bdd98-6377-40cf-b381-cee38b1bda2a,0.08,false,false,near_mint,en,EUR,2026-08-06T19:36:26.494Z
Purple Dragon Punks,TMT,Teenage Mutant Ninja Turtles,100,foil,common,1,111596,bbe1d7e5-68e2-4458-aa3f-5e97fa8e7cae,0.08,false,false,near_mint,en,EUR,2026-08-06T19:36:26.495Z
TCRI Building,TMT,Teenage Mutant Ninja Turtles,189,foil,common,1,111586,8817a1d6-ef39-4e7c-8277-74aea012803b,0.09,false,false,near_mint,en,EUR,2026-08-06T19:36:26.496Z
"Ray Fillet, Man Ray",TMT,Teenage Mutant Ninja Turtles,49,foil,uncommon,1,111438,14e0892c-a556-43c3-974f-6be44188da2e,0.08,false,false,near_mint,en,EUR,2026-08-06T19:36:26.497Z
Henchbots,TMT,Teenage Mutant Ninja Turtles,174,foil,uncommon,1,111524,d77aa46e-fa57-4427-b0a3-0a957dc994dc,0.1,false,false,near_mint,en,EUR,2026-08-06T19:36:26.498Z
"Pizza Face, Gastromancer",TMT,Teenage Mutant Ninja Turtles,163,foil,uncommon,1,111594,b03cf0bb-3207-4e8e-bb3f-e3e4367aa86e,0.33,false,false,near_mint,en,EUR,2026-08-06T19:36:26.499Z
Cultivate,TMC,Teenage Mutant Ninja Turtles Eternal,50,foil,common,1,111226,4824ad7c-e533-4357-b486-9e908721db65,0.68,false,false,near_mint,en,EUR,2026-08-06T19:36:26.500Z
Forest,TMT,Teenage Mutant Ninja Turtles,257,foil,common,1,109275,2f60db2d-7594-43af-8554-ba54e9023306,0.42,false,false,near_mint,en,EUR,2026-08-06T19:36:26.501Z
Turtle Van,TMT,Teenage Mutant Ninja Turtles,181,foil,rare,1,110959,fce6a8b6-b43c-4045-9378-97b2463f9b4d,0.25,false,false,near_mint,en,EUR,2026-08-06T19:36:26.502Z
Wave Goodbye,TMC,Teenage Mutant Ninja Turtles Eternal,46,foil,rare,1,111304,8fb141d9-addd-47ad-bfc1-b5b376d4c950,6.52,false,false,near_mint,en,EUR,2026-08-06T19:36:26.503Z
"Leonardo, Sewer Samurai",TMT,Teenage Mutant Ninja Turtles,215,normal,mythic,1,111193,1c1b662b-3cf7-4dae-9657-927d7ea6cffc,5.05,false,false,near_mint,en,EUR,2026-08-06T19:36:26.504Z
Waves of Aggression,PZA,Teenage Mutant Ninja Turtles Source Material,13,normal,mythic,1,111290,83a8bff9-cf74-40d6-87c5-0c2a33cdaed0,1.44,false,false,near_mint,de,EUR,2026-08-06T19:36:26.505Z
"Casey Jones, Vigilante",TMT,Teenage Mutant Ninja Turtles,235,foil,rare,1,111231,4b9d7244-f3db-4ec1-95c8-64321d0343f4,1.9,false,false,near_mint,de,EUR,2026-08-06T19:36:26.506Z
Wayfarer's Bauble,SCD,Starter Commander Decks,287,normal,common,1,77580,ef1f727a-79d3-42a6-aa20-fa55499a4979,0.34,false,false,near_mint,en,EUR,2026-08-08T15:42:24.860Z
Tainted Isle,CLB,Commander Legends: Battle for Baldur's Gate,920,normal,uncommon,1,69511,4e376192-6dd2-4af0-b129-3751c8e3a8bf,0.9,false,false,near_mint,en,EUR,2026-08-08T15:42:24.861Z
Mind Stone,FIC,Final Fantasy Commander,353,normal,uncommon,4,106009,7fdef0b6-a3b9-4752-bce6-53c0140a1693,0.3,false,false,near_mint,en,EUR,2026-08-08T15:42:24.863Z
Mind Stone,PIP,Fallout,235,normal,uncommon,1,92618,b88baf29-a556-4e89-8471-9ba9bc8efe2c,0.27,false,false,near_mint,en,EUR,2026-08-08T15:42:24.864Z
Wayfarer's Bauble,PIP,Fallout,252,normal,common,4,91847,084b7503-d05b-4eac-bb6f-ef3bf696437d,0.36,false,false,near_mint,en,EUR,2026-08-08T15:42:24.865Z
Grave Researcher // Reanimate,SOS,Secrets of Strixhaven,85,normal,rare,1,111721,8b1e10e8-ea14-4761-910b-4072e2a18456,2.52,false,false,near_mint,en,EUR,2026-08-08T15:42:24.866Z
Dismal Backwater,DDQ,Duel Decks: Blessed vs. Cursed,70,normal,common,1,9113,a5f74adf-e66b-4b5c-9e26-db4f23c721f6,0.14,false,false,near_mint,en,EUR,2026-08-08T15:42:24.867Z
Burnished Hart,FDN,Foundations,250,normal,uncommon,2,100609,65ebbff0-fbe6-4310-a33f-e00bb2534979,0.12,false,false,near_mint,en,EUR,2026-08-08T15:42:24.868Z
Solemn Simulacrum,FIC,Final Fantasy Commander,360,normal,rare,1,105964,64d2d473-9157-408a-b088-1489306c1912,0.23,false,false,near_mint,en,EUR,2026-08-08T15:42:24.869Z
Path of Ancestry,MSC,Marvel Super Heroes Commander,254,normal,common,5,113825,836b8f52-10d2-4716-9f7b-38fb23bc68de,0.14,false,false,near_mint,en,EUR,2026-08-08T15:42:24.870Z
Solemn Simulacrum,MSC,Marvel Super Heroes Commander,215,normal,rare,4,114338,daafd816-f7c1-4630-9e5c-a1e5db570a35,0.26,false,false,near_mint,en,EUR,2026-08-08T15:42:24.871Z
Arcane Signet,MSC,Marvel Super Heroes Commander,191,normal,uncommon,5,113572,1cad1bd2-7c56-4ce0-99a6-b2a49c1288dd,0.5,false,false,near_mint,en,EUR,2026-08-08T15:42:24.872Z
Fellwar Stone,MSC,Marvel Super Heroes Commander,285,normal,uncommon,5,113580,1e24e2bc-b239-4f9a-85c0-5f272f58ed43,0.86,false,false,near_mint,en,EUR,2026-08-08T15:42:24.873Z
Sunken Ruins,FIC,Final Fantasy Commander,430,normal,rare,1,105871,2dbd21b1-d6cf-4d10-8a31-aa52208c95d7,3.59,false,false,near_mint,en,EUR,2026-08-08T15:42:51.040Z
"Witch-king, Bringer of Ruin",HOC,The Hobbit Eternal,21,foil,mythic,1,114907,9a9e1edd-2a42-41a8-b089-66f3db080984,26.05,false,false,near_mint,en,EUR,2026-08-13T11:06:27.349Z
"Beorn, Reluctant Host // Till and Tend",HOB,The Hobbit,118,normal,common,4,115066,804589b7-3ef9-473d-97cc-c61a2d41f70d,0.02,false,false,near_mint,en,EUR,2026-08-13T11:06:27.352Z
Quarrel,HOB,The Hobbit,135,normal,common,4,115179,5900a0b4-aa89-4019-94c9-7e9ea3b4792e,0.05,false,false,near_mint,en,EUR,2026-08-13T11:06:27.356Z
"Dáin, Lord of the Iron Hills",HOB,The Hobbit,8,normal,uncommon,2,115213,99d27749-d16c-45e9-accc-6a01351c17f9,0.23,false,false,near_mint,en,EUR,2026-08-13T11:06:27.358Z
"Galion, Elvenking's Butler",HOB,The Hobbit,125,normal,uncommon,1,114979,985bd676-58c4-42c7-a570-1b413e9aa94c,0.02,false,false,near_mint,en,EUR,2026-08-13T11:06:27.359Z
Eagle's Rescue,HOB,The Hobbit,155,normal,uncommon,2,115015,12c8f2cc-ac9d-4cf6-9025-efe366b4e07f,0.13,false,false,near_mint,en,EUR,2026-08-13T11:06:27.360Z
Part in Friendship,HOB,The Hobbit,134,normal,rare,1,114889,b4ff1eac-6d97-40ab-9b7c-c2fdca0917d9,0.07,false,false,near_mint,en,EUR,2026-08-13T11:06:27.361Z
Lakeshore Apothecary,HOB,The Hobbit,43,foil,common,1,115223,abfbb255-a39b-4df5-bfb6-5298584e89f0,0.17,false,false,near_mint,en,EUR,2026-08-13T11:06:27.362Z
Goblin Army,THOB,The Hobbit Tokens,4,normal,common,2,114788,0045408d-4ab9-48bf-84aa-c6d827682090,,false,false,near_mint,en,EUR,2026-08-13T11:06:27.364Z
Ravening Warg,HOB,The Hobbit,80,normal,common,4,115257,ea7b5052-b343-466d-879e-2a211657ef0a,0.09,false,false,near_mint,en,EUR,2026-08-13T11:06:27.365Z
"Dori, Bearer of Friends",HOB,The Hobbit,94,normal,common,4,115087,d2f60ad0-c887-4585-85f8-afcf72fb80d0,0.07,false,false,near_mint,en,EUR,2026-08-13T11:06:27.366Z
Wood Elves,HOB,The Hobbit,142,normal,common,4,112913,2476e42b-b209-4207-8ed9-cb668f89b218,0.12,false,false,near_mint,en,EUR,2026-08-13T11:06:27.367Z
Dwarven Shortsword,HOB,The Hobbit,10,normal,common,4,115259,f2341cf3-4d2c-4a4f-9aea-8834104a8910,0.07,false,false,near_mint,en,EUR,2026-08-13T11:06:27.368Z
Dwarven Provisioner,HOB,The Hobbit,9,normal,common,4,115144,1f9a61a1-454e-4d5b-a6dd-1a79fe9dedf3,0.03,false,false,near_mint,en,EUR,2026-08-13T11:06:27.369Z
"Gandalf, Wandering Wizard",HOB,The Hobbit,41,normal,common,4,115043,1f8403a2-849c-4a59-b0ed-c8803995028d,0.09,false,false,near_mint,en,EUR,2026-08-13T11:06:27.370Z
Mirkwood Meditator,HOB,The Hobbit,48,normal,common,4,115226,ad7ed4e6-3fe2-40f1-909b-a03b2a3c941a,0.17,false,false,near_mint,en,EUR,2026-08-13T11:06:27.372Z
Iron Hills Blacksmith,HOB,The Hobbit,16,normal,uncommon,1,114894,370e09c2-36c5-4662-8350-1db798afad3e,0.12,false,false,near_mint,en,EUR,2026-08-13T11:06:27.373Z
Fearsome Goblin Pair,HOB,The Hobbit,156,normal,uncommon,2,115018,2efe2dc7-3eaa-47f6-b1ae-f974c4a8ae79,0.02,false,false,near_mint,en,EUR,2026-08-13T11:06:27.374Z
"Thranduil, Sindarin Liege // Silvan Rally",HOB,The Hobbit,233,normal,uncommon,1,115095,0992ce8b-7bef-4799-a52d-7a46021a8672,0.13,false,false,near_mint,en,EUR,2026-08-13T11:06:27.375Z
Gleaming Splendor,HOB,The Hobbit,15,normal,mythic,1,115163,3b087bd4-bbb7-4963-bdb6-0a700ff19a04,29.47,false,false,near_mint,en,EUR,2026-08-13T11:06:27.376Z
Eagle of the Great Shelf,HOB,The Hobbit,11,foil,uncommon,1,114895,3feca644-5f65-4477-bbc8-d505cec6f3a5,0.15,false,false,near_mint,en,EUR,2026-08-13T11:06:27.377Z
Goblin-town,HOB,The Hobbit,183,normal,common,3,115088,d76df9d0-56cf-4351-a5e8-e6ae6fc791d1,0.13,false,false,near_mint,en,EUR,2026-08-13T11:06:27.378Z
Bird Soldier,THOB,The Hobbit Tokens,1,normal,common,2,115216,9ed2d2f3-e1b0-41e0-a29d-31624e5e9004,,false,false,near_mint,en,EUR,2026-08-13T11:06:27.379Z
"Bombur, Gentle Dreamer",HOB,The Hobbit,88,normal,uncommon,2,115183,63c317e7-432c-4817-8db4-3670a1d84be3,0.15,false,false,near_mint,en,EUR,2026-08-13T11:06:27.388Z
Thranduil's Decree,HOB,The Hobbit,56,normal,uncommon,2,114950,e4ded4c1-0e3e-47c5-8fdc-e7c187f68b12,0.11,false,false,near_mint,en,EUR,2026-08-13T11:06:27.389Z
Kíli the Resourceful,HOB,The Hobbit,17,normal,rare,1,115097,1805532f-6d99-47d0-9529-5f5831a7fdc8,1.06,false,false,near_mint,en,EUR,2026-08-13T11:06:27.391Z
Gundabad Opportunist,HOB,The Hobbit,101,foil,common,1,115233,bc4a60b8-a5bb-4dbf-8d48-95caf757eac3,0.22,false,false,near_mint,en,EUR,2026-08-13T11:06:27.392Z
Mountain,HOB,The Hobbit,192,foil,common,1,115080,c49d378e-9549-4320-b3c6-1aeb216d1e98,0.23,false,false,near_mint,en,EUR,2026-08-13T11:06:27.393Z
Treasure,THOB,The Hobbit Tokens,12,normal,common,1,112945,c6e096bb-ad9e-4a8b-8b42-26852fa32c1d,,false,false,near_mint,en,EUR,2026-08-13T11:06:27.394Z
Reverent Howl,HOB,The Hobbit,81,normal,common,4,115136,16765eb2-d497-4cd6-b683-20eac2f10bbf,0.14,false,false,near_mint,en,EUR,2026-08-13T11:06:27.395Z
Ragged Short Spear,HOB,The Hobbit,108,normal,common,4,115203,7bf81a8b-52ad-49f5-a3d4-22613cad3a3d,0.14,false,false,near_mint,en,EUR,2026-08-13T11:06:27.396Z
Guardian of the Halls,HOB,The Hobbit,127,normal,common,4,115168,4265caec-8c28-44cd-8e6b-90b5af926d3c,0.18,false,false,near_mint,en,EUR,2026-08-13T11:06:27.397Z
"Nori, Teller of Tales",HOB,The Hobbit,161,normal,common,4,115076,b05adb48-980c-49a0-9ce6-7c7f3f20715d,0.07,false,false,near_mint,en,EUR,2026-08-13T11:06:27.398Z
Old Thrush,HOB,The Hobbit,2,normal,common,4,115162,3ad02b56-13ec-46ef-92bd-ae078b8bb517,0.09,false,false,near_mint,en,EUR,2026-08-13T11:06:27.399Z
Smaug's Fury,HOB,The Hobbit,111,normal,common,4,115218,a16f203a-785e-4c78-9410-fb9f8a0ffa01,0.1,false,false,near_mint,en,EUR,2026-08-13T11:06:27.400Z
Plunder the Trollshaws,HOB,The Hobbit,51,normal,common,4,115074,afb73190-b9bd-4744-a011-a37cd9c0148d,0.06,false,false,near_mint,en,EUR,2026-08-13T11:06:27.401Z
Little Bear,HOB,The Hobbit,128,normal,common,3,115067,8a50858a-33b5-4c45-9c31-5956ae5a33a6,0.09,false,false,near_mint,en,EUR,2026-08-13T11:06:27.402Z
"Down, Down to Goblin-town",HOB,The Hobbit,65,normal,uncommon,2,114933,b72e193c-e030-4936-9b79-c636eff750e1,0.12,false,false,near_mint,en,EUR,2026-08-13T11:06:27.403Z
Nasty Little Rabbit,HOB,The Hobbit,130,normal,uncommon,2,115030,96bc7d25-2828-478a-8fe5-a1f4ede8c9c0,0.02,false,false,near_mint,en,EUR,2026-08-13T11:06:27.405Z
Chief Warg's Company,HOB,The Hobbit,151,normal,rare,1,114934,bbc634af-63d2-444a-8123-85f16fe3e364,0.28,false,false,near_mint,en,EUR,2026-08-13T11:06:27.406Z
Ravening Warg,HOB,The Hobbit,80,foil,common,1,115257,ea7b5052-b343-466d-879e-2a211657ef0a,0.18,false,false,near_mint,en,EUR,2026-08-13T11:06:27.407Z
Lake-town,HOB,The Hobbit,186,normal,common,3,115044,2fbd0584-81a7-4c47-8af1-1c8635899a97,0.18,false,false,near_mint,en,EUR,2026-08-13T11:06:27.408Z
Crude Bent Blade,HOB,The Hobbit,63,normal,common,4,115116,fa8fd3c4-bd00-485d-80b1-2b67f5786fce,0.1,false,false,near_mint,en,EUR,2026-08-13T11:06:27.410Z
Óin the Brave,HOB,The Hobbit,106,normal,common,4,115212,9984b9ef-e81c-48f4-aa33-0504171a2d3c,0.04,false,false,near_mint,en,EUR,2026-08-13T11:06:27.411Z
Attercop,HOB,The Hobbit,116,normal,common,4,115206,81263d5d-e402-4813-9458-161112da27ab,0.12,false,false,near_mint,en,EUR,2026-08-13T11:06:27.412Z
Velvetwing Butterflies // Gaze in Wonder,HOB,The Hobbit,30,normal,common,4,115180,5cc0f994-5048-4898-926e-b56cbc97e0ca,0.06,false,false,near_mint,en,EUR,2026-08-13T11:06:27.413Z
Wargling,HOB,The Hobbit,140,normal,common,4,115141,1ccbf823-846f-4f09-9c67-1deebb5d1d92,0.1,false,false,near_mint,en,EUR,2026-08-13T11:06:27.415Z
Tidings of War,HOB,The Hobbit,115,normal,common,3,115160,38c16a0a-375e-48cb-9720-dbbc08c603ae,0.09,false,false,near_mint,en,EUR,2026-08-13T11:06:27.417Z
Misty Mountains Raider,HOB,The Hobbit,105,normal,uncommon,2,114974,6dff14cd-b60b-48f4-9d9f-c9019b55df4c,0.03,false,false,near_mint,en,EUR,2026-08-13T11:06:27.418Z
Gathering of Darkness,HOB,The Hobbit,68,normal,uncommon,1,114923,2ce066be-e5ad-4b93-8245-1b5018990d03,0.12,false,false,near_mint,en,EUR,2026-08-13T11:06:27.420Z
Bilbo's Gambit,HOB,The Hobbit,5,normal,rare,1,114953,45ad01f0-cda8-4931-82bb-cb4949e56ae9,2.17,false,false,near_mint,en,EUR,2026-08-13T11:06:27.421Z
Crude Bent Blade,HOB,The Hobbit,63,foil,common,1,115116,fa8fd3c4-bd00-485d-80b1-2b67f5786fce,0.2,false,false,near_mint,en,EUR,2026-08-13T11:06:27.422Z
Mountain,HOB,The Hobbit,192,normal,common,1,115080,c49d378e-9549-4320-b3c6-1aeb216d1e98,0.23,false,false,near_mint,en,EUR,2026-08-13T11:06:27.423Z
On an Adventure,THOB,The Hobbit Tokens,15,normal,common,1,115270,5e289bb3-f6de-450d-9f7e-77e2e70cb7cc,,false,false,near_mint,en,EUR,2026-08-13T11:06:27.424Z
Front Porch Sentries,HOB,The Hobbit,67,normal,common,3,115094,07bfc803-e11b-47ab-9f25-0ace7e174200,0.06,false,false,near_mint,en,EUR,2026-08-13T11:06:27.425Z
"Smaug, the Great Calamity // Spew Flame",HOB,The Hobbit,109,normal,common,3,115167,419ca9e5-8413-4378-a4ef-eda5a1024218,0.1,false,false,near_mint,en,EUR,2026-08-13T11:06:27.426Z
Boughside Wanderers,HOB,The Hobbit,121,normal,common,3,115196,71bec005-2925-4944-be16-2cc5eb30f5d6,0.18,false,false,near_mint,en,EUR,2026-08-13T11:06:27.427Z
Lake-town Lookout,HOB,The Hobbit,18,normal,common,3,115138,178c4cf6-6b11-40e4-9673-c560d6818a6b,0.02,false,false,near_mint,en,EUR,2026-08-13T11:06:27.428Z
Old Fat Spider Can't See Me,HOB,The Hobbit,50,normal,uncommon,2,115175,4a865cea-f947-4736-8ace-ba478fceeb22,0.05,false,false,near_mint,en,EUR,2026-08-13T11:06:27.433Z
Stone by Sunlight,HOB,The Hobbit,27,normal,uncommon,2,114913,c5752731-253c-4b41-bdd8-94c26d715206,0.13,false,false,near_mint,en,EUR,2026-08-13T11:06:27.434Z
Thrór's Map,HOB,The Hobbit,179,normal,uncommon,2,115032,ad0dba36-d056-4bc1-987a-391da26ad267,0.28,false,false,near_mint,en,EUR,2026-08-13T11:06:27.435Z
The Sackville-Bagginses,HOB,The Hobbit,83,normal,rare,1,114960,ed87b471-79f9-45ec-9188-69e970f6121e,0.09,false,false,near_mint,en,EUR,2026-08-13T11:06:27.436Z
Attercop,HOB,The Hobbit,116,foil,common,1,115206,81263d5d-e402-4813-9458-161112da27ab,0.16,false,false,near_mint,en,EUR,2026-08-13T11:06:27.437Z
Bilbo's Deadly Slice,HOB,The Hobbit,62,normal,common,4,115137,17892c93-b9b2-4720-933b-998ed0200492,0.08,false,false,near_mint,en,EUR,2026-08-13T11:06:27.440Z
Uneasy Partings,HOB,The Hobbit,58,normal,common,4,115250,e49866d4-966a-40f9-b08d-18e5af6d726b,0.1,false,false,near_mint,en,EUR,2026-08-13T11:06:27.444Z
Bothersome Noisemaker,HOB,The Hobbit,89,normal,uncommon,1,114956,cb25b11a-6bf5-4a9a-b60f-d4dcac3816d6,0.15,false,false,near_mint,en,EUR,2026-08-13T11:06:27.448Z
Eagle of the Great Shelf,HOB,The Hobbit,11,normal,uncommon,1,114895,3feca644-5f65-4477-bbc8-d505cec6f3a5,0.11,false,false,near_mint,en,EUR,2026-08-13T11:06:27.449Z
Settle the Wreckage,HOB,The Hobbit,26,normal,rare,1,115098,31a7a5e2-4cb8-48fc-8351-18344b4a7560,0.18,false,false,near_mint,en,EUR,2026-08-13T11:06:27.450Z
"Thranduil, the Elvenking",HOB,The Hobbit,167,normal,rare,1,114858,fe2fe8fa-3b99-44c1-bab9-922e5c864952,1.59,false,false,near_mint,en,EUR,2026-08-13T11:06:27.451Z
Esgaroth Garrison,HOB,The Hobbit,13,foil,common,1,115177,573f67b0-6ce8-4857-a703-4a5728640736,0.14,false,false,near_mint,en,EUR,2026-08-13T11:06:27.452Z
Forest,HOB,The Hobbit,193,normal,common,2,115079,c3e84b42-5423-4d4d-b8fc-cfbb2c53a4ca,0.26,false,false,near_mint,en,EUR,2026-08-13T11:06:27.453Z
Great Fierce Bee,HOB,The Hobbit,73,normal,common,4,115215,9d9ef88f-d208-4788-9553-cd672b3be1fe,0.11,false,false,near_mint,en,EUR,2026-08-13T11:06:27.455Z
Gundabad Opportunist,HOB,The Hobbit,101,normal,common,4,115233,bc4a60b8-a5bb-4dbf-8d48-95caf757eac3,0.07,false,false,near_mint,en,EUR,2026-08-13T11:06:27.456Z
Mirkwood Nurturer,HOB,The Hobbit,160,normal,common,4,115061,704b45e4-566e-40f6-a33a-9151018b44e5,0.21,false,false,near_mint,en,EUR,2026-08-13T11:06:27.457Z
Esgaroth Garrison,HOB,The Hobbit,13,normal,common,4,115177,573f67b0-6ce8-4857-a703-4a5728640736,0.05,false,false,near_mint,en,EUR,2026-08-13T11:06:27.458Z
Hobbit Hole,HOB,The Hobbit,184,normal,common,4,115038,0365c439-30bf-4d32-a791-166751bdb996,0.06,false,false,near_mint,en,EUR,2026-08-13T11:06:27.461Z
Nighthowl Pursuer,HOB,The Hobbit,78,normal,uncommon,2,114959,d3cbe830-7e95-4019-89c4-cfb36bcf00f8,0.05,false,false,near_mint,en,EUR,2026-08-13T11:06:27.462Z
Dwarven Mattock,HOB,The Hobbit,172,normal,uncommon,2,115069,92c6f09d-b525-4e8c-a87c-a74df9dc3b1e,0.07,false,false,near_mint,en,EUR,2026-08-13T11:06:27.463Z
The Eagles Are Coming!,HOB,The Hobbit,12,normal,rare,1,114791,0bda1b62-47fc-42c2-a841-ccad8ea0db48,1.28,false,false,near_mint,en,EUR,2026-08-13T11:06:27.466Z
Desolation Prowler,HOB,The Hobbit,64,foil,uncommon,1,115000,63c87009-ff1b-44b9-88b1-e26219094c67,0.34,false,false,near_mint,en,EUR,2026-08-13T11:06:27.467Z
Swamp,HOB,The Hobbit,196,normal,common,1,112944,c5f590a3-9993-4ac4-a93c-1beb44eda17b,0.41,false,false,near_mint,en,EUR,2026-08-13T11:06:27.468Z
Giant's Boulder,HOB,The Hobbit,173,normal,common,3,115241,ce254758-c928-4b43-a952-13fac1845668,0.29,false,false,near_mint,en,EUR,2026-08-13T11:06:27.474Z
Iron Hills Stalwart,HOB,The Hobbit,102,normal,common,4,115172,46daa9ac-0ac7-4df9-b9d2-e03ab5b56c72,0.05,false,false,near_mint,en,EUR,2026-08-13T11:06:27.475Z
Enchanted River's Grasp,HOB,The Hobbit,39,normal,common,4,115225,ad40a4b9-9fab-49c1-8e9f-6e0776966833,0.11,false,false,near_mint,en,EUR,2026-08-13T11:06:27.476Z
The Chief Warg,HOB,The Hobbit,150,normal,uncommon,2,114839,c397a298-bf7f-49d7-a26a-206ccf9e8120,0.16,false,false,near_mint,en,EUR,2026-08-13T11:06:27.478Z
Iron Hills Blacksmith,HOB,The Hobbit,216,normal,uncommon,1,114899,6b428a9a-3a59-4416-b00b-78e2cb73e2d6,0.19,false,false,near_mint,en,EUR,2026-08-13T11:06:27.479Z
Great Ugly-Looking Goblin // Clap! Snap!,HOB,The Hobbit,74,normal,uncommon,1,115011,c87f6004-e1cf-42b2-9647-322bc4939339,0.11,false,false,near_mint,en,EUR,2026-08-13T11:06:27.480Z
Uncover the Moon-Letters,HOB,The Hobbit,57,normal,rare,1,115103,79edf5f6-f6b6-4271-bd2a-14a980f30616,0.02,false,false,near_mint,en,EUR,2026-08-13T11:06:27.481Z
Wood Elves,HOB,The Hobbit,142,foil,common,1,112913,2476e42b-b209-4207-8ed9-cb668f89b218,0.26,false,false,near_mint,en,EUR,2026-08-13T11:06:27.482Z
Mirkwood,HOB,The Hobbit,188,normal,common,3,115054,612cf954-f86c-4629-99df-4874d56fded3,0.15,false,false,near_mint,en,EUR,2026-08-13T11:06:27.483Z
Goblin Army,THOB,The Hobbit Tokens,3,normal,common,3,115155,2e2028b1-34c0-40b6-8f65-79f79a279996,,false,false,near_mint,en,EUR,2026-08-13T11:06:27.484Z
Duskwatch Hunter,HOB,The Hobbit,153,normal,common,4,115045,3685c783-d837-4466-a960-ab3098db64c3,0.08,false,false,near_mint,en,EUR,2026-08-13T11:06:27.350Z
Pinecone Strike,HOB,The Hobbit,107,normal,common,4,115255,ea174cea-40e5-424e-9734-e39aae6c6b17,0.12,false,false,near_mint,en,EUR,2026-08-13T11:06:27.351Z
Moment of Glory,HOB,The Hobbit,21,normal,common,4,115130,0a6a6ff0-b1cd-4b06-bd31-612690094e0e,0.1,false,false,near_mint,en,EUR,2026-08-13T11:06:27.353Z
Long-Bodied Grey Dog,HOB,The Hobbit,1,normal,common,4,115243,d1a1e520-1fe2-4529-8afb-c187bb80da3c,0.08,false,false,near_mint,en,EUR,2026-08-13T11:06:27.354Z
"Bilbo Baggins, Burglar // Take a Glance",HOB,The Hobbit,34,normal,common,4,115057,6a109b3e-9f5b-4625-abb7-6b992c10530b,0.07,false,false,near_mint,en,EUR,2026-08-13T11:06:27.355Z
Confusticate and Bebother,HOB,The Hobbit,35,normal,common,4,115071,9de48690-e5ae-495a-addf-305f1db7ec21,0.11,false,false,near_mint,en,EUR,2026-08-13T11:06:27.357Z
Elvenking's Halls,HOB,The Hobbit,182,normal,common,3,115086,cd477096-41b1-4907-9cb3-852cb22c9ba2,0.19,false,false,near_mint,en,EUR,2026-08-13T11:06:27.363Z
Stir Up Trouble,HOB,The Hobbit,84,normal,common,5,115266,fd145e3a-c889-4390-accb-863dbcc845ce,0.08,false,false,near_mint,en,EUR,2026-08-13T11:06:27.371Z
"Gollum, Silent Slinker // Meager Meal",HOB,The Hobbit,71,normal,common,4,115060,6cfaa182-3fec-4907-8814-b4d29c33cec3,0.07,false,false,near_mint,en,EUR,2026-08-13T11:06:27.380Z
Goblin-town Flunkies,HOB,The Hobbit,100,normal,common,4,115239,ccff7382-8609-494c-aeee-cd1436456dd0,0.07,false,false,near_mint,en,EUR,2026-08-13T11:06:27.381Z
Ordinary Bear,HOB,The Hobbit,133,normal,common,4,115040,0feb9817-56e1-465a-851c-b2fe202aa8ae,0.12,false,false,near_mint,en,EUR,2026-08-13T11:06:27.382Z
Vow to Erebor,HOB,The Hobbit,31,normal,common,4,115210,8d4f3eb5-fedf-45d6-8bd8-aacbe0ce33b2,0.08,false,false,near_mint,en,EUR,2026-08-13T11:06:27.383Z
Lakeshore Apothecary,HOB,The Hobbit,43,normal,common,5,115223,abfbb255-a39b-4df5-bfb6-5298584e89f0,0.12,false,false,near_mint,en,EUR,2026-08-13T11:06:27.385Z
Stony-Voiced Goblins,HOB,The Hobbit,85,normal,common,4,115194,6fcc3699-b475-4612-884d-81bd4f21e9c1,0.14,false,false,near_mint,en,EUR,2026-08-13T11:06:27.386Z
Elvenking's Harper,HOB,The Hobbit,38,normal,common,4,115214,9c50656d-c74a-4e90-9ef7-afa237682516,0.11,false,false,near_mint,en,EUR,2026-08-13T11:06:27.387Z
The Mountain-king's Return,HOB,The Hobbit,22,normal,uncommon,2,114898,68f4893d-e9a5-4f89-ade3-9ab78a834ad5,0.14,false,false,near_mint,en,EUR,2026-08-13T11:06:27.390Z
Dwarven Mauler,HOB,The Hobbit,95,normal,uncommon,2,114982,bd0f0415-43af-4f5d-8999-853c5d42780d,0.02,false,false,near_mint,en,EUR,2026-08-13T11:06:27.404Z
Rage into the Valley,HOB,The Hobbit,79,normal,common,2,115104,8651958c-3b94-47a9-a751-faf8f6236a42,0.02,false,false,near_mint,en,EUR,2026-08-13T11:06:27.414Z
Warg Tactics,HOB,The Hobbit,139,normal,common,4,115228,b06d9cee-bb0f-4fe7-ab2a-b55d36461aec,0.08,false,false,near_mint,en,EUR,2026-08-13T11:06:27.431Z
Large Bear,HOB,The Hobbit,159,normal,uncommon,2,115049,50202288-f433-4b56-8f60-349bda7b4f6b,0.02,false,false,near_mint,en,EUR,2026-08-13T11:06:27.447Z
Human Soldier,THOB,The Hobbit Tokens,2,normal,common,7,115182,6007af81-4541-4b55-90ea-03d365362ae5,,false,false,near_mint,en,EUR,2026-08-13T11:06:27.409Z
Dwarf,THOB,The Hobbit Tokens,6,normal,common,6,112933,9fcb3a3f-c0d4-43d4-8549-826a38bfa27d,,false,false,near_mint,en,EUR,2026-08-13T11:06:27.439Z
Cantankerous Keepers,HOB,The Hobbit,122,normal,rare,1,115014,fae46a70-a6d3-4584-859d-6c7425fb1508,0.02,false,false,near_mint,en,EUR,2026-08-13T12:02:54.184Z
Last Light of Durin's Day,HOB,The Hobbit,103,normal,rare,1,114915,df29484b-de4b-4bab-995a-7605745780d9,0.07,false,false,near_mint,en,EUR,2026-08-13T12:02:54.185Z
"Smaug, the Great Calamity // Spew Flame",HOB,The Hobbit,109,foil,common,1,115167,419ca9e5-8413-4378-a4ef-eda5a1024218,0.2,false,false,near_mint,en,EUR,2026-08-13T12:02:54.186Z
Plains,HOB,The Hobbit,189,normal,common,1,115064,7b7c408b-8660-4db5-9a16-5003c11b4ac1,0.2,false,false,near_mint,en,EUR,2026-08-13T12:02:54.187Z
Veteran Dungeoneer,AFR,Adventures in the Forgotten Realms,40,normal,common,1,60458,d8fe33b3-afaf-4a98-ae64-7d7e0eabe993,0.12,false,false,near_mint,en,EUR,2026-08-13T12:02:54.192Z
"Bilbo, Luckwearer // Burglar's Plot",HOB,The Hobbit,218,normal,uncommon,1,114832,b5fe776d-00c2-4d5d-9493-77dd754aa728,0.3,false,false,near_mint,en,EUR,2026-08-13T12:02:54.198Z
"Balin, Loremaster",HOB,The Hobbit,87,normal,rare,1,115047,42d7ca7b-c983-40fd-ad57-59f6972bb375,0.02,false,false,near_mint,en,EUR,2026-08-13T12:02:54.199Z
The Notary Hobbits,HOB,The Hobbit,131,normal,rare,1,115113,d876315f-b269-4254-a517-905c6e927462,0.02,false,false,near_mint,en,EUR,2026-08-13T12:02:54.200Z
"Burn, Burn, Tree and Fern",HOB,The Hobbit,90,foil,uncommon,1,114856,fceb1a2d-121e-49ad-acf2-1bb5aebec116,0.21,false,false,near_mint,en,EUR,2026-08-13T12:02:54.201Z
Elven Raft-Steerer,HOB,The Hobbit,37,normal,uncommon,1,114890,c141695c-c108-41d5-85cb-1f7485d9d533,0.16,false,false,near_mint,en,EUR,2026-08-13T12:02:54.212Z
"Gandalf, Spark Starter",HOB,The Hobbit,97,normal,uncommon,1,114975,7c5c6f1c-35cf-4172-b5a1-b73222b0723b,0.05,false,false,near_mint,en,EUR,2026-08-13T12:02:54.213Z
"Tom, Bert, and William",HOB,The Hobbit,169,normal,rare,1,112909,211a9764-3c60-46ba-bb53-e6692640ec8f,0.04,false,false,near_mint,en,EUR,2026-08-13T12:02:54.215Z
Misty Mountains Raider,HOB,The Hobbit,105,foil,uncommon,1,114974,6dff14cd-b60b-48f4-9d9f-c9019b55df4c,0.22,false,false,near_mint,en,EUR,2026-08-13T12:02:54.216Z
Dreaded Bat-Cloud,HOB,The Hobbit,206,normal,uncommon,1,115142,1d84b0f8-aa9d-46b5-b46d-cb291aa6af9a,0.25,false,false,near_mint,en,EUR,2026-08-13T12:02:54.227Z
The Lonely Mountain,HOB,The Hobbit,187,normal,rare,1,114831,b39ebc4d-a01a-4401-ab3a-bf6142c93b47,0.48,false,false,near_mint,en,EUR,2026-08-13T12:02:54.230Z
"Nori, Teller of Tales",HOB,The Hobbit,161,foil,common,1,115076,b05adb48-980c-49a0-9ce6-7c7f3f20715d,0.19,false,false,near_mint,en,EUR,2026-08-13T12:02:54.231Z
"Sting, Bilbo's Sword",HOB,The Hobbit,178,normal,rare,1,114844,d6a8d698-c454-42c4-ad4e-9a7625d5569f,0.02,false,false,near_mint,en,EUR,2026-08-13T12:02:54.245Z
Plunder the Trollshaws,HOB,The Hobbit,51,foil,common,1,115074,afb73190-b9bd-4744-a011-a37cd9c0148d,0.16,false,false,near_mint,en,EUR,2026-08-13T12:02:54.246Z
Goblin-town,HOB,The Hobbit,183,foil,common,1,115088,d76df9d0-56cf-4351-a5e8-e6ae6fc791d1,0.2,false,false,near_mint,en,EUR,2026-08-13T12:02:54.247Z
Bolg of the North,HOB,The Hobbit,148,normal,uncommon,1,114818,7b2d2a7f-88e0-45a9-8579-a6736bcd66eb,0.15,false,false,near_mint,en,EUR,2026-08-13T12:02:54.258Z
Duskwatch Hunter,HOB,The Hobbit,153,foil,common,1,115045,3685c783-d837-4466-a960-ab3098db64c3,0.22,false,false,near_mint,en,EUR,2026-08-13T12:02:54.261Z
Island,HOB,The Hobbit,195,normal,common,1,112927,739aaaac-c424-4ea7-a084-62a6fc0438b0,0.43,false,false,near_mint,en,EUR,2026-08-13T12:02:54.262Z
Riddles in the Dark,HOB,The Hobbit,53,normal,rare,1,112936,a6129286-7437-4ba4-be55-586a22cd67ca,0.71,false,false,near_mint,en,EUR,2026-08-13T12:02:54.275Z
Down in the Valley,HOB,The Hobbit,124,foil,rare,1,114983,c8aa5179-475b-4cc8-b21e-205b475eb4cf,0.26,false,false,near_mint,en,EUR,2026-08-13T12:02:54.276Z
Iron Hills,HOB,The Hobbit,185,foil,common,1,115063,78045c43-5cbe-48ff-837d-e7c6baac2937,0.23,false,false,near_mint,en,EUR,2026-08-13T12:02:54.277Z
Troop of Ponies,HOB,The Hobbit,199,normal,uncommon,1,115191,6cbcd606-b864-4b81-9596-e7788befdd1f,0.24,false,false,near_mint,en,EUR,2026-08-13T12:02:54.287Z
Glóin the Mighty // Easy Pickings,HOB,The Hobbit,99,normal,uncommon,1,115023,5793b8eb-2fc5-454d-8fa2-20346fef167a,0.12,false,false,near_mint,en,EUR,2026-08-13T12:02:54.289Z
Nasty Little Rabbit,HOB,The Hobbit,130,foil,uncommon,1,115030,96bc7d25-2828-478a-8fe5-a1f4ede8c9c0,0.35,false,false,near_mint,en,EUR,2026-08-13T12:02:54.291Z
Forest,HOB,The Hobbit,198,normal,common,1,112924,5f533364-0f91-4e49-aaeb-83c4c1f6d316,0.45,false,false,near_mint,en,EUR,2026-08-13T12:02:54.292Z
Gigantic Big Bear,HOB,The Hobbit,126,normal,rare,1,115065,7d6ece3d-8e7a-41ad-974f-3c9748de4825,0.49,false,false,near_mint,en,EUR,2026-08-13T12:02:54.305Z
Sound the Trumpets,HOB,The Hobbit,55,foil,uncommon,1,114949,dd32a1dd-3541-4572-a717-1deabc14b827,0.25,false,false,near_mint,en,EUR,2026-08-13T12:02:54.306Z
"Bofur, Reliable Guardian // Concerted Care",HOB,The Hobbit,6,normal,uncommon,1,115190,6b8e6435-7de4-41d5-bc7d-8e24c11897d0,0.15,false,false,near_mint,en,EUR,2026-08-13T12:02:54.317Z
"Thranduil, Sindarin Liege // Silvan Rally",HOB,The Hobbit,166,normal,uncommon,1,115048,481870ee-d1f7-421b-86e1-570ea933bbbc,0.02,false,false,near_mint,en,EUR,2026-08-13T12:02:54.318Z
My Precious // Allure of Power,HOB,The Hobbit,176,normal,rare,1,112906,15ae4d50-be2f-412c-bb6b-b0a06b60474a,1.88,false,false,near_mint,en,EUR,2026-08-13T12:02:54.320Z
Tidings of War,HOB,The Hobbit,115,foil,common,1,115160,38c16a0a-375e-48cb-9720-dbbc08c603ae,0.23,false,false,near_mint,en,EUR,2026-08-13T12:02:54.321Z
The Master of Lake-town,HOB,The Hobbit,77,normal,rare,1,114885,3788ada6-34a9-41af-a31c-2d090550e503,0.68,false,false,near_mint,en,EUR,2026-08-13T12:02:54.335Z
Moment of Glory,HOB,The Hobbit,21,foil,common,1,115130,0a6a6ff0-b1cd-4b06-bd31-612690094e0e,0.19,false,false,near_mint,en,EUR,2026-08-13T12:02:54.336Z
Dragon,THOB,The Hobbit Tokens,5,normal,common,1,115143,1e4408fa-8037-42f1-989e-2da84867f76c,,false,false,near_mint,en,EUR,2026-08-13T12:02:54.338Z
Down in the Valley,HOB,The Hobbit,124,normal,rare,1,114983,c8aa5179-475b-4cc8-b21e-205b475eb4cf,0.02,false,false,near_mint,en,EUR,2026-08-13T12:02:54.349Z
Bejeweled Warg,HOB,The Hobbit,117,normal,rare,1,115115,e95eba5c-e0d6-46b4-a0be-8e373b2185ea,0.02,false,false,near_mint,en,EUR,2026-08-13T12:02:54.350Z
"Beorn, Reluctant Host // Till and Tend",HOB,The Hobbit,118,foil,common,1,115066,804589b7-3ef9-473d-97cc-c61a2d41f70d,0.31,false,false,near_mint,en,EUR,2026-08-13T12:02:54.351Z
Dreaded Bat-Cloud,HOB,The Hobbit,66,normal,uncommon,1,115186,67d52db5-597e-46d5-af39-c3a2de107d30,0.19,false,false,near_mint,en,EUR,2026-08-13T12:02:54.364Z
Last Light of Durin's Day,HOB,The Hobbit,228,normal,rare,1,114912,ba42b0f3-3f2f-4fbe-b56d-c2cb477f1182,0.67,false,false,near_mint,en,EUR,2026-08-13T12:02:54.365Z
Velvetwing Butterflies // Gaze in Wonder,HOB,The Hobbit,30,foil,common,1,115180,5cc0f994-5048-4898-926e-b56cbc97e0ca,0.15,false,false,near_mint,en,EUR,2026-08-13T12:02:54.366Z
Island,HOB,The Hobbit,190,normal,common,1,115083,c6aa89a8-3584-4906-b9a9-41ef2f021f8e,0.21,false,false,near_mint,en,EUR,2026-08-13T12:02:54.367Z
Silvan Reveler,HOB,The Hobbit,163,normal,uncommon,1,114840,c71b74fb-fb0c-4953-b536-7a3f283c6918,0.18,false,false,near_mint,en,EUR,2026-08-13T12:02:54.379Z
Getaway Barrel,HOB,The Hobbit,98,normal,rare,1,115092,e4819aa6-5d28-4a37-942d-89523e30c4e1,0.1,false,false,near_mint,en,EUR,2026-08-13T12:02:54.380Z
Elven Raft-Steerer,HOB,The Hobbit,37,foil,uncommon,1,114890,c141695c-c108-41d5-85cb-1f7485d9d533,0.28,false,false,near_mint,en,EUR,2026-08-13T12:02:54.381Z
Swamp,HOB,The Hobbit,191,normal,common,1,115046,4031e5e4-e573-4130-8d20-4a606edef0a0,0.2,false,false,near_mint,en,EUR,2026-08-13T12:02:54.382Z
Elven Passage,HOB,The Hobbit,238,normal,rare,1,115084,c9789696-a702-4294-afd7-c48e5fc84398,3.27,false,false,near_mint,en,EUR,2026-08-13T12:02:54.395Z
"Dwalin, Weaponmaster",HOB,The Hobbit,154,foil,rare,1,115041,196d9287-a37d-4b27-a83b-a5489a54f081,0.1,false,false,near_mint,en,EUR,2026-08-13T12:02:54.396Z
Bear,THOB,The Hobbit Tokens,7,normal,common,1,115156,31661af9-a40a-418c-82e3-b74aa14cc7c4,,false,false,near_mint,en,EUR,2026-08-13T12:02:54.398Z
"Burn, Burn, Tree and Fern",HOB,The Hobbit,90,normal,uncommon,1,114856,fceb1a2d-121e-49ad-acf2-1bb5aebec116,0.13,false,false,near_mint,en,EUR,2026-08-13T12:02:54.409Z
Bard's Company,HOB,The Hobbit,146,normal,rare,1,114985,d14aa2ff-7bbd-47a6-8e36-481e56302a62,0.02,false,false,near_mint,en,EUR,2026-08-13T12:02:54.410Z
Key to the Side-Door,HOB,The Hobbit,175,foil,uncommon,1,115105,898c14a2-d897-4341-83ed-eee666df9648,0.28,false,false,near_mint,en,EUR,2026-08-13T12:02:54.411Z
Plains,HOB,The Hobbit,194,foil,common,1,112914,24dc369c-020a-4115-a4bb-d60a44de64e3,0.98,false,false,near_mint,en,EUR,2026-08-13T12:02:54.412Z
Fíli the Pathfinder,HOB,The Hobbit,14,normal,rare,1,115075,b02142f3-5e55-40dc-a02c-9113fb7d763c,0.02,false,false,near_mint,en,EUR,2026-08-13T12:02:54.425Z
Warg Tactics,HOB,The Hobbit,139,foil,common,1,115228,b06d9cee-bb0f-4fe7-ab2a-b55d36461aec,0.14,false,false,near_mint,en,EUR,2026-08-13T12:02:54.426Z
Master's Councillors,HOB,The Hobbit,47,normal,uncommon,1,114932,addcefdd-e012-4adf-9052-e60376a8d2d3,0.02,false,false,near_mint,en,EUR,2026-08-13T12:02:54.437Z
Celebrate the Mountain-king,HOB,The Hobbit,7,normal,uncommon,1,115169,42fbd61d-e1a6-465d-b1a3-f5ee0869d3af,0.18,false,false,near_mint,en,EUR,2026-08-13T12:02:54.438Z
Key to the Side-Door,HOB,The Hobbit,175,normal,uncommon,1,115105,898c14a2-d897-4341-83ed-eee666df9648,0.02,false,false,near_mint,en,EUR,2026-08-13T12:02:54.439Z
The Misty Mountains Cold,HOB,The Hobbit,104,normal,rare,1,114886,3d5f35ff-4146-4844-9da5-031461cc8c05,0.53,false,false,near_mint,en,EUR,2026-08-13T12:02:54.440Z
Beorn's Hospitality,HOB,The Hobbit,120,foil,uncommon,1,114968,153ca57e-30f0-4ad7-ae9d-c55cbf0fd4c9,0.45,false,false,near_mint,en,EUR,2026-08-13T12:02:54.441Z
Thorin Oakenshield,HOB,The Hobbit,165,normal,uncommon,1,114841,c7e18609-d1ed-4829-be11-f2ce2cfcbc49,0.17,false,false,near_mint,en,EUR,2026-08-13T12:02:54.451Z
Troop of Ponies,HOB,The Hobbit,3,normal,uncommon,1,115131,0b4b1c59-bcec-4779-9e27-0e6f9feb4e11,0.2,false,false,near_mint,en,EUR,2026-08-13T12:02:54.452Z
Along the Crooked Way,HOB,The Hobbit,60,normal,rare,1,115099,3696d65c-fffd-4685-bb2d-e8769bf476e3,0.02,false,false,near_mint,en,EUR,2026-08-13T12:02:54.454Z
"Gandalf, Goblins' Bane // Flameshape",HOB,The Hobbit,96,normal,mythic,1,114826,9b0d29a1-7da9-4fb3-8536-8ff8d8acae0b,7.53,false,false,near_mint,en,EUR,2026-08-13T12:02:54.455Z
Thorin's Last Stand,HOB,The Hobbit,209,foil,common,1,115128,089e8e4b-c367-4d86-a69a-951f7d779aaf,0.4,false,false,near_mint,en,EUR,2026-08-13T12:02:54.456Z
"Bifur, Melodic Rider",HOB,The Hobbit,147,normal,uncommon,1,114849,ee88cc80-8fbf-451c-b2b8-09158426c26a,0.17,false,false,near_mint,en,EUR,2026-08-13T12:02:54.466Z
Ravenhill Flock,HOB,The Hobbit,52,normal,uncommon,1,114931,acbb4d32-2771-469e-a6de-0df15155cc62,0.13,false,false,near_mint,en,EUR,2026-08-13T12:02:54.467Z
Beorn's Hospitality,HOB,The Hobbit,120,normal,uncommon,1,114968,153ca57e-30f0-4ad7-ae9d-c55cbf0fd4c9,0.18,false,false,near_mint,en,EUR,2026-08-13T12:02:54.468Z
"Dwalin, Weaponmaster",HOB,The Hobbit,154,normal,rare,1,115041,196d9287-a37d-4b27-a83b-a5489a54f081,0.02,false,false,near_mint,en,EUR,2026-08-13T12:02:54.469Z
Desolation of Smaug,HOB,The Hobbit,93,normal,rare,1,114799,2462358b-52c8-49b2-8d97-d65a9188f8f7,0.57,false,false,near_mint,en,EUR,2026-08-13T12:02:54.470Z
Wargling,HOB,The Hobbit,140,foil,common,1,115141,1ccbf823-846f-4f09-9c67-1deebb5d1d92,0.22,false,false,near_mint,en,EUR,2026-08-13T12:02:54.471Z
Thorin's Last Stand,HOB,The Hobbit,209,normal,common,1,115128,089e8e4b-c367-4d86-a69a-951f7d779aaf,0.16,false,false,near_mint,en,EUR,2026-08-13T12:02:54.478Z
"Gandalf, Spark Starter",HOB,The Hobbit,203,normal,uncommon,1,114984,ccf2923e-5358-4e40-bc64-2953ac2d1692,0.28,false,false,near_mint,en,EUR,2026-08-13T12:02:54.481Z
Inside Information,HOB,The Hobbit,76,normal,mythic,1,115004,9763bd56-fa4b-4907-ad15-c3f040c5fc0a,4.32,false,false,near_mint,en,EUR,2026-08-13T12:02:54.484Z
Most Decrepit Old Bird // Speak Secrets,HOB,The Hobbit,49,normal,rare,1,115017,2d838feb-89f2-4cdb-a5ab-ec880f28d873,0.13,false,false,near_mint,en,EUR,2026-08-13T12:02:54.485Z
Iron Hills Stalwart,HOB,The Hobbit,102,foil,common,1,115172,46daa9ac-0ac7-4df9-b9d2-e03ab5b56c72,0.21,false,false,near_mint,en,EUR,2026-08-13T12:02:54.486Z
Island,HOB,The Hobbit,190,foil,common,1,115083,c6aa89a8-3584-4906-b9a9-41ef2f021f8e,0.25,false,false,near_mint,en,EUR,2026-08-13T12:02:54.487Z
Thorin's Last Stand,HOB,The Hobbit,28,normal,common,3,115134,127367b6-9cfe-4516-9bfd-5b951468a25c,0.07,false,false,near_mint,en,EUR,2026-08-13T12:02:54.193Z
Goblin Plate Mail,HOB,The Hobbit,157,normal,common,4,115085,cb982607-da37-4894-91a5-cf6307d4d703,0.08,false,false,near_mint,en,EUR,2026-08-13T12:02:54.195Z
Troll Negotiations,HOB,The Hobbit,138,normal,uncommon,2,115112,ca0f7bf4-b8a2-4ec4-ad7e-b639de9fa76a,0.08,false,false,near_mint,en,EUR,2026-08-13T12:02:54.197Z
Well-Worn Spatula,HOB,The Hobbit,180,normal,common,3,115055,659b687f-4068-496f-81b2-7b606bf07ec1,0.11,false,false,near_mint,en,EUR,2026-08-13T12:02:54.208Z
Long Lake Nuisance,HOB,The Hobbit,45,normal,common,3,115240,cd5af94d-6321-4834-8e5f-e5d0261b3ef3,0.04,false,false,near_mint,en,EUR,2026-08-13T12:02:54.209Z
Wilderland Scrounger,HOB,The Hobbit,141,normal,uncommon,2,114999,63078f42-f404-4c61-86be-45d934393b0a,0.13,false,false,near_mint,en,EUR,2026-08-13T12:02:54.214Z
Iron Hills,HOB,The Hobbit,185,normal,common,2,115063,78045c43-5cbe-48ff-837d-e7c6baac2937,0.15,false,false,near_mint,en,EUR,2026-08-13T12:02:54.217Z
"Ori, Keeper of Songs",HOB,The Hobbit,23,normal,common,3,115081,c5727af5-a487-4b16-8278-81c3c928c417,0.08,false,false,near_mint,en,EUR,2026-08-13T12:02:54.222Z
Bard the Bowman,HOB,The Hobbit,145,normal,uncommon,2,114790,0b84e232-428c-424a-848c-ef95debc6e50,0.14,false,false,near_mint,en,EUR,2026-08-13T12:02:54.228Z
Magnificent End,HOB,The Hobbit,20,normal,common,4,115170,430c8916-1167-400b-9cad-d301f59d5e5d,0.1,false,false,near_mint,en,EUR,2026-08-13T12:02:54.237Z
Sound the Trumpets,HOB,The Hobbit,55,normal,uncommon,2,114949,dd32a1dd-3541-4572-a717-1deabc14b827,0.14,false,false,near_mint,en,EUR,2026-08-13T12:02:54.242Z
Mirkwood Pathmaker,HOB,The Hobbit,129,normal,uncommon,2,114997,50fbedc0-bc66-4ffb-87f6-a2df69995091,0.02,false,false,near_mint,en,EUR,2026-08-13T12:02:54.257Z
Patient Instructor,HOB,The Hobbit,162,normal,common,3,115091,e4800508-8bb9-41bb-8712-b55fba7a80a5,0.1,false,false,near_mint,en,EUR,2026-08-13T12:02:54.271Z
Lake-town Mariners // Gone Fishing,HOB,The Hobbit,44,normal,uncommon,2,114996,4202a678-a5f4-47f9-9c18-e88ab9ad20a4,0.07,false,false,near_mint,en,EUR,2026-08-13T12:02:54.272Z
Desolation Prowler,HOB,The Hobbit,64,normal,uncommon,2,115000,63c87009-ff1b-44b9-88b1-e26219094c67,0.14,false,false,near_mint,en,EUR,2026-08-13T12:02:54.274Z
Woodland Weavemaster,HOB,The Hobbit,143,normal,uncommon,2,115034,fe2b4bcf-56de-44d3-83af-aeb27f82c25e,0.11,false,false,near_mint,en,EUR,2026-08-13T12:02:54.288Z
Rage into the Valley,HOB,The Hobbit,200,normal,common,2,115158,349d7464-e778-4a24-a528-d31d36ff4799,0.14,false,false,near_mint,en,EUR,2026-08-13T12:02:54.298Z
Old Fat Spider,HOB,The Hobbit,132,normal,uncommon,2,115033,e0c0f842-40fe-4776-a988-a35216bcfd47,0.09,false,false,near_mint,en,EUR,2026-08-13T12:02:54.302Z
Snowslope Hunter,HOB,The Hobbit,112,normal,uncommon,2,115173,47666099-ffb2-4d07-a801-70524dba0837,0.12,false,false,near_mint,en,EUR,2026-08-13T12:02:54.304Z
The Black Arrow,HOB,The Hobbit,171,normal,uncommon,2,115108,ab181190-d53d-4972-8cd5-8e54b45f2276,0.11,false,false,near_mint,en,EUR,2026-08-13T12:02:54.319Z
Gnashing of Teeth,HOB,The Hobbit,69,normal,uncommon,2,114927,5d485d70-c7b9-40a4-9089-5e7f1c2b9213,0.11,false,false,near_mint,en,EUR,2026-08-13T12:02:54.332Z
Lake-town Toymaker,HOB,The Hobbit,19,normal,uncommon,2,115185,67304269-c595-4cf0-8dbf-fcb2e9e01fe2,0.1,false,false,near_mint,en,EUR,2026-08-13T12:02:54.346Z
Gollum the Abandoned,HOB,The Hobbit,72,normal,uncommon,2,114926,50d91ef3-6f5d-4255-8d47-be731b5dad30,0.04,false,false,near_mint,en,EUR,2026-08-13T12:02:54.392Z
Plains,HOB,The Hobbit,194,normal,common,2,112914,24dc369c-020a-4115-a4bb-d60a44de64e3,0.5,false,false,near_mint,en,EUR,2026-08-13T12:02:54.427Z
Wolf,THOB,The Hobbit Tokens,9,normal,common,3,115248,e07312b9-f3c1-4e36-88fc-b29cde581eb6,,false,false,near_mint,en,EUR,2026-08-13T12:02:54.203Z
Elf,THOB,The Hobbit Tokens,8,normal,common,3,115198,761c7c31-c6c5-44e2-a845-f590542b6eda,,false,false,near_mint,en,EUR,2026-08-13T12:02:54.233Z
Yurlok of Scorch Thrash,CMR,Commander Legends,613,etched,rare,1,55640,403b8d9c-da2e-4902-b198-edfcf16aea7f,0.79,false,false,near_mint,en,EUR,2026-08-21T12:34:02.437Z
Eladamri's Vineyard,TMP,Tempest,223,normal,rare,1,36776,d8531643-5657-44b6-89d1-9cdf67ed09c4,5.06,false,false,near_mint,en,EUR,2026-08-21T15:36:04.972Z
Yurlok of Scorch Thrash,CMR,Commander Legends,293,normal,rare,1,55950,ead8a1f5-6260-47fa-a649-43711ec5bbeb,0.24,false,false,near_mint,en,EUR,2026-08-22T15:39:25.180Z
Zhur-Taa Ancient,DGM,Dragon's Maze,119,normal,rare,1,16346,2076308f-0f4e-4b31-9e75-c2965942e7d1,0.46,false,false,near_mint,en,EUR,2026-08-22T15:39:25.181Z
Banefire,MM2,Modern Masters 2015,104,normal,rare,1,11113,6d418362-aa0c-4e42-b473-f266ec3d0a25,0.53,false,false,near_mint,en,EUR,2026-08-22T15:39:25.182Z
Hell to Pay,OTJ,Outlaws of Thunder Junction,126,normal,rare,1,91807,84ad8ed7-1429-432e-8217-a4db3b97675c,0.46,false,false,near_mint,en,EUR,2026-08-22T15:39:25.183Z
Demand Answers,MKM,Murders at Karlov Manor,122,normal,common,1,91286,eca092fc-7c67-4a73-989e-5297bbaaea76,0.48,false,false,near_mint,en,EUR,2026-08-22T15:39:25.184Z
Mana Flare,4ED,Fourth Edition,211,normal,rare,1,39976,e7169e26-e700-4e71-b959-4592a03f3c9f,1.21,false,false,near_mint,en,EUR,2026-08-22T15:39:25.185Z
The Rollercrusher Ride,DSK,Duskmourn: House of Horror,155,normal,mythic,1,98842,70019956-fca1-4090-b3b6-6a963528e05b,0.8,false,false,near_mint,en,EUR,2026-08-22T15:39:25.186Z
Big Score,BLC,Bloomburrow Commander,193,normal,common,1,96209,243b460e-e67a-40d7-a874-a61fdb011c5a,1.07,false,false,near_mint,en,EUR,2026-08-22T15:39:25.187Z
Lavaleaper,ECL,Lorwyn Eclipsed,150,normal,rare,1,110367,82902488-d178-4752-bcfb-dd3050654d23,0.2,false,false,near_mint,en,EUR,2026-08-22T15:39:25.188Z
Instill Energy,3ED,Revised Edition,203,normal,uncommon,1,41222,d919330b-5023-4b9c-b82f-20095354326c,1.42,false,false,near_mint,en,EUR,2026-08-22T15:39:25.189Z
Magus of the Vineyard,FUT,Future Sight,132,normal,rare,1,26205,03a9453c-09b2-4dbb-969a-369f5e78a90f,2.05,false,false,near_mint,en,EUR,2026-08-22T15:39:25.190Z
Veteran Explorer,C16,Commander 2016,174,normal,uncommon,1,7180,973432c7-2903-4eba-89ce-664254b96d60,0.22,false,false,near_mint,en,EUR,2026-08-22T15:39:25.191Z
Explore,CMR,Commander Legends,426,normal,common,1,56241,f3405ac8-a8e3-4c65-807e-6bfcfa162852,0.37,false,false,near_mint,en,EUR,2026-08-22T15:39:25.192Z
On the Trail,MKC,Murders at Karlov Manor Commander,39,normal,rare,1,90563,e5cf1f9f-2e35-49b1-af47-75fbe11f7b7e,2.48,false,false,near_mint,en,EUR,2026-08-22T15:39:25.193Z
Quest for Renewal,WWK,Worldwake,110,normal,uncommon,1,22081,41b7ad82-1115-4f80-886a-3f59f568423f,5.45,false,false,near_mint,en,EUR,2026-08-22T15:39:25.194Z
Rampant Growth,BLC,Bloomburrow Commander,234,normal,common,1,96477,d6e4e354-dee5-4c9d-960d-9847fca97c7a,0.54,false,false,near_mint,en,EUR,2026-08-22T15:39:25.195Z
Sakura-Tribe Elder,C18,Commander 2018,160,normal,common,1,683,6912d171-5f26-45d3-9c6a-911e509d083a,0.62,false,false,near_mint,en,EUR,2026-08-22T15:39:25.196Z
Seeker of Skybreak,TMP,Tempest,254,normal,common,1,36745,b4bb98ba-d599-4597-911c-2b472fa8817c,2.94,false,false,near_mint,en,EUR,2026-08-22T15:39:25.197Z
Sword of the Animist,MSC,Marvel Super Heroes Commander,289,normal,rare,1,114350,ff890d40-710d-4b28-b303-37f4b7adcf42,3.56,false,false,near_mint,en,EUR,2026-08-22T15:39:25.198Z
Bender's Waterskin,TLA,Avatar: The Last Airbender,255,normal,common,1,108223,6d4a1712-d19e-4475-9614-a0b1af4da610,0.77,false,false,near_mint,en,EUR,2026-08-22T15:39:25.199Z
Umbral Mantle,SHM,Shadowmoor,267,normal,uncommon,1,24599,10e35711-aec9-4024-a2a6-9efff8c71df2,5.66,false,false,near_mint,en,EUR,2026-08-22T15:39:25.200Z
Horizon Stone,CMR,Commander Legends,315,normal,rare,1,55716,6affd9c6-f7ab-488e-85fa-2a3a48383414,0.83,false,false,near_mint,en,EUR,2026-08-22T15:39:25.201Z
Mind's Eye,MSC,Marvel Super Heroes Commander,288,normal,rare,1,114309,708ad400-fa01-4473-aa9e-ba3db965b521,0.84,false,false,near_mint,en,EUR,2026-08-22T15:39:25.202Z
Animist's Awakening,SOC,Secrets of Strixhaven Commander,261,normal,rare,1,112140,d5ace571-0644-40d6-a05f-15f2e47d8861,0.39,false,false,near_mint,en,EUR,2026-08-22T15:39:25.203Z
Burst of Strength,GTC,Gatecrash,115,normal,common,1,16709,d1cbd617-9f2e-4882-b8f0-dfc2fced2281,0.16,false,false,near_mint,en,EUR,2026-08-22T15:39:25.204Z
Dig Up,VOW,Innistrad: Crimson Vow,197,normal,rare,1,64311,8f14c947-2452-4fd6-8f1a-391cf5898100,0.48,false,false,near_mint,en,EUR,2026-08-22T15:39:25.205Z
Green Sun's Twilight,ONE,Phyrexia: All Will Be One,169,normal,rare,1,78424,184c985d-cb70-41a7-9f66-3506708b7e26,0.28,false,false,near_mint,en,EUR,2026-08-22T15:39:25.206Z
Sign in Blood,M11,Magic 2011,117,normal,common,1,21272,3705ee27-9725-42ee-8d3b-481cdb8c9250,0.52,false,false,near_mint,de,EUR,2026-08-22T15:39:25.207Z
Night's Whisper,ONC,Phyrexia: All Will Be One Commander,94,normal,common,1,78499,37f8b953-731f-4fb8-ad54-f1292779f187,0.51,false,false,near_mint,en,EUR,2026-08-22T15:39:25.208Z
Read the Bones,THS,Theros,101,normal,common,1,15563,dbbdbf1a-2d15-4291-aa19-614f854d8cb3,0.25,false,false,near_mint,de,EUR,2026-08-22T15:39:25.209Z
Phyrexian Arena,FDN,Foundations,728,foil,rare,1,100512,534d28b7-1e56-428d-84a7-0eb6a2b5efda,3.5,false,false,near_mint,en,EUR,2026-08-22T15:39:25.210Z
Twilight Prophet,LCC,The Lost Caverns of Ixalan Commander,211,normal,mythic,1,88437,41f90e2b-cdbb-4a7c-aba0-c72055b414ed,1.52,false,false,near_mint,en,EUR,2026-08-22T15:39:25.211Z
Explorer's Scope,ZEN,Zendikar,202,normal,common,1,22422,ea3a9cdb-4842-44b3-8143-0fda31692600,0.22,false,false,near_mint,en,EUR,2026-08-22T15:39:25.212Z
Sol Ring,MSC,Marvel Super Heroes Commander,211,normal,uncommon,1,113864,91fdb56b-54d5-4272-8319-505ff987fe9b,1.53,false,false,near_mint,en,EUR,2026-08-22T15:39:25.213Z
Mirror Shield,THB,Theros Beyond Death,234,normal,uncommon,1,46828,e7624e84-93ce-4983-8624-ebc934cab67f,0.29,false,false,near_mint,en,EUR,2026-08-22T15:39:25.214Z
Mask of Avacyn,CMR,Commander Legends,466,normal,uncommon,1,56000,0aa1b193-c80e-4026-bd82-f16314e14431,0.8,false,false,near_mint,en,EUR,2026-08-22T15:39:25.217Z
Cultivate,MSC,Marvel Super Heroes Commander,172,normal,common,1,114189,e60deb92-f7dd-4f4e-9036-e47dd586f985,0.39,false,false,near_mint,de,EUR,2026-08-22T15:39:25.218Z
Kodama's Reach,CMM,Commander Masters,649,normal,common,1,84762,b0506e30-ed0d-4838-97b1-55900ad633b5,1.39,false,false,near_mint,de,EUR,2026-08-22T15:39:25.219Z
Colossal Majesty,J22,Jumpstart 2022,87,normal,uncommon,1,76299,4fd1764f-9b62-4977-9fee-1266f0ea01aa,1.16,false,false,near_mint,en,EUR,2026-08-22T15:39:25.220Z
Entish Restoration,LTR,The Lord of the Rings: Tales of Middle-earth,163,normal,uncommon,1,83513,cd4dbf80-187b-40e3-9e0b-526f78d9a34e,1.77,false,false,near_mint,en,EUR,2026-08-22T15:39:25.221Z
Harrow,C14,Commander 2014,199,normal,common,1,12657,f1e41e4b-22bc-422d-b42d-ad86323a3394,0.33,false,false,near_mint,en,EUR,2026-08-22T15:39:25.222Z
Heartbeat of Spring,TLE,Avatar: The Last Airbender Eternal,42,normal,mythic,1,109365,006b8547-1427-4aa2-88e4-e82b0ff4bb6d,1.27,false,false,near_mint,en,EUR,2026-08-22T15:39:25.223Z
Rites of Flourishing,BLC,Bloomburrow Commander,122,normal,rare,1,96246,36459b89-b273-43c9-aeab-86bcd60edfd1,0.47,false,false,near_mint,en,EUR,2026-08-22T15:39:25.224Z
Runic Armasaur,M19,Core Set 2019,200,normal,rare,1,1112,b445a0f0-2cca-4223-bd27-940d2cb6d29c,1.37,false,false,near_mint,en,EUR,2026-08-22T15:39:25.225Z
Disorienting Choice,DSC,Duskmourn: House of Horror Commander,32,normal,rare,1,98889,a756a35d-a630-41a2-8b3d-6f1bafd7409a,0.51,false,false,near_mint,en,EUR,2026-08-22T15:39:25.226Z
Tempt with Discovery,C16,Commander 2016,170,normal,rare,1,7184,6e70c0e8-afe0-4fcb-bda9-2d0d5ec4f2ee,1.34,false,false,near_mint,en,EUR,2026-08-22T15:39:25.227Z
Dictate of Karametra,JOU,Journey into Nyx,121,normal,rare,1,14528,d5114607-df8f-4e44-8ef5-b6af89964bbc,0.65,false,false,near_mint,en,EUR,2026-08-22T15:39:25.228Z
Cheering Crowd,SPM,Marvel's Spider-Man,126,normal,rare,1,108524,5fbce72f-e9a1-4d9f-b9b3-24dbafeef841,0.19,false,false,near_mint,en,EUR,2026-08-22T15:39:25.229Z
Stormfist Crusader,SCD,Starter Commander Decks,247,normal,rare,1,77327,4b91f3e2-8844-4a0c-bbcf-a156bff29bde,0.51,false,false,near_mint,en,EUR,2026-08-22T15:39:25.230Z
Lavalanche,C16,Commander 2016,209,normal,rare,1,7145,f663e19d-fc82-4905-9a09-68b99e1287b6,0.26,false,false,near_mint,en,EUR,2026-08-22T15:39:25.231Z
Overabundance,INV,Invasion,259,normal,rare,1,33074,4183e73d-609a-4292-b173-e39eb51949f3,2.19,false,false,near_mint,en,EUR,2026-08-22T15:39:25.232Z
Putrefy,EOC,Edge of Eternities Commander,124,normal,uncommon,1,106969,1e355b88-a73d-430b-95eb-8ba646f2e406,0.2,false,false,near_mint,en,EUR,2026-08-22T15:39:25.233Z
"Svella, Ice Shaper",KHM,Kaldheim,230,normal,uncommon,1,57025,a7054d48-5ed3-43a1-85e5-9f306b081b4f,0.16,false,false,near_mint,en,EUR,2026-08-22T15:39:25.234Z
"Xantcha, Sleeper Agent",CMM,Commander Masters,362,normal,rare,1,84620,91316746-ec2b-4c1a-b9c4-a870d6318c33,1.64,false,false,near_mint,en,EUR,2026-08-22T15:39:25.235Z
Mirror Shield,THB,Theros Beyond Death,234,normal,uncommon,2,46828,e7624e84-93ce-4983-8624-ebc934cab67f,0.29,false,false,near_mint,de,EUR,2026-08-22T15:39:25.215Z
Command Tower,CMR,Commander Legends,350,normal,common,6,55764,86424491-a372-40c4-bfb5-faa2b2d41d4c,0.3,false,false,near_mint,en,EUR,2026-08-22T15:43:01.116Z
Simic Signet,CMR,Commander Legends,471,normal,common,2,56094,6a8ce2ab-d3e6-486c-a577-2d4f2c750cde,0.18,false,false,near_mint,en,EUR,2026-08-22T15:43:01.117Z
Boros Signet,CMR,Commander Legends,459,normal,common,2,56147,a2ae6081-1876-42ea-a6f8-d18dbe55c4c4,0.6,false,false,near_mint,en,EUR,2026-08-22T15:43:01.118Z
"Mogis, God of Slaughter",BNG,Born of the Gods,151,normal,mythic,1,14809,2a0417bf-b735-46d7-9985-2d991051020f,3.11,false,false,near_mint,en,EUR,2026-08-22T15:43:01.119Z
Azorius Signet,C20,Commander 2020,238,normal,uncommon,1,50180,20c8186f-4874-4870-b99f-73d333045d9a,0.4,false,false,near_mint,en,EUR,2026-08-22T15:43:01.120Z
Sun Titan,C21,Commander 2021,106,normal,mythic,1,58713,dfbf6204-f08e-4bdc-904d-d617dabdfdd8,0.49,false,false,near_mint,en,EUR,2026-08-22T15:43:01.121Z
Myojin of Cryptic Dreams,NEC,Neon Dynasty Commander,33,normal,rare,1,66668,31142a36-3676-4ce4-9f5b-d9252fc30739,0.29,false,false,near_mint,en,EUR,2026-08-22T15:43:01.122Z
Teysa Karlov,RNA,Ravnica Allegiance,212,normal,rare,1,43653,bcfaa19e-995e-447d-a0a2-46e5d117d5ec,1.32,false,false,near_mint,en,EUR,2026-08-22T22:03:01.269Z
"Valki, God of Lies // Tibalt, Cosmic Impostor",KHM,Kaldheim,308,normal,mythic,1,57120,e3e5c965-a689-4726-b8c2-63b836895939,4.59,false,false,near_mint,en,EUR,2026-08-26T14:49:35.999Z
Khenra Scrapper,HOU,Hour of Devastation,100,normal,common,1,4575,e5d4caac-95e8-47bb-90c4-3bf877afdc57,0.09,false,false,near_mint,en,EUR,2026-08-26T14:49:36.000Z
Mine Collapse,MH2,Modern Horizons 2,135,normal,common,1,59563,56e2e8b5-660d-4469-a4fe-2367dfadb709,0.11,false,false,near_mint,en,EUR,2026-08-26T14:49:36.001Z
Wild-Magic Sorcerer,CLB,Commander Legends: Battle for Baldur's Gate,816,normal,rare,1,69633,b5de7331-d0c6-46a5-b08d-0e032db63223,6.7,false,false,near_mint,en,EUR,2026-08-26T14:49:36.002Z
Dark Ritual,MB2,Mystery Booster 2,179,normal,common,1,97110,ed01a644-f25c-44ee-aa42-688203032798,7.25,false,false,near_mint,en,EUR,2026-08-26T14:49:36.003Z
Rings of Brighthearth,CMR,Commander Legends,335,normal,rare,1,55757,838ffc87-517a-4d94-8ce0-bc9ed01ecc52,4.6,false,false,near_mint,en,EUR,2026-08-26T14:49:36.004Z
"Prosper, Tome-Bound",AFC,Forgotten Realms Commander,2,foil,mythic,1,60456,d743336e-d5c7-4053-a23d-92ec7581f74e,9.25,false,false,near_mint,en,EUR,2026-08-26T14:49:36.005Z
Jeska's Will,CMR,Commander Legends,187,normal,rare,1,55675,4e91d96d-cc69-439b-b876-a7d57039022c,31.56,false,false,near_mint,en,EUR,2026-08-26T14:49:36.006Z
Seize the Spoils,KHM,Kaldheim,149,normal,common,1,57051,b3b7a69c-75d2-49a6-ab56-ef608d0b0208,0.34,false,false,near_mint,en,EUR,2026-08-26T14:49:36.007Z
Replicating Ring,KHM,Kaldheim,244,normal,uncommon,1,57044,b079e285-8431-46aa-bb04-70cac586ed0b,0.36,false,false,near_mint,en,EUR,2026-08-26T14:49:36.008Z
Wildfire Devils,C21,Commander 2021,183,normal,rare,1,58737,f2181ef5-963a-4e3b-805d-b3a04f4bef5e,0.3,false,false,near_mint,en,EUR,2026-08-26T14:49:36.009Z
Dead Man's Chest,AFC,Forgotten Realms Commander,97,normal,rare,1,60771,7a0b60a2-50de-4328-85dc-040bf8a4dac9,0.35,false,false,near_mint,en,EUR,2026-08-26T14:49:36.010Z
You Find Some Prisoners,SLD,Secret Lair Drop,7100,normal,rare,1,111774,d0edf3df-4c36-4015-896b-a873bcb2893f,1.41,false,false,near_mint,en,EUR,2026-08-26T14:49:36.011Z
Spider-Verse,SPM,Marvel's Spider-Man,93,normal,mythic,1,108603,f8779eb2-1210-430d-8d42-3077053441ee,0.92,false,false,near_mint,en,EUR,2026-08-26T14:49:36.012Z
Dragonskull Summit,TMC,Teenage Mutant Ninja Turtles Eternal,64,normal,rare,1,111298,897976cb-a242-493e-b215-843bcdb6b44d,0.58,false,false,near_mint,en,EUR,2026-08-26T14:49:36.013Z
Mana Geyser,SOC,Secrets of Strixhaven Commander,247,normal,common,1,112158,dfbda387-3c7d-4c80-97c3-60c9d4757244,1.28,false,false,near_mint,en,EUR,2026-08-26T14:49:36.014Z
Plargg and Nassari,SOC,Secrets of Strixhaven Commander,250,normal,rare,1,112166,e66ee7c6-23bc-4fef-a566-35aee2064bd9,0.39,false,false,near_mint,en,EUR,2026-08-26T14:49:36.015Z
Big Score,SOA,Secrets of Strixhaven Mystical Archive,38,normal,rare,1,112390,c7b698a1-dff1-413f-ba4f-0298c686999a,1.28,false,false,near_mint,en,EUR,2026-08-26T14:49:36.016Z
Withering Torment,MSC,Marvel Super Heroes Commander,162,normal,uncommon,1,114210,06d44ada-f98e-405f-89d3-ac1002bfb854,1.33,false,false,near_mint,en,EUR,2026-08-26T14:49:36.018Z
Bedevil,MSC,Marvel Super Heroes Commander,182,normal,rare,1,114248,985b9779-b8f6-4d7e-9490-5d2b91ee8db2,0.28,false,false,near_mint,en,EUR,2026-08-26T14:49:36.019Z
Terminate,MSC,Marvel Super Heroes Commander,189,normal,uncommon,1,114221,379ffc67-4142-4ead-a871-0f851523745e,0.29,false,false,near_mint,en,EUR,2026-08-26T14:49:36.020Z
Blasphemous Act,MSC,Marvel Super Heroes Commander,358,normal,rare,1,114552,ce11c2bd-e4b2-4a90-94b1-35eb137fc557,2.02,false,false,near_mint,en,EUR,2026-08-26T14:49:36.021Z
The Infamous Cruelclaw,BLB,Bloomburrow,219,normal,mythic,1,95973,dc6c9196-6d28-4cc2-9748-60e9632a502b,1.49,false,false,near_mint,en,EUR,2026-08-26T14:49:36.022Z
Charred Foyer // Warped Space,DSK,Duskmourn: House of Horror,129,foil,mythic,1,98883,a128e6d1-b90f-45a1-b587-f8c29bd0ec8c,1.98,false,false,near_mint,en,EUR,2026-08-26T14:49:36.023Z
Read the Bones,DSC,Duskmourn: House of Horror Commander,154,normal,common,1,99301,b3198f96-f9d8-494f-a556-24ce3ad3895d,0.48,false,false,near_mint,en,EUR,2026-08-26T14:49:36.024Z
Sign in Blood,DSC,Duskmourn: House of Horror Commander,156,normal,common,1,99312,b89d9372-8682-4a61-a003-8bccfbb6cbb4,1.02,false,false,near_mint,en,EUR,2026-08-26T14:49:36.025Z
Bojuka Bog,DSC,Duskmourn: House of Horror Commander,265,normal,common,1,99381,e286c618-ef42-433f-ade9-0c1235a295e3,1.81,false,false,near_mint,en,EUR,2026-08-26T14:49:36.026Z
Smoldering Marsh,DSC,Duskmourn: House of Horror Commander,299,normal,rare,1,99310,b73bf995-678e-484d-8df8-ae63873f3118,0.33,false,false,near_mint,en,EUR,2026-08-26T14:49:36.027Z
Chain Reaction,DRC,Aetherdrift Commander,47,normal,rare,1,103038,4ec4e917-97c8-4b68-ba83-514d5c29679f,0.3,false,false,near_mint,en,EUR,2026-08-26T14:49:36.028Z
"Kefka, Dancing Mad",FIC,Final Fantasy Commander,84,normal,rare,1,105853,21cfc161-11b8-4253-a872-3b08a13b6991,0.66,false,false,near_mint,en,EUR,2026-08-26T14:49:36.029Z
Exotic Orchard,FIC,Final Fantasy Commander,390,normal,rare,1,105912,47c2b572-b54a-444c-8d74-b005e94d751f,0.23,false,false,near_mint,en,EUR,2026-08-26T14:49:36.030Z
Rakdos Charm,EOC,Edge of Eternities Commander,125,normal,uncommon,1,107041,64b67170-1602-4050-80c0-ade2a6cac211,0.72,false,false,near_mint,en,EUR,2026-08-26T14:49:36.031Z
Outrageous Robbery,MKM,Murders at Karlov Manor,97,normal,rare,1,91152,b87813fa-ad12-4062-bb9e-436d8418fba5,0.54,false,false,near_mint,en,EUR,2026-08-26T14:49:36.032Z
Chaos Warp,PIP,Fallout,189,normal,rare,1,92501,9a4d0e40-d771-458e-b705-1d2bef8c200e,0.57,false,false,near_mint,en,EUR,2026-08-26T14:49:36.033Z
Heartless Conscription,OTC,Outlaws of Thunder Junction Commander,21,normal,rare,1,93629,52fc4862-b57b-42d7-be8b-d9915a0bb4fd,1.08,false,false,near_mint,en,EUR,2026-08-26T14:49:36.034Z
Cunning Rhetoric,OTC,Outlaws of Thunder Junction Commander,129,normal,rare,1,93607,4a163794-db93-4cf6-a2ea-1af288109dc1,1.84,false,false,near_mint,en,EUR,2026-08-26T14:49:36.035Z
Dire Fleet Daredevil,OTC,Outlaws of Thunder Junction Commander,162,normal,rare,1,93768,9de2ad47-c6d5-4cd8-ae32-66ae167e25a0,0.27,false,false,near_mint,en,EUR,2026-08-26T14:49:36.036Z
Party Thrasher,MH3,Modern Horizons 3,129,normal,rare,1,94591,b7f8bb8d-c46a-4531-9525-6981a222b468,0.44,false,false,near_mint,en,EUR,2026-08-26T14:49:36.037Z
Fell the Profane // Fell Mire,MH3,Modern Horizons 3,244,normal,uncommon,1,94566,a3cb782d-c459-468d-9779-9b5669abc337,4.4,false,false,near_mint,en,EUR,2026-08-26T14:49:36.038Z
Bloodsoaked Insight // Sanguine Morass,MH3,Modern Horizons 3,252,normal,uncommon,1,94332,0a08e0d2-1e60-47f5-9228-4c11a127089d,0.22,false,false,near_mint,en,EUR,2026-08-26T14:49:36.039Z
Bismuth Mindrender,M3C,Modern Horizons 3 Commander,51,normal,rare,1,95037,d1ee8ead-df6a-4c02-83f7-2902d97132b8,0.26,false,false,near_mint,en,EUR,2026-08-26T14:49:36.040Z
Cruelclaw's Heist,BLB,Bloomburrow,88,normal,rare,1,96121,cab4539a-0157-4cbe-b50f-6e2575df74e9,0.49,false,false,near_mint,en,EUR,2026-08-26T14:49:36.041Z
Sulfurous Springs,PDMU,Dominaria United Promos,256p,normal,rare,1,72092,38946e0d-3d46-487a-b0dd-0d0be3e018b8,2.23,false,false,near_mint,en,EUR,2026-08-26T14:49:36.042Z
The Ruinous Powers,40K,"Warhammer 40,000 Commander",139,normal,rare,1,72499,b8656aab-e22d-4f97-a8e6-a69f1dbffd09,0.79,false,false,near_mint,en,EUR,2026-08-26T14:49:36.043Z
Foreboding Ruins,40K,"Warhammer 40,000 Commander",279,normal,rare,1,72325,31e1c45c-eb7b-4ae6-9dd2-e65d9ef00686,0.48,false,false,near_mint,en,EUR,2026-08-26T14:49:36.044Z
"Gix, Yawgmoth Praetor",PBRO,The Brothers' War Promos,95p,normal,mythic,1,76949,425ae9d7-f198-4ace-9a2c-ebc8845a71ce,1.53,false,false,near_mint,en,EUR,2026-08-26T14:49:36.045Z
Rakdos Signet,SCD,Starter Commander Decks,272,normal,uncommon,1,77497,b75d1464-8c8b-4a1a-90c5-3ff21e8d1a5b,1.47,false,false,near_mint,en,EUR,2026-08-26T14:49:36.046Z
Talisman of Indulgence,SCD,Starter Commander Decks,282,normal,uncommon,1,77233,09d2ef86-06e5-4857-9a2e-570871573298,2.36,false,false,near_mint,en,EUR,2026-08-26T14:49:36.047Z
Rowan's Talent,MOC,March of the Machine Commander,77,normal,rare,1,81340,43e4ca86-0ba5-457c-bd18-9c4cc63e47d3,0.29,false,false,near_mint,en,EUR,2026-08-26T14:49:36.048Z
Geode Golem,CMM,Commander Masters,386,normal,uncommon,1,85080,fa912283-c28e-4594-aca9-21d82d8cf006,0.19,false,false,near_mint,en,EUR,2026-08-26T14:49:36.049Z
Decadent Dragon // Expensive Taste,WOE,Wilds of Eldraine,223,normal,rare,1,85338,315cbbf7-a2ad-4565-9877-1e903d7fd797,1.0,false,false,near_mint,en,EUR,2026-08-26T14:49:36.050Z
Ensnared by the Mara,WHO,Doctor Who,84,normal,rare,1,87078,11454c82-3f1d-4456-8857-0dcb01d34298,6.28,false,false,near_mint,en,EUR,2026-08-26T14:49:36.051Z
Chaos Wand,AFC,Forgotten Realms Commander,201,normal,rare,1,60703,4d50a9d5-4eb7-4eb9-bdf5-5a7703b4c6b6,0.3,false,false,near_mint,en,EUR,2026-08-26T14:49:36.052Z
"Isshin, Two Heavens as One",NEO,Kamigawa: Neon Dynasty,488,foil,rare,1,66840,f26eeb39-77ab-4e60-8b10-1420e755c372,9.41,false,false,near_mint,en,EUR,2026-08-26T14:49:36.053Z
Human Monk,TNEO,Kamigawa: Neon Dynasty Tokens,10,foil,common,2,67116,86dd086e-c757-4a6a-8838-51860f2095f8,,false,false,near_mint,en,EUR,2026-08-26T14:49:36.054Z
Spinerock Knoll,NCC,New Capenna Commander,429,normal,rare,1,68355,acd4d8c9-fe97-4bed-87a4-d7f0f99c00e2,1.08,false,false,near_mint,en,EUR,2026-08-26T14:49:36.055Z
"Arvinox, the Mind Flail",SLX,Universes Within,1,normal,mythic,1,67451,c83542de-38ca-4aad-acba-189374be37e2,0.55,false,false,near_mint,en,EUR,2026-08-26T14:49:36.056Z
Elder Brain,CLB,Commander Legends: Battle for Baldur's Gate,125,foil,rare,1,67524,b82a13bf-da32-4c12-a9dd-271d8ca45c21,0.93,false,false,near_mint,en,EUR,2026-08-26T14:49:36.057Z
"Gonti, Lord of Luxury",CLB,Commander Legends: Battle for Baldur's Gate,753,normal,rare,1,69509,4cedbfd3-907f-4042-98c1-6fe3fb8cbc01,0.21,false,false,near_mint,en,EUR,2026-08-26T14:49:36.058Z
"Etali, Primal Storm",CLB,Commander Legends: Battle for Baldur's Gate,793,normal,rare,1,69729,fc068c30-d677-4a7d-815f-f976e4787f4b,0.55,false,false,near_mint,en,EUR,2026-08-26T14:49:36.059Z
Stolen Strategy,CLB,Commander Legends: Battle for Baldur's Gate,807,normal,rare,1,69554,6e37dde2-2ad4-46c6-ab69-8487f8a2bdb6,0.32,false,false,near_mint,en,EUR,2026-08-26T14:49:36.060Z
Fabled Passage,MSC,Marvel Super Heroes Commander,242,foil,rare,1,114151,62ef854d-ec9e-443d-a4ba-4b2875ed3fe7,3.04,false,false,near_mint,en,EUR,2026-08-26T14:49:36.061Z
Icy Manalith,TKHM,Kaldheim Tokens,17,normal,common,2,56832,3db39e3b-fad4-4c9b-911f-69883ac7e0e1,0.25,false,false,near_mint,en,EUR,2026-08-26T15:07:56.714Z
Beast,T2XM,Double Masters Tokens,13,normal,common,4,52033,d270aeed-b15f-46f9-97ba-ccce562caefa,0.31,false,false,near_mint,en,EUR,2026-08-26T15:07:56.715Z
Beast,TCN2,Conspiracy: Take the Crown Tokens,10,normal,common,4,7865,ac453b05-4eb3-42f2-99e7-40e29558c50a,0.22,false,false,near_mint,en,EUR,2026-08-26T15:07:56.716Z
Manifest,TC18,Commander 2018 Tokens,1,normal,common,4,535,d6fb189b-20a3-4ba4-86ec-f84513e0281a,0.25,false,false,near_mint,en,EUR,2026-08-26T15:07:56.717Z
Ape,T2XM,Double Masters Tokens,12,normal,common,1,52070,ee2d434d-5d9b-4475-b421-6d004c988997,0.29,false,false,near_mint,en,EUR,2026-08-26T15:07:56.718Z
Frantic Search,CMM,Commander Masters,632,normal,common,1,84699,a4a2a4ce-a44b-480b-b1a2-94fb2514c082,0.72,false,false,near_mint,en,EUR,2026-08-27T12:11:12.754Z
Eternal Witness,CMM,Commander Masters,286,normal,uncommon,1,84251,39704000-65d3-4d39-849e-a3b617376bbc,0.65,false,false,near_mint,en,EUR,2026-08-27T12:11:12.761Z
All That Glitters,CMM,Commander Masters,622,foil,common,1,84486,71b2bf55-6b24-4f63-bbb0-98471c167405,0.86,false,false,near_mint,en,EUR,2026-08-27T12:11:12.767Z
Rogue's Passage,CMM,Commander Masters,426,normal,uncommon,1,84315,481c877e-0188-427f-8de2-25ad82d7cadb,0.4,false,false,near_mint,en,EUR,2026-08-27T12:11:12.777Z
Reliquary Tower,CMM,Commander Masters,425,normal,uncommon,1,85020,ec1d8a99-8a06-4e51-9277-96edb6899b29,2.85,false,false,near_mint,en,EUR,2026-08-27T12:11:12.778Z
Hellkite Charger,CMM,Commander Masters,232,normal,rare,1,84438,6836c646-83ff-4bf8-96dd-4cbdd6c7e861,2.03,false,false,near_mint,en,EUR,2026-08-27T12:11:12.782Z
"Kaho, Minamo Historian",CMM,Commander Masters,101,foil,uncommon,1,84517,7a5ad263-6b0d-4eaa-bc5a-16f5077206e1,0.14,false,false,near_mint,en,EUR,2026-08-27T12:11:12.783Z
The Monarch,TCMM,Commander Masters Tokens,50,normal,common,1,84040,0cd9c491-6ba0-4484-822c-73bcbe9b0c49,0.45,false,false,near_mint,en,EUR,2026-08-27T12:11:12.784Z
Island,CMM,Commander Masters,441,foil,common,1,84502,75edde64-3589-424d-bfe1-714c4eaba019,0.85,false,false,near_mint,en,EUR,2026-08-27T12:11:12.785Z
Deadly Recluse,CMM,Commander Masters,282,normal,common,1,84917,d432d17e-052b-4a81-bad8-14babf6e593f,0.1,false,false,near_mint,en,EUR,2026-08-27T12:11:12.787Z
Windcaller Aven,CMM,Commander Masters,133,normal,common,1,84922,d4f1e538-9e68-4481-9bd6-3d37e20645f2,0.13,false,false,near_mint,en,EUR,2026-08-27T12:11:12.788Z
Twisted Abomination,CMM,Commander Masters,194,normal,common,1,84524,7bcaee2c-fad7-4ee2-8fe7-20b2c1eee5c5,0.02,false,false,near_mint,en,EUR,2026-08-27T12:11:12.789Z
Vizier of Tumbling Sands,CMM,Commander Masters,131,normal,common,1,84724,a9aef509-50f0-4848-87d5-3c169453186f,0.22,false,false,near_mint,en,EUR,2026-08-27T12:11:12.790Z
Ash Barrens,CMM,Commander Masters,419,normal,common,1,84968,df0693ae-55f9-4864-b5db-383715a04d21,0.13,false,false,near_mint,en,EUR,2026-08-27T12:11:12.791Z
Spectral Searchlight,CMM,Commander Masters,411,normal,uncommon,1,84375,542eed4a-8a15-4829-8bc3-5637574e1398,0.09,false,false,near_mint,en,EUR,2026-08-27T12:11:12.792Z
Arcane Signet,CMM,Commander Masters,367,normal,uncommon,1,84000,0539b83c-4459-41b5-a001-d15a1c9ddf23,0.51,false,false,near_mint,en,EUR,2026-08-27T12:11:12.793Z
Lightning Greaves,CMM,Commander Masters,398,normal,uncommon,1,84214,331013f6-976a-4dac-9939-1006e474e108,3.86,false,false,near_mint,en,EUR,2026-08-27T12:11:12.794Z
"Padeem, Consul of Innovation",CMM,Commander Masters,109,normal,uncommon,1,83975,00a4aef8-64fc-4e9d-adac-ef4c85d40b4a,0.48,false,false,near_mint,en,EUR,2026-08-27T12:11:12.796Z
"Mangara, the Diplomat",CMM,Commander Masters,42,normal,rare,1,84021,09e77ae5-a1a6-4e51-9853-10e81ca2dd2c,0.61,false,false,near_mint,en,EUR,2026-08-27T12:11:12.797Z
Insurrection,CMM,Commander Masters,236,foil,mythic,1,84973,df8a0a8c-1953-46e6-9da5-b4c20909ce1c,7.38,false,false,near_mint,en,EUR,2026-08-27T12:11:12.799Z
Clue,TCMM,Commander Masters Tokens,40,normal,common,1,84397,5adbbaa4-b1e3-4c5f-a1c7-aa294f838c54,0.24,false,false,near_mint,en,EUR,2026-08-27T12:11:12.800Z
Sandstone Oracle,CMM,Commander Masters,406,normal,uncommon,1,84852,c7333ea3-2c98-405a-a5cc-eecba9b14a00,0.21,false,false,near_mint,en,EUR,2026-08-27T12:11:12.809Z
Frontier Warmonger,CMM,Commander Masters,224,normal,uncommon,1,84245,39282507-8921-43e3-a836-f73ba6da5623,0.19,false,false,near_mint,en,EUR,2026-08-27T12:11:12.810Z
Star of Extinction,CMM,Commander Masters,259,normal,rare,1,84366,526d13cb-3616-4ac8-9ac0-04c729d447b2,0.85,false,false,near_mint,en,EUR,2026-08-27T12:11:12.814Z
Arcane Signet,CMM,Commander Masters,367,foil,uncommon,1,84000,0539b83c-4459-41b5-a001-d15a1c9ddf23,1.64,false,false,near_mint,en,EUR,2026-08-27T12:11:12.815Z
Fallen Ideal,PLST,The List,C15-125,normal,uncommon,1,86024,1cb1d1b4-5b1b-4ee5-b24a-07940adc07e1,0.4,false,false,near_mint,en,EUR,2026-08-27T12:11:12.816Z
Corpse Augur,CMM,Commander Masters,145,normal,uncommon,1,84082,14fc0dfb-663a-4713-902e-96dbecc404b7,0.07,false,false,near_mint,en,EUR,2026-08-27T12:11:12.823Z
Animal Magnetism,CMM,Commander Masters,271,normal,uncommon,1,84844,c64860ab-9b10-4587-a1db-05b3797df3a7,0.07,false,false,near_mint,en,EUR,2026-08-27T12:11:12.824Z
Capture of Jingzhou,CMM,Commander Masters,79,normal,mythic,1,80430,f87d0298-f76b-4ea8-82c4-5861c4539d8b,6.16,false,false,near_mint,en,EUR,2026-08-27T12:11:12.830Z
Firemind Vessel,CMM,Commander Masters,383,foil,common,1,84091,165eee28-202d-4543-87b4-b9d39e8c8472,0.15,false,false,near_mint,en,EUR,2026-08-27T12:11:12.831Z